,issue_id,version_name,version_id
0,97777,8.4.2,16404
1,97773,8.4.2,16404
2,97525,8.4.2,16404
3,97521,8.4,15833
4,97347,8.4.2,16404
5,96944,7.9.4,15832
6,96944,8.4.1,16358
7,96934,8.4.1,16358
8,96887,8.4.1,16358
9,96862,8.4.1,16358
10,96774,8.4.1,16358
11,96772,8.4.1,16358
12,96767,8.4.1,16358
13,96742,8.4.1,16358
14,96741,8.4.1,16358
15,96716,8.4.1,16358
16,96709,7.9,14945
17,96647,8.4,15833
18,96646,8.4,15833
19,96608,8.4,15833
20,96440,8.4.1,16358
21,96410,8.3.1,15930
22,96398,8.4,15833
23,96061,8.4.1,16358
24,95887,8.4,15833
25,95800,8.4,15833
26,95777,8.3,15640
27,95773,8.4,15833
28,95772,8.4,15833
29,95717,7.9,14945
30,95717,7.9.1,15029
31,95717,7.9.2,15039
32,95717,7.9.3,15329
33,95717,8.0,14962
34,95717,8.1,15243
35,95562,8.4,15833
36,95560,8.3.1,15930
37,94882,7.7,14848
38,94773,8.3.1,15930
39,94643,8.1,15243
40,94267,7.9.3,15329
41,94267,8.3,15640
42,94237,8.3,15640
43,94188,8.3,15640
44,94173,8.3,15640
45,94087,8.4,15833
46,94060,8.3,15640
47,93829,8.2,15301
48,93650,8.2,15301
49,93649,8.2,15301
50,93606,8.2,15301
51,93404,8.2,15301
52,93320,8.2,15301
53,93318,8.2,15301
54,93282,8.3,15640
55,93207,8.2,15301
56,93028,7.7,14848
57,93028,7.8,14939
58,93028,7.9,14945
59,93028,8.0,14962
60,93028,8.1,15243
61,93028,8.2,15301
62,92962,8.2,15301
63,92745,8.2,15301
64,92726,7.8,14939
65,92680,8.1,15243
66,92491,7.9,14945
67,92491,8.1,15243
68,92491,8.2,15301
69,92445,7.8,14939
70,92428,7.9,14945
71,92358,8.1,15243
72,92178,8.1,15243
73,92162,8.1,15243
74,92063,7.7,14848
75,91909,8.1,15243
76,91834,7.9,14945
77,91526,8.1,15243
78,91341,8.1,15243
79,91330,7.9,14945
80,91330,8.1,15243
81,90898,7.4,14549
82,90872,7.9,14945
83,90872,8.0,14962
84,90612,7.9,14945
85,90612,8.0,14962
86,90568,7.9.1,15029
87,90568,8.0,14962
88,90434,7.9.1,15029
89,90321,7.8,14939
90,90321,7.9,14945
91,90321,7.9.1,15029
92,90321,8.0,14962
93,90155,7.9,14945
94,90155,8.4,15833
95,90108,8.1,15243
96,89819,8.0,14962
97,89671,8.0,14962
98,89596,8.0,14962
99,89571,8.0,14962
100,89435,7.9.1,15029
101,89428,8.0,14962
102,89425,8.0,14962
103,89375,8.0,14962
104,89293,7.9.1,15029
105,89140,7.8,14939
106,89140,7.9,14945
107,89136,7.9.1,15029
108,89125,7.9.1,15029
109,89082,7.9,14945
110,89065,8.0,14962
111,89055,7.9.1,15029
112,88912,7.9.1,15029
113,88792,7.9.1,15029
114,88642,7.9.1,15029
115,88615,7.9,14945
116,88525,7.9,14945
117,88282,7.9,14945
118,88239,7.9,14945
119,88136,7.9.1,15029
120,88021,7.9,14945
121,88021,7.9.1,15029
122,88019,7.9.1,15029
123,88013,6.7.7,14865
124,88013,7.9.1,15029
125,87914,7.9.1,15029
126,87912,7.9.1,15029
127,87839,7.9.1,15029
128,87610,7.9,14945
129,87605,7.9.1,15029
130,87342,7.9.1,15029
131,87284,7.9,14945
132,87281,7.9.1,15029
133,87199,7.9.1,15029
134,87003,7.9.1,15029
135,86937,6.0,13026
136,86937,6.1,13287
137,86937,6.2,13327
138,86937,6.3,13470
139,86937,6.4,13697
140,86937,6.5,13805
141,86937,6.6,13961
142,86937,6.7.7,14865
143,86937,7.0,14041
144,86937,7.1,14178
145,86937,7.2,14213
146,86937,7.3,14464
147,86937,7.4,14549
148,86937,7.5,14693
149,86937,7.6,14753
150,86937,7.7,14848
151,86937,7.8,14939
152,86937,7.9.1,15029
153,86889,7.9,14945
154,86889,7.9.1,15029
155,86790,7.9.1,15029
156,86735,7.7,14848
157,86732,7.9.1,15029
158,86717,7.9.1,15029
159,86652,7.9.1,15029
160,86651,7.9.1,15029
161,86618,7.9.1,15029
162,86579,8.0,14962
163,86578,8.0,14962
164,86497,7.9.1,15029
165,86491,7.0,14041
166,86491,7.1,14178
167,86491,7.2,14213
168,86491,7.3,14464
169,86491,7.4,14549
170,86491,7.5,14693
171,86491,7.6,14753
172,86491,7.7,14848
173,86491,7.8,14939
174,86491,7.9.1,15029
175,86478,7.9,14945
176,86163,7.9,14945
177,86135,7.9,14945
178,86092,7.9,14945
179,86091,7.9,14945
180,85969,7.9,14945
181,85923,7.8,14939
182,85793,7.8,14939
183,85642,7.7,14848
184,85621,7.8,14939
185,85538,7.7,14848
186,85443,7.7,14848
187,85365,7.5,14693
188,85169,8.0,14962
189,85022,7.7,14848
190,84883,7.7,14848
191,84770,7.2,14213
192,84574,7.7,14848
193,84492,7.8,14939
194,84392,7.8,14939
195,84334,3.5,11598
196,84320,7.8,14939
197,84319,7.8,14939
198,84174,7.3,14464
199,84062,6.7,13972
200,83944,7.7,14848
201,80971,7.7,14848
202,83640,7.7,14848
203,83638,7.7,14848
204,83384,6.7.6,14621
205,83383,6.7.6,14621
206,83383,7.7,14848
207,83334,6.7.5,14467
208,83296,7.7,14848
209,83296,7.8,14939
210,83292,7.7,14848
211,83221,7.7,14848
212,83168,7.7,14848
213,83062,7.6,14753
214,82858,7.6,14753
215,82679,7.6,14753
216,82602,6.7,13972
217,82515,7.6,14753
218,82329,6.7,13972
219,82329,7.6,14753
220,82116,7.6,14753
221,82114,6.7,13972
222,82026,7.6,14753
223,81988,7.6,14753
224,81832,7.5,14693
225,81358,7.6,14753
226,81286,6.7,13972
227,81223,6.7.1,14137
228,81223,7.6,14753
229,81114,7.6,14753
230,80776,7.5,14693
231,80351,7.5,14693
232,79703,7.4,14549
233,79555,7.4,14549
234,79512,7.3,14464
235,79471,7.4,14549
236,79356,7.4,14549
237,79309,7.4,14549
238,79249,7.4,14549
239,79245,7.4,14549
240,79031,7.4,14549
241,79030,7.4,14549
242,78983,7.4,14549
243,78785,6.7.5,14467
244,78785,7.4,14549
245,78773,7.4,14549
246,78612,7.4,14549
247,78514,7.4,14549
248,78497,7.4,14549
249,78423,7.4,14549
250,78333,7.4,14549
251,78287,7.4,14549
252,78282,7.4,14549
253,78282,7.5,14693
254,78267,6.7.4,14377
255,78267,7.4,14549
256,78267,7.5,14693
257,77898,7.3,14464
258,77851,7.3,14464
259,77534,7.3,14464
260,77400,7.3,14464
261,77398,7.3,14464
262,76897,7.3,14464
263,76792,7.3,14464
264,76791,7.3,14464
265,76789,7.3,14464
266,76787,7.3,14464
267,76713,7.2,14213
268,76712,7.0,14041
269,76701,6.7,13972
270,76515,7.3,14464
271,76448,6.7.1,14137
272,76375,7.3,14464
273,76271,7.3,14464
274,76077,7.3,14464
275,75927,7.3,14464
276,75816,7.2.1,14517
277,75816,7.3,14464
278,75809,6.7,13972
279,75704,7.3,14464
280,75661,6.7,13972
281,75661,7.3,14464
282,75660,7.3,14464
283,75648,6.7,13972
284,75648,7.0,14041
285,75625,6.7,13972
286,75625,7.0,14041
287,75619,7.1,14178
288,75613,7.2,14213
289,75593,7.3,14464
290,75495,7.3,14464
291,75394,6.7.4,14377
292,75394,7.2.1,14517
293,75353,6.6,13961
294,75332,7.3,14464
295,75253,7.2,14213
296,75162,7.2,14213
297,75055,7.2,14213
298,74998,5.6.3,13420
299,74964,7.2,14213
300,74561,7.2,14213
301,74435,7.1,14178
302,74420,7.3,14464
303,74366,7.2,14213
304,74268,7.2,14213
305,74238,7.2,14213
306,74214,7.2,14213
307,74113,6.7.1,14137
308,74078,7.2,14213
309,74024,7.2,14213
310,74006,7.2,14213
311,74004,7.2,14213
312,73959,7.2,14213
313,73900,7.2,14213
314,72175,7.1,14178
315,70519,7.0,14041
316,73775,6.7,13972
317,73775,7.1,14178
318,73581,6.7,13972
319,73486,7.1,14178
320,73425,7.1,14178
321,73398,7.2,14213
322,73314,6.7.3,14264
323,73201,5.6.7,13778
324,73201,6.7.4,14377
325,73201,7.1,14178
326,73162,6.7,13972
327,73129,6.7,13972
328,73129,7.1,14178
329,73116,6.7,13972
330,73116,7.1,14178
331,73038,7.4,14549
332,72928,7.0,14041
333,71937,7.1,14178
334,71489,7.1,14178
335,48664,6.7,13972
336,48677,6.7,13972
337,69913,7.0,14041
338,71936,7.1,14178
339,72807,6.7.3,14264
340,72807,7.1,14178
341,72800,6.7.3,14264
342,72780,7.1,14178
343,72714,6.7,13972
344,72714,7.0,14041
345,72714,7.1,14178
346,72638,7.1,14178
347,72569,7.1,14178
348,72509,6.7,13972
349,72509,7.0,14041
350,72509,7.1,14178
351,72075,7.1,14178
352,71970,6.4,13697
353,71900,6.7,13972
354,71731,7.2,14213
355,71484,7.2,14213
356,71465,7.1,14178
357,71463,7.1,14178
358,71432,6.7.3,14264
359,71409,7.1,14178
360,71357,6.7,13972
361,71357,6.7.3,14264
362,71356,7.0,14041
363,71349,6.7.2,14191
364,71303,7.0,14041
365,71270,6.2,13327
366,71158,7.1,14178
367,70943,7.0,14041
368,70861,7.0,14041
369,70832,6.7,13972
370,70517,7.0,14041
371,70516,7.0,14041
372,70515,6.7,13972
373,70300,6.7.2,14191
374,70300,7.0,14041
375,70010,7.1,14178
376,70006,7.1,14178
377,70004,7.1,14178
378,69914,7.0,14041
379,69835,7.0,14041
380,69834,6.7,13972
381,69829,6.7,13972
382,69819,7.0,14041
383,69555,6.7,13972
384,69280,6.7,13972
385,69201,6.7,13972
386,69201,6.7.1,14137
387,69196,6.3,13470
388,69191,6.3,13470
389,69023,6.7,13972
390,68976,7.0,14041
391,68890,6.7.1,14137
392,68888,7.0,14041
393,68874,6.7.1,14137
394,68631,6.7,13972
395,68586,6.7.1,14137
396,68469,6.7,13972
397,68468,5.6,12869
398,68468,6.7,13972
399,68403,6.7,13972
400,68323,6.7,13972
401,68323,6.7.1,14137
402,68281,6.7.1,14137
403,68183,6.7,13972
404,68133,7.0,14041
405,68128,6.7.1,14137
406,68105,6.4,13697
407,68069,6.7,13972
408,68029,6.7,13972
409,68029,6.7.1,14137
410,67969,6.7,13972
411,67969,6.7.1,14137
412,67909,7.0,14041
413,67831,6.7,13972
414,67807,6.4,13697
415,67807,6.5,13805
416,67807,6.6,13961
417,67807,6.7,13972
418,67783,6.6,13961
419,67704,6.7,13972
420,67592,6.7,13972
421,67579,5.6,12869
422,67571,6.7,13972
423,67477,6.7,13972
424,67477,7.0,14041
425,67474,6.7,13972
426,67474,7.0,14041
427,67465,6.7,13972
428,67378,6.7,13972
429,67246,6.7,13972
430,67220,6.7,13972
431,67122,6.7,13972
432,67121,6.0,13026
433,67072,6.7,13972
434,67051,6.5,13805
435,67028,6.7,13972
436,67025,7.0,14041
437,67007,6.7,13972
438,66864,6.7,13972
439,66858,6.7,13972
440,66794,6.5,13805
441,66794,6.6,13961
442,66794,6.7,13972
443,66793,6.7,13972
444,66792,6.7,13972
445,66773,6.7,13972
446,66704,6.7,13972
447,66702,6.7,13972
448,66592,6.7,13972
449,66569,6.7,13972
450,66562,6.7,13972
451,66560,6.7,13972
452,66380,6.7,13972
453,66093,6.6,13961
454,65935,6.6,13961
455,65918,6.6,13961
456,65905,6.6,13961
457,65850,6.6,13961
458,65845,6.6,13961
459,65733,6.6,13961
460,65703,6.6,13961
461,65677,6.6,13961
462,65669,6.6,13961
463,65644,6.6,13961
464,65643,6.6,13961
465,65635,6.6,13961
466,65543,5.6.7,13778
467,65543,6.5,13805
468,65531,6.5,13805
469,65466,6.2,13327
470,65466,6.6-M1,14014
471,65416,6.6,13961
472,65389,6.5,13805
473,65376,6.6,13961
474,65372,6.6,13961
475,65370,6.6,13961
476,65320,5.6.6,13718
477,65197,5.6.7,13778
478,65197,6.5,13805
479,65171,6.3.1,13767
480,65144,5.6.6,13718
481,65144,6.5,13805
482,65099,6.5,13805
483,65012,5.6.6,13718
484,65001,6.6,13961
485,64922,5.6,12869
486,64912,6.4,13697
487,64911,6.6-M1,14014
488,64563,6.5,13805
489,64560,6.5,13805
490,64532,6.5,13805
491,64303,6.5,13805
492,64296,6.3,13470
493,64193,6.3,13470
494,64193,6.4,13697
495,64193,6.5,13805
496,64192,5.6.6,13718
497,64192,6.5,13805
498,64105,6.5,13805
499,63979,6.5,13805
500,63977,6.5,13805
501,63975,6.5,13805
502,63967,6.5,13805
503,63926,6.5,13805
504,63866,6.5,13805
505,63753,6.5,13805
506,63658,6.4,13697
507,63264,6.4,13697
508,63256,6.5,13805
509,63169,6.4,13697
510,63153,6.4,13697
511,62775,6.4,13697
512,62773,6.4,13697
513,62746,5.6.6,13718
514,62726,6.4,13697
515,62693,6.4,13697
516,62563,6.2,13327
517,62486,6.4,13697
518,62484,6.5-M1,13942
519,62474,6.4,13697
520,62282,6.4,13697
521,62190,6.3,13470
522,62190,6.4,13697
523,62146,6.4,13697
524,62075,6.4,13697
525,62072,6.4,13697
526,62069,6.4,13697
527,62057,6.4,13697
528,62054,6.4,13697
529,62016,6.3,13470
530,61882,6.4,13697
531,61881,5.6.6,13718
532,61875,5.6.6,13718
533,61828,6.4,13697
534,61828,6.5,13805
535,61825,6.4,13697
536,61798,6.7.3,14264
537,61764,5.6.6,13718
538,61744,6.4,13697
539,61728,6.4,13697
540,61727,6.4,13697
541,61649,5.6.6,13718
542,61422,6.4,13697
543,61417,6.4,13697
544,61409,6.3,13470
545,61045,5.6.6,13718
546,61045,6.4,13697
547,61001,6.6,13961
548,60920,6.2,13327
549,60920,6.3.1,13767
550,60920,6.3.2,13796
551,60880,6.4,13697
552,60752,6.4,13697
553,60525,6.3,13470
554,60517,6.3,13470
555,60472,6.3.2,13796
556,60235,5.6.3,13420
557,60235,6.3.1,13767
558,60210,6.3,13470
559,60210,6.3.1,13767
560,60210,6.4,13697
561,60170,6.3,13470
562,60170,6.3.1,13767
563,60098,6.0,13026
564,60005,6.3,13470
565,59964,6.3,13470
566,59859,6.2,13327
567,59841,5.6.3,13420
568,59841,6.0,13026
569,59591,6.3,13470
570,59576,5.6.6,13718
571,59546,6.2,13327
572,59546,6.3,13470
573,59494,6.3,13470
574,59261,6.0,13026
575,59186,6.3,13470
576,59138,6.3,13470
577,59073,6.3,13470
578,58907,6.2,13327
579,58892,6.3,13470
580,58595,6.3,13470
581,58576,6.3,13470
582,58569,6.3,13470
583,58498,5.6,12869
584,58438,5.6.4,13483
585,58438,5.6.5,13660
586,58438,5.6.6,13718
587,58316,6.1,13287
588,58269,6.3,13470
589,58181,6.3,13470
590,57984,6.2,13327
591,57977,6.3,13470
592,57491,5.6.5,13660
593,57491,6.2,13327
594,57468,6.2,13327
595,57453,5.6,12869
596,57161,5.6.5,13660
597,57161,6.2,13327
598,57020,5.6,12869
599,57020,6.2,13327
600,56734,6.2,13327
601,56588,6.2,13327
602,56542,6.2,13327
603,56533,5.6.4,13483
604,56241,5.5,12940
605,56179,6.2,13327
606,56127,5.6.4,13483
607,56089,6.2,13327
608,55966,6.2,13327
609,55943,6.2,13327
610,55703,6.2,13327
611,55683,6.2,13327
612,55613,6.0,13026
613,55613,6.1,13287
614,55613,6.2,13327
615,55597,6.2,13327
616,55532,6.2,13327
617,55466,6.2,13327
618,55462,5.2,11629
619,55462,5.6.3,13420
620,55462,6.2,13327
621,55421,5.6,12869
622,55387,6.2,13327
623,55261,6.1,13287
624,54985,5.6.3,13420
625,54946,5.6,12869
626,54946,6.0,13026
627,54946,6.1,13287
628,54806,6.1,13287
629,54735,5.5,12940
630,54735,5.6,12869
631,54735,5.6.1,13293
632,54735,5.6.2,13334
633,54735,5.6.3,13420
634,54735,6.0,13026
635,54735,6.1,13287
636,54735,6.1.1,13485
637,54735,6.2,13327
638,54675,6.1,13287
639,54621,6.2,13327
640,54619,6.2,13327
641,54561,6.2,13327
642,54465,6.2,13327
643,54463,5.6,12869
644,54240,6.2,13327
645,53578,6.1,13287
646,53443,6.1,13287
647,53416,5.6.3,13420
648,53416,6.1,13287
649,53415,5.6.3,13420
650,53415,6.1,13287
651,53390,6.1,13287
652,53306,6.1,13287
653,53216,5.6.3,13420
654,53216,6.0,13026
655,53123,5.6,12869
656,53045,6.0,13026
657,52935,6.1,13287
658,52833,6.0,13026
659,52815,5.6,12869
660,52815,6.1,13287
661,51507,6.0,13026
662,52710,6.1,13287
663,52685,6.0,13026
664,52548,5.6,12869
665,52548,6.0,13026
666,52535,5.6,12869
667,52535,5.6.1,13293
668,52535,5.6.2,13334
669,52531,5.6,12869
670,52531,6.0,13026
671,52530,5.6,12869
672,52530,6.0,13026
673,52528,5.6,12869
674,52528,6.0,13026
675,52354,6.0,13026
676,52329,5.6,12869
677,52325,5.6.1,13293
678,52325,6.0,13026
679,52277,5.6.1,13293
680,52277,6.0,13026
681,52276,5.6.1,13293
682,52276,6.0,13026
683,52191,5.6,12869
684,51970,5.6,12869
685,51950,5.6,12869
686,51949,5.6,12869
687,51928,5.6,12869
688,51928,6.0,13026
689,51879,5.6,12869
690,51879,5.6.1,13293
691,51800,5.6,12869
692,51779,5.6,12869
693,51779,6.0,13026
694,51770,6.0,13026
695,51754,5.6,12869
696,51718,6.0,13026
697,51686,6.0,13026
698,51683,6.0,13026
699,51676,6.0,13026
700,51656,5.6,12869
701,51656,6.0,13026
702,51621,6.0,13026
703,51595,5.6.1,13293
704,51574,6.0,13026
705,51521,4.5.7,13000
706,51521,5.6.1,13293
707,51521,6.0,13026
708,51487,6.0,13026
709,51427,6.0,13026
710,51368,5.6,12869
711,51316,6.0,13026
712,51295,5.6.1,13293
713,51245,5.6.1,13293
714,51213,5.6.1,13293
715,51187,5.5,12940
716,51187,5.6,12869
717,51187,5.6.1,13293
718,51138,5.6,12869
719,51101,6.0,13026
720,50948,6.0,13026
721,50844,5.6,12869
722,50784,5.6,12869
723,50781,5.6,12869
724,50496,5.6,12869
725,50474,5.4,12781
726,50472,5.6,12869
727,50368,5.4,12781
728,50340,5.5,12940
729,50325,5.6,12869
730,50193,5.6,12869
731,50166,5.6,12869
732,50141,5.6,12869
733,50129,5.6,12869
734,50073,5.6,12869
735,49849,5.6,12869
736,49753,5.6,12869
737,49631,5.6,12869
738,49541,5.6,12869
739,49508,6.0,13026
740,49477,5.4,12781
741,49448,5.6,12869
742,49319,5.6,12869
743,49191,5.2,11629
744,49081,5.5,12940
745,49077,5.5,12940
746,48974,5.5,12940
747,48923,5.5,12940
748,48918,5.6,12869
749,48909,5.5,12940
750,48890,5.3,11647
751,48812,5.5,12940
752,48740,5.4,12781
753,48732,5.5,12940
754,48661,5.5,12940
755,48507,5.5,12940
756,48313,5.4,12781
757,48260,5.4,12781
758,48097,5.2,11629
759,48080,5.5,12940
760,47989,5.5,12940
761,47908,4.5.6,12480
762,47905,5.4,12781
763,47890,5.4,12781
764,47885,5.4,12781
765,47846,5.4,12781
766,47806,5.2,11629
767,47806,5.3,11647
768,47806,5.4,12781
769,47780,5.5,12940
770,47780,5.6,12869
771,47756,5.4,12781
772,47665,5.4,12781
773,47654,5.5,12940
774,47624,5.4,12781
775,47605,5.4,12781
776,47592,5.4,12781
777,47492,5.2,11629
778,47490,4.5.6,12480
779,47490,5.4,12781
780,47474,5.4,12781
781,47457,5.4,12781
782,47378,5.3,11647
783,47378,5.4,12781
784,47358,4.5.1,11621
785,47339,5.4,12781
786,47261,5.2,11629
787,47249,5.5,12940
788,47243,5.4,12781
789,47160,4.5,11620
790,47094,4.5.6,12480
791,47094,5.4,12781
792,47079,5.4,12781
793,47048,5.2,11629
794,47048,5.3,11647
795,47048,5.4,12781
796,47016,5.2,11629
797,47016,5.3,11647
798,47016,5.4,12781
799,46985,5.4,12781
800,46946,5.4,12781
801,46927,4.4,11618
802,46787,5.2,11629
803,46787,5.3,11647
804,46734,4.5.6,12480
805,46734,5.3,11647
806,46726,5.4,12781
807,46724,4.5.6,12480
808,46724,5.3,11647
809,46696,5.4,12781
810,46694,5.4,12781
811,46665,5.4,12781
812,46646,5.4,12781
813,46609,5.3,11647
814,46607,5.3,11647
815,46520,4.5.6,12480
816,46520,5.4,12781
817,46397,5.4,12781
818,46249,4.5.6,12480
819,46249,5.3,11647
820,46216,5.2,11629
821,46216,5.3,11647
822,46216,5.4,12781
823,46210,5.2,11629
824,46210,5.3,11647
825,46210,5.4,12781
826,46187,5.3,11647
827,46090,5.2,11629
828,45874,5.3,11647
829,45745,5.3,11647
830,45717,5.2,11629
831,45686,5.3,11647
832,45684,4.5,11620
833,45684,5.3,11647
834,45671,5.3,11647
835,45630,5.3,11647
836,45608,5.3,11647
837,45527,5.4,12781
838,45526,5.4,12781
839,45525,5.4,12781
840,45520,5.3,11647
841,45471,5.2,11629
842,45446,5.2,11629
843,45446,5.3,11647
844,44626,5.2,11629
845,44602,4.5.6,12480
846,44602,5.2,11629
847,44555,5.2,11629
848,44538,5.3,11647
849,44495,5.1.2,12450
850,44472,5.2,11629
851,44470,5.1.2,12450
852,44443,5.3,11647
853,44427,4.5.6,12480
854,44427,5.2,11629
855,44313,5.2,11629
856,44279,4.5.6,12480
857,44279,5.2,11629
858,44279,5.3,11647
859,44269,5.2,11629
860,44252,5.2,11629
861,44210,5.3,11647
862,44169,5.2,11629
863,44154,5.2,11629
864,44154,5.3,11647
865,44112,5.2,11629
866,44109,5.2,11629
867,44054,5.2,11629
868,44046,5.2,11629
869,44001,5.0,11625
870,43993,5.2,11629
871,43990,5.2,11629
872,43880,5.2,11629
873,43840,5.2,11629
874,43834,5.2,11629
875,43826,4.5.6,12480
876,43826,5.2,11629
877,43811,5.2,11629
878,43807,5.2,11629
879,43771,5.2,11629
880,43755,5.2,11629
881,43687,5.2,11629
882,43653,5.2,11629
883,43653,5.3,11647
884,43555,5.2,11629
885,43502,5.2,11629
886,43454,5.2,11629
887,43447,5.2,11629
888,43445,5.2,11629
889,43418,4.5.2,11622
890,43418,5.2,11629
891,43383,5.2,11629
892,43378,5.2,11629
893,43361,5.2,11629
894,43360,5.2,11629
895,43346,5.2,11629
896,43318,5.2,11629
897,43315,5.2,11629
898,43273,5.1.2,12450
899,43210,5.2,11629
900,43106,5.1.2,12450
901,43088,5.1.2,12450
902,43025,5.2,11629
903,43021,5.2,11629
904,43007,5.2,11629
905,42895,5.2,11629
906,42889,5.2,11629
907,42858,5.2,11629
908,42857,5.2,11629
909,42838,5.2,11629
910,42834,5.2,11629
911,42777,5.2,11629
912,42749,5.2,11629
913,42630,5.1,11627
914,42558,5.2,11629
915,42471,5.2,11629
916,42444,5.1.2,12450
917,42415,5.1.2,12450
918,42414,5.1.2,12450
919,42368,5.1.2,12450
920,42240,5.2,11629
921,42185,5.2,11629
922,42085,4.5,11620
923,42065,5.2,11629
924,42064,5.2,11629
925,42018,4.5.1,11621
926,42018,5.0,11625
927,42015,5.0,11625
928,41877,5.0,11625
929,41877,5.1,11627
930,41791,4.5,11620
931,41740,5.1.1,11628
932,41585,5.1,11627
933,41582,4.5.5,11624
934,41387,4.5,11620
935,41387,5.0,11625
936,41387,5.1,11627
937,41380,5.1,11627
938,41025,4.5.5,11624
939,41022,4.5.5,11624
940,41022,5.1.2,12450
941,40944,4.5.5,11624
942,40832,5.1.2,12450
943,40824,5.2,11629
944,40624,4.5.2,11622
945,40460,5.0,11625
946,40460,5.1,11627
947,40460,5.1.1,11628
948,40455,5.2,11629
949,40452,5.1,11627
950,40452,5.1.1,11628
951,40418,5.1.1,11628
952,40385,5.1,11627
953,40333,5.1,11627
954,40217,5.1,11627
955,40200,5.1,11627
956,40116,5.1,11627
957,40032,5.1.1,11628
958,40030,5.1.1,11628
959,39858,4.5.4,11623
960,39730,5.1.1,11628
961,39678,5.1,11627
962,39676,5.1,11627
963,39392,5.1,11627
964,39290,5.6,12869
965,39065,5.0,11625
966,39064,5.0,11625
967,39064,5.1,11627
968,33654,5.1,11627
969,32474,5.1,11627
970,30060,4.5,11620
971,30059,5.1,11627
972,30049,5.2,11629
973,30053,5.2,11629
974,30047,5.1,11627
975,30024,5.0,11625
976,30024,5.0.1,11626
977,30024,5.1,11627
978,30009,5.1,11627
979,29981,4.5,11620
980,29989,4.5,11620
981,29947,5.2,11629
982,29953,5.0,11625
983,29965,5.1,11627
984,29882,5.0,11625
985,29808,5.1,11627
986,29820,5.1,11627
987,29829,5.1,11627
988,29901,3.7.4,11608
989,29791,4.5.4,11623
990,29791,5.2,11629
991,29750,5.1,11627
992,29793,5.1,11627
993,29794,5.1,11627
994,29732,4.5.4,11623
995,29732,5.0.1,11626
996,29732,5.1,11627
997,29703,4.5.4,11623
998,29703,5.0,11625
999,29697,4.5.4,11623
1000,29688,5.1,11627
1001,29665,5.1,11627
1002,29731,4.5.1,11621
1003,27612,5.1,11627
1004,27863,5.1,11627
1005,27851,4.5,11620
1006,29701,5.0,11625
1007,29562,5.1,11627
1008,29392,4.5.4,11623
1009,29374,4.5.4,11623
1010,29351,4.5.2,11622
1011,29581,5.0,11625
1012,29323,5.0,11625
1013,29323,5.0.1,11626
1014,29323,5.1,11627
1015,29265,4.5,11620
1016,29118,5.1,11627
1017,28990,4.5.1,11621
1018,28879,5.0,11625
1019,28812,4.5.2,11622
1020,28811,4.5.2,11622
1021,28795,4.5,11620
1022,28795,5.0,11625
1023,28710,5.0,11625
1024,28646,5.1,11627
1025,28617,5.1,11627
1026,29737,4.5,11620
1027,28340,4.5.2,11622
1028,28285,5.1,11627
1029,28435,5.0,11625
1030,28211,4.5.2,11622
1031,28016,4.5.2,11622
1032,28016,5.0,11625
1033,28015,5.0,11625
1034,28744,5.0,11625
1035,28070,4.5.1,11621
1036,27992,5.0,11625
1037,27944,5.0,11625
1038,28120,4.5,11620
1039,27756,5.0,11625
1040,27756,5.1,11627
1041,28711,5.0,11625
1042,27523,5.0,11625
1043,27032,5.0,11625
1044,26984,4.5.1,11621
1045,26984,5.0,11625
1046,27675,5.0,11625
1047,27031,4.5,11620
1048,28322,4.5,11620
1049,26845,4.5.2,11622
1050,28323,5.0,11625
1051,27010,4.5.2,11622
1052,27010,5.0,11625
1053,27010,5.1,11627
1054,26828,4.5.2,11622
1055,28781,4.5.2,11622
1056,28781,5.0,11625
1057,28299,5.0,11625
1058,26756,5.0,11625
1059,26626,5.0,11625
1060,27483,4.5.1,11621
1061,28294,4.5.2,11622
1062,28294,5.0,11625
1063,26513,4.5.2,11622
1064,26513,5.0,11625
1065,30188,5.0,11625
1066,29123,5.0,11625
1067,30152,5.0,11625
1068,30146,4.5.1,11621
1069,30146,5.0,11625
1070,30146,5.1,11627
1071,30137,5.0,11625
1072,27413,5.0,11625
1073,30132,5.0,11625
1074,30128,4.4,11618
1075,28780,4.5.1,11621
1076,29857,4.5.1,11621
1077,30116,4.5,11620
1078,29743,4.5,11620
1079,30115,4.5.1,11621
1080,29739,5.0,11625
1081,29669,5.0,11625
1082,29740,4.5.1,11621
1083,29736,5.0,11625
1084,29734,4.4,11618
1085,29720,5.0,11625
1086,29702,4.5.1,11621
1087,29705,4.5.1,11621
1088,29658,5.0,11625
1089,29647,4.3,11614
1090,28796,4.5.1,11621
1091,29618,5.0,11625
1092,29624,4.5.1,11621
1093,29610,4.5.1,11621
1094,29598,4.5.1,11621
1095,29553,4.3,11614
1096,29600,4.5.1,11621
1097,29571,4.5,11620
1098,29571,4.5.1,11621
1099,29571,5.0,11625
1100,28284,4.5.1,11621
1101,28140,4.4,11618
1102,28104,4.4,11618
1103,28161,4.4,11618
1104,28279,4.5.1,11621
1105,28652,4.4,11618
1106,27475,4.5,11620
1107,27475,4.5.1,11621
1108,27405,4.4,11618
1109,28703,4.5,11620
1110,27299,4.5,11620
1111,27363,4.5,11620
1112,27096,4.5,11620
1113,27072,4.5,11620
1114,26955,4.5,11620
1115,26887,4.5,11620
1116,26887,5.0,11625
1117,26839,4.4,11618
1118,27057,4.5,11620
1119,27050,4.5,11620
1120,26543,4.5,11620
1121,26543,5.0,11625
1122,26500,4.5,11620
1123,26642,4.5,11620
1124,29572,4.5,11620
1125,29568,4.5,11620
1126,29565,4.5,11620
1127,26763,4.4,11618
1128,29511,4.4,11618
1129,29513,4.4,11618
1130,29506,4.4,11618
1131,29432,4.4,11618
1132,29519,3.7,11604
1133,29519,4.0,11609
1134,29519,4.2,11613
1135,29385,5.0,11625
1136,29372,4.5,11620
1137,26648,4.1,11610
1138,28368,4.3.3,11617
1139,28368,4.4,11618
1140,29339,4.4,11618
1141,29272,4.4,11618
1142,27021,4.4,11618
1143,29264,4.2,11613
1144,29264,4.3,11614
1145,29264,4.4,11618
1146,29264,4.5,11620
1147,29408,4.4,11618
1148,28206,4.4,11618
1149,28506,5.0,11625
1150,29216,4.4,11618
1151,29195,4.4,11618
1152,29239,4.4,11618
1153,29191,4.4,11618
1154,29187,4.4,11618
1155,29184,4.4,11618
1156,29197,4.4,11618
1157,26969,4.4,11618
1158,26766,4.4,11618
1159,26766,4.5,11620
1160,29173,4.4,11618
1161,29173,4.5,11620
1162,29170,4.4,11618
1163,29166,4.5,11620
1164,29046,4.4,11618
1165,28855,4.4,11618
1166,28642,4.4,11618
1167,28659,4.4,11618
1168,28447,4.3,11614
1169,28447,4.3.1,11615
1170,28447,4.3.2,11616
1171,28272,4.4,11618
1172,28166,4.4,11618
1173,28170,4.5,11620
1174,28173,3.6,11600
1175,28614,4.0,11609
1176,28614,4.1,11610
1177,28614,4.2,11613
1178,28614,4.3,11614
1179,28614,4.4,11618
1180,28950,4.4,11618
1181,28716,4.1,11610
1182,27707,4.4,11618
1183,27705,4.3,11614
1184,28860,4.3,11614
1185,28048,4.3,11614
1186,27637,4.3,11614
1187,28953,4.3,11614
1188,27329,4.3.1,11615
1189,27156,4.3,11614
1190,29151,4.3,11614
1191,27155,4.3,11614
1192,27154,4.3,11614
1193,27049,4.2,11613
1194,27049,4.3,11614
1195,27596,4.2,11613
1196,26926,4.3,11614
1197,29047,4.3,11614
1198,26576,4.3,11614
1199,26961,4.3,11614
1200,26538,4.3,11614
1201,29885,4.3,11614
1202,29028,4.1,11610
1203,29028,4.2,11613
1204,29028,4.3,11614
1205,26811,4.3,11614
1206,28446,4.3,11614
1207,28841,4.3,11614
1208,28838,4.4,11618
1209,28826,4.4,11618
1210,29032,4.3,11614
1211,28673,4.3,11614
1212,28743,4.3,11614
1213,28065,4.4,11618
1214,27053,4.2,11613
1215,27795,4.3,11614
1216,27414,4.2,11613
1217,28427,4.2,11613
1218,28191,4.2,11613
1219,28256,4.2,11613
1220,27205,3.7,11604
1221,28113,4.3,11614
1222,27891,4.2,11613
1223,27893,4.2,11613
1224,27858,4.1,11610
1225,28259,4.1,11610
1226,26734,4.1,11610
1227,26701,4.0,11609
1228,26701,4.1,11610
1229,32097,4.1,11610
1230,32071,3.7,11604
1231,32047,4.1,11610
1232,32047,4.2,11613
1233,32086,4.1,11610
1234,32009,4.0,11609
1235,32014,4.0,11609
1236,32014,4.1,11610
1237,32066,4.0,11609
1238,31945,4.1,11610
1239,31920,4.0,11609
1240,31992,3.7.1,11605
1241,31992,3.7.2,11606
1242,31992,3.7.3,11607
1243,31992,4.0,11609
1244,31933,4.0,11609
1245,31912,4.0,11609
1246,31922,4.0,11609
1247,31906,4.0,11609
1248,32077,4.0,11609
1249,32054,4.0,11609
1250,32444,3.7,11604
1251,32444,3.7.1,11605
1252,32444,3.7.2,11606
1253,32444,3.7.3,11607
1254,31974,3.7.3,11607
1255,31974,4.0,11609
1256,32073,3.7,11604
1257,31961,3.6,11600
1258,31856,3.6,11600
1259,31856,3.6.1,11601
1260,31856,3.6.2,11602
1261,31856,3.6.3,11603
1262,31856,3.7,11604
1263,31856,3.7.1,11605
1264,31856,3.7.2,11606
1265,30041,3.7.2,11606
1266,32067,4.0,11609
1267,31854,3.6,11600
1268,32440,4.0,11609
1269,31825,3.7,11604
1270,31860,3.7,11604
1271,31804,4.0,11609
1272,31796,3.7,11604
1273,31716,3.7,11604
1274,31780,4.0,11609
1275,31784,3.6,11600
1276,31749,3.7,11604
1277,31680,3.7,11604
1278,31708,3.7,11604
1279,30972,3.7,11604
1280,31728,3.7,11604
1281,31731,3.6,11600
1282,31988,3.6,11600
1283,32437,3.7,11604
1284,31702,3.6,11600
1285,31692,3.7,11604
1286,31538,3.6,11600
1287,31684,3.6,11600
1288,31670,3.6,11600
1289,31699,3.7,11604
1290,31677,3.7,11604
1291,31667,3.6.2,11602
1292,31712,3.6.2,11602
1293,31695,3.6,11600
1294,31645,3.7,11604
1295,31683,3.6.2,11602
1296,31642,3.6,11600
1297,31727,3.7,11604
1298,31613,3.6,11600
1299,31619,3.6.1,11601
1300,31609,3.6,11600
1301,31556,3.6,11600
1302,31556,3.6.1,11601
1303,31612,3.6,11600
1304,31612,3.6.1,11601
1305,31561,3.6,11600
1306,31561,3.6.1,11601
1307,31604,3.6,11600
1308,31604,3.6.1,11601
1309,31706,3.6,11600
1310,31586,3.6,11600
1311,31593,3.6,11600
1312,31557,3.6,11600
1313,31575,3.6,11600
1314,31554,3.6,11600
1315,31546,3.6,11600
1316,31182,3.6,11600
1317,31523,3.6,11600
1318,31330,3.6,11600
1319,31447,3.6,11600
1320,31528,3.6,11600
1321,31541,3.6,11600
1322,31450,3.6,11600
1323,31437,3.6,11600
1324,31515,3.6,11600
1325,31484,3.6,11600
1326,32415,3.5.1,11599
1327,31446,3.6,11600
1328,31764,3.6,11600
1329,27715,3.5.1,11599
1330,32427,3.5.1,11599
1331,27660,3.6,11600
1332,32218,3.5.1,11599
1333,27674,3.5.1,11599
1334,27638,3.4.1,11597
1335,32217,3.5,11598
1336,27514,3.5,11598
1337,27579,3.4.1,11597
1338,27575,2.8,11578
1339,32164,3.1,11589
1340,26619,3.5.1,11599
1341,31456,3.5.1,11599
1342,26556,3.5,11598
1343,27473,3.4,11596
1344,27470,3.5,11598
1345,27456,3.4.1,11597
1346,32027,3.5,11598
1347,31025,3.3,11593
1348,32106,3.5,11598
1349,27463,3.5,11598
1350,27458,3.4,11596
1351,32094,3.5,11598
1352,27426,3.2.1,11592
1353,27426,3.3.2,11595
1354,32199,3.3.2,11595
1355,27383,3.5,11598
1356,32413,3.4.1,11597
1357,27390,3.4.1,11597
1358,27366,3.4.1,11597
1359,27352,3.4.1,11597
1360,31710,3.4.1,11597
1361,26554,3.4,11596
1362,31439,3.4.1,11597
1363,27273,3.4.1,11597
1364,27255,3.4.1,11597
1365,27298,3.4.1,11597
1366,27372,3.4.1,11597
1367,27231,3.4.1,11597
1368,26633,3.4,11596
1369,26633,3.4.1,11597
1370,32191,3.4.1,11597
1371,32181,3.4.1,11597
1372,31663,3.4.1,11597
1373,27185,3.4.1,11597
1374,31417,3.4.1,11597
1375,32179,3.4.1,11597
1376,32172,3.3,11593
1377,32172,3.4.1,11597
1378,27367,3.3,11593
1379,27367,3.4.1,11597
1380,27080,3.4.1,11597
1381,31470,3.4.1,11597
1382,32190,3.4.1,11597
1383,27069,3.4.1,11597
1384,27047,3.4.1,11597
1385,27042,3.3,11593
1386,27244,3.4.1,11597
1387,26913,3.4,11596
1388,32101,3.4,11596
1389,28915,3.4.1,11597
1390,26951,3.4.1,11597
1391,26971,3.4.1,11597
1392,32168,3.4.1,11597
1393,26950,3.3.2,11595
1394,27539,3.4.1,11597
1395,31009,3.4.1,11597
1396,26941,3.3,11593
1397,26941,3.4,11596
1398,26908,3.3,11593
1399,26922,3.4.1,11597
1400,32160,3.3.2,11595
1401,26894,3.3,11593
1402,26966,3.4,11596
1403,26994,3.4,11596
1404,26853,3.3,11593
1405,26856,3.4,11596
1406,32135,3.3.2,11595
1407,26832,3.4,11596
1408,27467,3.3.2,11595
1409,26792,3.3.2,11595
1410,32138,3.4,11596
1411,31759,3.3.2,11595
1412,26794,3.1.1,11590
1413,32185,3.3.1,11594
1414,32126,3.3.2,11595
1415,26755,3.2,11591
1416,26750,3.2.1,11592
1417,32129,3.3.2,11595
1418,31700,3.3.2,11595
1419,31664,3.1.1,11590
1420,26737,3.3,11593
1421,27285,3.3.2,11595
1422,26730,3.2,11591
1423,26652,2.0,11565
1424,26635,3.3.1,11594
1425,27067,3.4,11596
1426,26631,2.2,11570
1427,26593,3.3.2,11595
1428,26583,3.3.1,11594
1429,27591,3.3.1,11594
1430,28901,3.3.1,11594
1431,26553,3.3.1,11594
1432,26591,3.3.1,11594
1433,26537,3.3.1,11594
1434,26541,3.3.1,11594
1435,26536,3.3.1,11594
1436,26521,3.2.1,11592
1437,26948,3.3,11593
1438,32176,3.3,11593
1439,26514,3.3,11593
1440,26509,3.3,11593
1441,26498,3.2,11591
1442,26495,3.2,11591
1443,26487,3.2,11591
1444,26486,2.11,11582
1445,32040,3.3,11593
1446,26474,3.3,11593
1447,26492,3.3,11593
1448,26493,3.3,11593
1449,26477,3.3,11593
1450,27267,3.3,11593
1451,32113,3.3,11593
1452,32115,3.3,11593
1453,31449,3.2.1,11592
1454,26490,3.3,11593
1455,27215,3.2.1,11592
1456,28484,3.3,11593
1457,28482,3.2.1,11592
1458,28417,3.2.1,11592
1459,28429,3.2.1,11592
1460,28481,3.2,11591
1461,32443,3.2.1,11592
1462,31659,3.2,11591
1463,28451,3.3,11593
1464,32051,3.2,11591
1465,32122,3.2,11591
1466,32122,3.2.1,11592
1467,28445,2.12,11583
1468,28445,2.13,11584
1469,28445,2.13.1,11585
1470,27151,3.2,11591
1471,28846,2.13.1,11585
1472,27312,3.0.1,11588
1473,26943,3.2,11591
1474,27293,3.2,11591
1475,28361,3.2,11591
1476,28360,3.2,11591
1477,26707,3.2,11591
1478,28350,3.2,11591
1479,28343,2.5,11575
1480,27283,3.1.1,11590
1481,27283,3.2,11591
1482,28347,3.2,11591
1483,28330,3.2,11591
1484,28401,3.2,11591
1485,27180,3.2,11591
1486,32258,3.2,11591
1487,28329,3.2,11591
1488,28321,3.0,11587
1489,28373,3.2,11591
1490,28316,3.2,11591
1491,28320,3.2,11591
1492,28308,3.2,11591
1493,28317,2.11,11582
1494,31703,3.2,11591
1495,28303,3.2,11591
1496,27181,3.2,11591
1497,28287,3.2,11591
1498,31526,3.2,11591
1499,32253,3.2,11591
1500,32261,3.2,11591
1501,28300,3.2,11591
1502,28342,3.2,11591
1503,32250,3.2,11591
1504,28497,3.2,11591
1505,28228,3.2,11591
1506,28217,3.1.1,11590
1507,29959,3.2,11591
1508,28344,3.0,11587
1509,28344,3.1,11589
1510,28344,3.2,11591
1511,28204,3.0,11587
1512,28204,3.1,11589
1513,28204,3.2,11591
1514,28201,3.2,11591
1515,28232,3.2,11591
1516,28198,3.2,11591
1517,28123,3.2,11591
1518,29992,3.2,11591
1519,32241,3.2,11591
1520,28147,3.2,11591
1521,28197,3.1.1,11590
1522,28171,3.1.1,11590
1523,28352,3.1.1,11590
1524,27088,3.2,11591
1525,28355,3.2,11591
1526,32235,3.0,11587
1527,28095,3.1.1,11590
1528,28101,3.1,11589
1529,28097,3.1,11589
1530,28395,3.2,11591
1531,31898,3.1,11589
1532,31898,3.1.1,11590
1533,28087,3.1.1,11590
1534,32248,2.13,11584
1535,28292,3.2,11591
1536,28063,3.1.1,11590
1537,32207,3.1.1,11590
1538,31600,3.1,11589
1539,28059,3.0.1,11588
1540,28041,3.0,11587
1541,28044,3.1,11589
1542,27964,3.1.1,11590
1543,28010,3.1.1,11590
1544,28020,3.1.1,11590
1545,27994,2.9,11579
1546,28378,3.1,11589
1547,28045,3.1.1,11590
1548,27970,3.1.1,11590
1549,28023,3.1,11589
1550,27960,3.0,11587
1551,32183,3.1,11589
1552,28006,3.0,11587
1553,27954,2.12,11583
1554,32229,3.1,11589
1555,27195,3.1,11589
1556,27993,3.1,11589
1557,27948,3.1,11589
1558,32239,3.1,11589
1559,27932,3.1,11589
1560,27889,3.1,11589
1561,32236,2.13,11584
1562,27913,3.1,11589
1563,27918,3.1,11589
1564,32234,3.0,11587
1565,27892,2.14,11586
1566,27240,3.0.1,11588
1567,27989,3.0,11587
1568,32237,2.6,11576
1569,27879,3.1,11589
1570,27867,3.0.1,11588
1571,27916,3.0.1,11588
1572,28024,3.0,11587
1573,27864,3.0.1,11588
1574,31832,3.0.1,11588
1575,27847,3.0,11587
1576,27150,3.1,11589
1577,27836,2.14,11586
1578,27907,3.0,11587
1579,27834,2.14,11586
1580,27821,3.0.1,11588
1581,27819,3.0,11587
1582,27776,3.1,11589
1583,32111,3.1,11589
1584,32139,2.13.1,11585
1585,26629,3.0.1,11588
1586,27880,2.14,11586
1587,27307,3.0,11587
1588,27796,3.0.1,11588
1589,28012,3.0.1,11588
1590,32223,2.11,11582
1591,27784,3.0,11587
1592,27772,2.14,11586
1593,28212,2.14,11586
1594,28022,3.0,11587
1595,31466,3.0,11587
1596,27777,2.14,11586
1597,27771,2.13.1,11585
1598,27769,2.14,11586
1599,27766,3.0,11587
1600,27790,3.0,11587
1601,27928,3.0,11587
1602,27706,3.0,11587
1603,27764,3.0,11587
1604,27733,3.0,11587
1605,28199,3.0,11587
1606,27728,2.13.1,11585
1607,27826,2.14,11586
1608,27826,3.0,11587
1609,27704,3.0,11587
1610,27709,3.0,11587
1611,27773,3.0,11587
1612,27687,3.0,11587
1613,27666,2.9,11579
1614,27651,2.14,11586
1615,27649,2.14,11586
1616,27672,2.14,11586
1617,27643,2.14,11586
1618,27838,2.14,11586
1619,27658,2.13,11584
1620,27626,2.14,11586
1621,27650,2.11,11582
1622,31487,2.13.1,11585
1623,27200,2.14,11586
1624,32105,2.14,11586
1625,27252,2.4.1,11574
1626,27252,2.5,11575
1627,32227,2.13.1,11585
1628,27586,2.12,11583
1629,27547,2.14,11586
1630,32215,2.14,11586
1631,27569,2.14,11586
1632,32212,2.14,11586
1633,27581,2.14,11586
1634,27593,2.14,11586
1635,27555,2.14,11586
1636,27516,2.14,11586
1637,27518,2.14,11586
1638,27529,2.14,11586
1639,27508,2.14,11586
1640,27509,2.14,11586
1641,27520,2.13.1,11585
1642,27502,2.14,11586
1643,32226,2.14,11586
1644,27517,2.14,11586
1645,27524,2.14,11586
1646,27574,2.13,11584
1647,27443,2.13.1,11585
1648,27442,2.13.1,11585
1649,27472,2.13.1,11585
1650,29015,2.13.1,11585
1651,26647,2.13.1,11585
1652,27416,2.13.1,11585
1653,27576,2.13.1,11585
1654,27398,2.13.1,11585
1655,32420,2.13.1,11585
1656,28702,2.12,11583
1657,31897,2.14,11586
1658,31629,2.13.1,11585
1659,27376,2.14,11586
1660,27371,2.14,11586
1661,27377,2.14,11586
1662,27370,2.13.1,11585
1663,27364,2.13.1,11585
1664,27542,2.13,11584
1665,27354,2.14,11586
1666,28141,2.13,11584
1667,27219,2.13.1,11585
1668,27300,2.13,11584
1669,27286,2.13.1,11585
1670,27476,2.13.1,11585
1671,27439,2.13.1,11585
1672,27378,2.13.1,11585
1673,27224,2.13.1,11585
1674,27221,2.9,11579
1675,27792,2.13.1,11585
1676,31607,2.13,11584
1677,27144,2.12,11583
1678,27162,2.13.1,11585
1679,26993,2.13.1,11585
1680,27142,2.0,11565
1681,27133,2.13,11584
1682,27133,2.13.1,11585
1683,32197,2.13.1,11585
1684,27975,2.13,11584
1685,27186,2.13.1,11585
1686,27139,2.13.1,11585
1687,27104,2.0,11565
1688,27090,2.14,11586
1689,27081,2.13,11584
1690,27062,2.13,11584
1691,27115,2.13.1,11585
1692,27061,2.11,11582
1693,27060,2.13.1,11585
1694,27959,2.11,11582
1695,27126,2.13,11584
1696,32173,2.13,11584
1697,27194,2.13,11584
1698,27039,2.13,11584
1699,27012,2.13,11584
1700,31435,2.13,11584
1701,26988,2.13,11584
1702,32210,2.12,11583
1703,27102,2.13,11584
1704,26775,2.13,11584
1705,26990,2.13,11584
1706,32169,2.13,11584
1707,26986,2.13,11584
1708,26960,2.13,11584
1709,26857,2.12,11583
1710,32174,2.13,11584
1711,26925,2.13,11584
1712,26905,2.13,11584
1713,32155,2.11,11582
1714,27394,2.13,11584
1715,26924,2.13,11584
1716,26893,2.12,11583
1717,32158,2.11,11582
1718,32158,2.12,11583
1719,31402,2.13,11584
1720,32156,2.12,11583
1721,32208,2.14,11586
1722,26805,2.2,11570
1723,26911,2.13,11584
1724,27121,2.10,11580
1725,26820,2.12,11583
1726,26795,2.11,11582
1727,32134,2.12,11583
1728,26777,2.11,11582
1729,26958,2.12,11583
1730,27988,2.13,11584
1731,26723,2.12,11583
1732,26932,2.12,11583
1733,32112,2.11,11582
1734,32195,2.12,11583
1735,32123,2.11,11582
1736,27187,2.12,11583
1737,26673,2.12,11583
1738,28394,2.11,11582
1739,27113,2.12,11583
1740,30952,2.12,11583
1741,26767,2.11,11582
1742,26767,2.12,11583
1743,31583,2.11,11582
1744,30918,2.10,11580
1745,30918,2.11,11582
1746,27446,2.12,11583
1747,30896,2.12,11583
1748,30691,2.12,11583
1749,28422,2.12,11583
1750,30712,2.12,11583
1751,32120,2.12,11583
1752,26665,2.12,11583
1753,30968,2.11,11582
1754,30968,2.12,11583
1755,30977,2.12,11583
1756,26644,2.12,11583
1757,26679,2.12,11583
1758,30947,2.12,11583
1759,27365,2.12,11583
1760,32092,2.11,11582
1761,29714,2.12,11583
1762,30882,2.11,11582
1763,31407,2.9,11579
1764,30257,2.11,11582
1765,28890,2.11,11582
1766,27342,2.11,11582
1767,29389,2.11,11582
1768,30884,2.11,11582
1769,30876,2.11,11582
1770,26916,2.12,11583
1771,30877,2.11,11582
1772,31335,2.11,11582
1773,26609,2.11,11582
1774,32421,2.9,11579
1775,27881,2.11,11582
1776,27627,2.11,11582
1777,27627,2.12,11583
1778,32187,2.11,11582
1779,31139,2.11,11582
1780,30915,2.11,11582
1781,32202,2.11,11582
1782,29092,2.11,11582
1783,26715,2.11,11582
1784,30801,2.11,11582
1785,26765,2.12,11583
1786,30838,2.11,11582
1787,32188,2.11,11582
1788,31977,2.11,11582
1789,28354,2.11,11582
1790,26836,2.11,11582
1791,31653,2.11,11582
1792,30907,2.11,11582
1793,32371,2.11,11582
1794,26714,2.11,11582
1795,26745,2.11,11582
1796,27268,2.8,11578
1797,32366,2.11,11582
1798,30500,2.10.1,11581
1799,32182,2.11,11582
1800,31648,2.10,11580
1801,27213,2.11,11582
1802,32242,2.11,11582
1803,30930,2.11,11582
1804,29537,2.11,11582
1805,31403,2.10,11580
1806,31505,2.11,11582
1807,30948,2.11,11582
1808,26748,2.11,11582
1809,30813,2.11,11582
1810,30898,2.11,11582
1811,32166,2.9,11579
1812,32308,2.11,11582
1813,27275,2.11,11582
1814,30539,2.5,11575
1815,30932,2.8,11578
1816,31404,2.11,11582
1817,28681,2.11,11582
1818,27724,2.8,11578
1819,32361,2.9,11579
1820,30906,2.10,11580
1821,30906,2.11,11582
1822,32165,2.9,11579
1823,31394,2.11,11582
1824,31400,2.9,11579
1825,28099,2.11,11582
1826,30608,2.11,11582
1827,30931,2.11,11582
1828,29347,2.11,11582
1829,32022,2.11,11582
1830,31401,2.11,11582
1831,30964,2.11,11582
1832,30958,2.11,11582
1833,28640,2.11,11582
1834,31630,2.11,11582
1835,31388,2.11,11582
1836,30878,2.10,11580
1837,30878,2.11,11582
1838,27310,2.11,11582
1839,32357,2.10,11580
1840,31397,2.10,11580
1841,29179,2.11,11582
1842,30957,2.8,11578
1843,30966,2.10,11580
1844,28500,2.6,11576
1845,28500,2.7,11577
1846,28500,2.8,11578
1847,28500,2.9,11579
1848,28500,2.10,11580
1849,30881,2.11,11582
1850,30630,2.10,11580
1851,31337,2.10,11580
1852,30350,2.11,11582
1853,30893,2.8,11578
1854,30871,2.10,11580
1855,31364,2.10,11580
1856,31320,2.10,11580
1857,26751,2.5,11575
1858,30904,2.10,11580
1859,30870,2.10,11580
1860,32362,2.10,11580
1861,30917,2.9,11579
1862,30807,2.10,11580
1863,31479,2.9,11579
1864,30808,2.8,11578
1865,31264,2.5,11575
1866,30865,2.10,11580
1867,29604,2.10,11580
1868,32184,2.10,11580
1869,30425,2.9,11579
1870,32404,2.10,11580
1871,31382,2.9,11579
1872,31382,2.10,11580
1873,28600,2.10,11580
1874,27112,2.10,11580
1875,30825,2.9,11579
1876,30825,2.10,11580
1877,31651,2.7,11577
1878,31391,2.10,11580
1879,32376,2.10,11580
1880,30816,2.10,11580
1881,31386,2.10,11580
1882,30830,2.9,11579
1883,27167,2.10,11580
1884,27438,2.10,11580
1885,32175,2.9,11579
1886,32175,2.10,11580
1887,30227,2.10,11580
1888,30345,2.10,11580
1889,30908,2.9,11579
1890,30946,2.9,11579
1891,26578,2.9,11579
1892,30845,2.6,11576
1893,30346,2.6,11576
1894,30346,2.7,11577
1895,30346,2.8,11578
1896,30346,2.9,11579
1897,27837,2.9,11579
1898,31380,2.9,11579
1899,31006,2.9,11579
1900,31389,2.9,11579
1901,31385,2.9,11579
1902,30764,2.9,11579
1903,30301,2.9,11579
1904,30844,2.8,11578
1905,27742,2.9,11579
1906,30219,2.10,11580
1907,32225,2.6,11576
1908,32243,2.8,11578
1909,32243,2.9,11579
1910,27223,2.9,11579
1911,30584,2.9,11579
1912,30652,2.8,11578
1913,30638,2.9,11579
1914,30308,2.9,11579
1915,27235,2.8,11578
1916,31379,2.9,11579
1917,31387,2.9,11579
1918,30848,2.5,11575
1919,26773,2.9,11579
1920,31376,2.9,11579
1921,30112,2.8,11578
1922,30112,2.9,11579
1923,26866,2.9,11579
1924,31371,2.9,11579
1925,29401,2.8,11578
1926,29401,2.9,11579
1927,31462,2.6,11576
1928,31370,2.9,11579
1929,30318,2.9,11579
1930,29353,2.9,11579
1931,26661,2.9,11579
1932,30270,2.9,11579
1933,28398,2.9,11579
1934,28542,2.8,11578
1935,29114,2.9,11579
1936,30840,2.7,11577
1937,31374,2.9,11579
1938,30950,2.9,11579
1939,30756,2.8,11578
1940,30778,2.8,11578
1941,31377,2.8,11578
1942,27389,2.9,11579
1943,32200,2.8,11578
1944,30767,2.8,11578
1945,30834,2.8,11578
1946,28244,2.8,11578
1947,31367,2.7,11577
1948,31367,2.8,11578
1949,30306,2.8,11578
1950,30319,2.8,11578
1951,31636,2.8,11578
1952,29941,2.8,11578
1953,26551,2.8,11578
1954,30833,2.8,11578
1955,30371,2.8,11578
1956,30439,2.8,11578
1957,30623,2.8,11578
1958,27272,2.8,11578
1959,29402,2.8,11578
1960,30430,2.8,11578
1961,31366,2.4,11573
1962,31361,2.8,11578
1963,32341,2.8,11578
1964,32150,2.7,11577
1965,30796,2.8,11578
1966,31357,2.7,11577
1967,32343,2.8,11578
1968,30277,2.8,11578
1969,31650,2.8,11578
1970,31654,2.8,11578
1971,31150,2.8,11578
1972,30228,2.7,11577
1973,27353,2.8,11578
1974,30433,2.8,11578
1975,28021,2.8,11578
1976,30236,2.6,11576
1977,30736,2.8,11578
1978,27280,2.8,11578
1979,29652,2.8,11578
1980,30421,2.8,11578
1981,30779,2.7,11577
1982,30410,2.8,11578
1983,30263,2.8,11578
1984,30812,2.8,11578
1985,30213,2.8,11578
1986,30673,2.4.1,11574
1987,30673,2.8,11578
1988,31354,2.8,11578
1989,30753,2.8,11578
1990,30427,2.8,11578
1991,30784,2.8,11578
1992,30280,2.8,11578
1993,27689,2.8,11578
1994,30675,2.8,11578
1995,31971,2.8,11578
1996,32457,2.7,11577
1997,31351,2.8,11578
1998,32410,2.8,11578
1999,32323,2.7,11577
2000,31358,2.7,11577
2001,30711,2.5,11575
2002,30842,2.8,11578
2003,30788,2.8,11578
2004,27608,2.8,11578
2005,29330,2.7,11577
2006,30781,2.4.1,11574
2007,30775,2.7,11577
2008,27536,2.7,11577
2009,30497,2.6,11576
2010,28996,2.7,11577
2011,31355,2.7,11577
2012,30832,2.7,11577
2013,30233,2.7,11577
2014,30209,2.7,11577
2015,31347,2.7,11577
2016,30491,2.6,11576
2017,31513,2.7,11577
2018,31350,2.6,11576
2019,31350,2.7,11577
2020,32340,2.5,11575
2021,32257,2.7,11577
2022,30725,2.7,11577
2023,30755,2.7,11577
2024,30523,2.7,11577
2025,30680,2.7,11577
2026,30860,2.7,11577
2027,30780,2.7,11577
2028,30251,2.6,11576
2029,30251,2.7,11577
2030,30599,2.7,11577
2031,31349,2.7,11577
2032,30403,2.6,11576
2033,30829,2.7,11577
2034,31344,2.6,11576
2035,30244,2.6,11576
2036,31346,2.6,11576
2037,31340,2.7,11577
2038,29399,2.0.1,11566
2039,31341,2.6,11576
2040,27006,2.7,11577
2041,28436,2.7,11577
2042,31332,2.6,11576
2043,27037,2.6,11576
2044,32348,2.6,11576
2045,30521,2.6,11576
2046,30696,2.6,11576
2047,30671,2.6,11576
2048,30714,2.6,11576
2049,30758,2.6,11576
2050,30646,2.6,11576
2051,30770,2.6,11576
2052,31328,2.6,11576
2053,32029,2.6,11576
2054,30634,2.6,11576
2055,30661,2.6,11576
2056,30706,2.6,11576
2057,30589,2.6,11576
2058,28278,2.6,11576
2059,28408,2.6,11576
2060,31336,2.6,11576
2061,28975,2.6,11576
2062,32133,2.6,11576
2063,30743,2.6,11576
2064,30679,2.6,11576
2065,30632,2.6,11576
2066,30655,2.4,11573
2067,30655,2.4.1,11574
2068,30655,2.5,11575
2069,30742,2.6,11576
2070,30407,2.6,11576
2071,28538,2.5,11575
2072,30744,2.6,11576
2073,30285,2.5,11575
2074,27129,2.5,11575
2075,30819,2.5,11575
2076,31329,2.5,11575
2077,26640,2.5,11575
2078,26831,2.5,11575
2079,30163,2.4.1,11574
2080,30363,2.5,11575
2081,30747,2.5,11575
2082,30610,2.4.1,11574
2083,30610,2.5,11575
2084,28246,2.4.1,11574
2085,28246,2.5,11575
2086,30645,2.5,11575
2087,27934,2.5,11575
2088,32251,2.5,11575
2089,30607,2.5,11575
2090,30628,2.5,11575
2091,28456,2.5,11575
2092,28367,2.5,11575
2093,32305,2.5,11575
2094,29950,2.5,11575
2095,27436,2.5,11575
2096,30611,2.5,11575
2097,28452,2.4.1,11574
2098,28452,2.5,11575
2099,29790,2.5,11575
2100,29855,2.5,11575
2101,28523,2.5,11575
2102,29683,2.4.1,11574
2103,30556,2.5,11575
2104,27086,2.14,11586
2105,28289,2.3.1,11572
2106,28289,2.4.1,11574
2107,28302,2.5,11575
2108,30637,2.5,11575
2109,32405,2.5,11575
2110,27220,2.5,11575
2111,32091,2.5,11575
2112,30299,2.5,11575
2113,28121,2.4.1,11574
2114,30624,2.4.1,11574
2115,32393,2.5,11575
2116,30324,2.4.1,11574
2117,30621,2.4.1,11574
2118,32333,2.5,11575
2119,30165,2.4.1,11574
2120,27634,2.4.1,11574
2121,32196,2.5,11575
2122,27238,2.2,11570
2123,28310,2.4.1,11574
2124,27753,2.4.1,11574
2125,31315,2.4.1,11574
2126,27304,2.5,11575
2127,30616,2.3.1,11572
2128,30617,2.4.1,11574
2129,30416,2.4.1,11574
2130,30709,2.4,11573
2131,30339,2.4,11573
2132,30339,2.4.1,11574
2133,30339,2.5,11575
2134,31468,2.4,11573
2135,31468,2.4.1,11574
2136,31468,2.5,11575
2137,30203,2.5,11575
2138,32342,2.4.1,11574
2139,26659,2.4.1,11574
2140,27541,2.4.1,11574
2141,32216,2.4,11573
2142,29325,2.4.1,11574
2143,31230,2.4,11573
2144,32238,2.4.1,11574
2145,28808,2.4,11573
2146,31314,2.4.1,11574
2147,30699,2.4.1,11574
2148,31319,2.4.1,11574
2149,30272,2.3,11571
2150,30563,2.4.1,11574
2151,31318,2.4.1,11574
2152,31321,2.4,11573
2153,31321,2.4.1,11574
2154,32429,2.3.1,11572
2155,31301,2.4.1,11574
2156,27937,2.4,11573
2157,27937,2.4.1,11574
2158,30855,2.4,11573
2159,30850,2.4,11573
2160,28332,2.4,11573
2161,30750,2.4.1,11574
2162,31159,2.4.1,11574
2163,31316,2.4,11573
2164,30609,2.4,11573
2165,30657,2.4,11573
2166,30590,2.4,11573
2167,31317,2.4,11573
2168,30651,2.4,11573
2169,31822,2.4,11573
2170,26976,2.3.1,11572
2171,28403,2.4,11573
2172,30536,2.3.1,11572
2173,32450,2.4,11573
2174,30549,2.4,11573
2175,30535,2.3.1,11572
2176,30320,2.4,11573
2177,30603,2.3.1,11572
2178,30111,2.3,11571
2179,31307,2.3.1,11572
2180,30705,2.3,11571
2181,30417,2.2,11570
2182,30579,2.4,11573
2183,30503,2.4,11573
2184,28941,2.3,11571
2185,27117,2.2,11570
2186,31628,2.3,11571
2187,27433,2.3,11571
2188,30826,2.3.1,11572
2189,30831,2.3.1,11572
2190,28369,2.4,11573
2191,27250,2.3,11571
2192,30594,2.4,11573
2193,30575,2.3,11571
2194,30647,2.3.1,11572
2195,30267,2.3,11571
2196,30267,2.3.1,11572
2197,30551,2.3,11571
2198,30551,2.3.1,11572
2199,31303,2.3,11571
2200,31302,2.2,11570
2201,30315,2.3,11571
2202,30315,2.3.1,11572
2203,30776,2.3,11571
2204,30456,2.3,11571
2205,31298,2.3,11571
2206,32402,2.1.2,11569
2207,32402,2.2,11570
2208,32402,2.3,11571
2209,30585,2.3,11571
2210,30571,2.2,11570
2211,31279,2.2,11570
2212,30903,2.3,11571
2213,30250,2.3,11571
2214,29547,2.3,11571
2215,31296,2.2,11570
2216,31295,2.3,11571
2217,26815,2.2,11570
2218,26815,2.3,11571
2219,30321,2.2,11570
2220,30321,2.3,11571
2221,28822,2.3,11571
2222,28519,2.2,11570
2223,26611,DEV-MAVEN-PLUGIN-0.8 ,11523
2224,31160,2.3,11571
2225,29954,2.2,11570
2226,30387,2.2,11570
2227,30387,2.3,11571
2228,28375,2.2,11570
2229,29877,2.3,11571
2230,30560,2.2,11570
2231,30458,2.2,11570
2232,30464,2.2,11570
2233,28290,2.2,11570
2234,30181,2.2,11570
2235,30181,2.3,11571
2236,30542,2.2,11570
2237,28223,2.2,11570
2238,31294,2.2,11570
2239,29904,2.2,11570
2240,30534,2.2,11570
2241,30515,2.2,11570
2242,28390,2.2,11570
2243,28390,2.3,11571
2244,30082,2.2,11570
2245,32346,2.2,11570
2246,28255,2.3,11571
2247,28428,2.2,11570
2248,30508,2.2,11570
2249,29934,2.3,11571
2250,28200,2.2,11570
2251,27266,2.2,11570
2252,31284,2.2,11570
2253,30566,2.2,11570
2254,31286,1.12,11564
2255,31286,2.0.1,11566
2256,31286,2.1.1,11568
2257,31286,2.2,11570
2258,31289,2.2,11570
2259,28176,2.1.2,11569
2260,28176,2.2,11570
2261,30293,2.2,11570
2262,29175,2.2,11570
2263,30282,2.2,11570
2264,32331,2.2,11570
2265,31282,2.2,11570
2266,32408,2.2,11570
2267,31287,2.2,11570
2268,29022,2.2,11570
2269,26808,2.2,11570
2270,29826,2.2,11570
2271,28234,2.2,11570
2272,31275,2.2,11570
2273,28803,2.1.2,11569
2274,26809,2.2,11570
2275,31579,2.2,11570
2276,30570,2.2,11570
2277,32349,2.0.1,11566
2278,30518,2.2,11570
2279,31281,2.2,11570
2280,32336,2.2,11570
2281,31280,2.2,11570
2282,27478,2.2,11570
2283,31213,2.2,11570
2284,29202,2.2,11570
2285,30359,2.2,11570
2286,30359,2.3,11571
2287,27573,2.2,11570
2288,32401,2.2,11570
2289,27236,2.2,11570
2290,31273,2.2,11570
2291,31274,2.2,11570
2292,31268,2.2,11570
2293,32400,2.2,11570
2294,27557,2.2,11570
2295,30672,2.2,11570
2296,26740,2.1.2,11569
2297,31267,2.1.2,11569
2298,30221,2.2,11570
2299,30528,2.0.1,11566
2300,32334,2.1,11567
2301,32334,2.1.1,11568
2302,32334,2.1.2,11569
2303,30561,2.2,11570
2304,28430,2.1.2,11569
2305,31266,2.1.2,11569
2306,29567,2.1.2,11569
2307,30511,2.1.2,11569
2308,31270,2.2,11570
2309,28376,2.2,11570
2310,31265,2.2,11570
2311,29363,2.1,11567
2312,28190,2.1.2,11569
2313,30442,2.0,11565
2314,30442,2.1,11567
2315,30720,2.1.2,11569
2316,31263,2.1.1,11568
2317,27490,2.1.2,11569
2318,31271,2.1.2,11569
2319,27232,1.11.1,11556
2320,29853,2.1,11567
2321,29196,2.1,11567
2322,29196,2.1.1,11568
2323,29196,2.1.2,11569
2324,29412,2.1.2,11569
2325,32320,2.1.2,11569
2326,27607,2.1.2,11569
2327,30396,2.1.2,11569
2328,29381,2.1.2,11569
2329,31627,2.1.2,11569
2330,29262,2.1.2,11569
2331,32075,2.1.2,11569
2332,32322,2.1,11567
2333,30475,2.0.1,11566
2334,32240,2.1.2,11569
2335,29504,2.2,11570
2336,32321,2.1.2,11569
2337,31255,2.1.2,11569
2338,29089,2.1,11567
2339,29089,2.1.1,11568
2340,29089,2.1.2,11569
2341,29083,2.1.2,11569
2342,26854,2.1.1,11568
2343,32021,2.1,11567
2344,29712,2.1.1,11568
2345,29712,2.1.2,11569
2346,29837,2.1,11567
2347,29575,2.1.1,11568
2348,32397,1.10.1,11554
2349,31221,2.1,11567
2350,32316,2.0.1,11566
2351,31269,2.1.1,11568
2352,31241,2.0.1,11566
2353,31241,2.1.1,11568
2354,27544,2.1,11567
2355,30843,2.0.1,11566
2356,30843,2.1.1,11568
2357,32317,2.1,11567
2358,31258,2.1,11567
2359,31254,2.0.1,11566
2360,32301,2.1,11567
2361,28068,2.1,11567
2362,32337,2.1,11567
2363,27230,2.0.1,11566
2364,28730,2.0.1,11566
2365,28730,2.1,11567
2366,31248,2.0.1,11566
2367,30823,2.0.1,11566
2368,28549,2.0.1,11566
2369,30479,2.0.1,11566
2370,30494,2.0.1,11566
2371,30460,1.12,11564
2372,30499,2.0.1,11566
2373,31250,2.0.1,11566
2374,30287,2.1,11567
2375,32395,2.0.1,11566
2376,26587,2.0.1,11566
2377,29185,2.0,11565
2378,29185,2.0.1,11566
2379,29072,2.0.1,11566
2380,27207,2.0.1,11566
2381,30094,2.0.1,11566
2382,27810,2.0.1,11566
2383,31253,1.12,11564
2384,32285,2.0.1,11566
2385,32292,2.0.1,11566
2386,30447,2.1,11567
2387,28268,2.0.1,11566
2388,29491,2.0.1,11566
2389,27346,2.0.1,11566
2390,30336,2.0.1,11566
2391,31225,2.0.1,11566
2392,31247,2.0.1,11566
2393,29864,2.0,11565
2394,30525,1.12,11564
2395,30525,2.0.1,11566
2396,30150,2.0.1,11566
2397,26812,2.0.1,11566
2398,26801,2.0.1,11566
2399,32177,2.0.1,11566
2400,30420,1.12,11564
2401,31238,1.12,11564
2402,30459,1.9.1,11551
2403,30459,1.9.2,11552
2404,30459,1.10,11553
2405,30459,1.10.1,11554
2406,30459,1.11,11555
2407,30459,1.11.1,11556
2408,30459,1.12,11564
2409,30459,2.0,11565
2410,30459,2.0.1,11566
2411,30487,1.9.1,11551
2412,30487,1.9.2,11552
2413,30487,1.10,11553
2414,30487,1.10.1,11554
2415,30487,1.11,11555
2416,30487,1.11.1,11556
2417,30487,1.12,11564
2418,30487,2.0,11565
2419,30487,2.0.1,11566
2420,28202,2.0.1,11566
2421,30411,2.0,11565
2422,30480,2.0.1,11566
2423,31236,2.0.1,11566
2424,30462,1.12,11564
2425,30493,1.12,11564
2426,28731,2.0,11565
2427,31249,1.11,11555
2428,28370,2.0.1,11566
2429,29073,2.0.1,11566
2430,28749,2.0,11565
2431,28749,2.0.1,11566
2432,31231,2.1,11567
2433,30088,2.0.1,11566
2434,28728,2.0.1,11566
2435,30752,2.0.1,11566
2436,30265,2.0.1,11566
2437,30399,2.0,11565
2438,30399,2.0.1,11566
2439,31237,2.0.1,11566
2440,27002,1.12,11564
2441,30332,2.0,11565
2442,31228,1.12,11564
2443,32121,1.12,11564
2444,30962,1.12,11564
2445,31227,1.12,11564
2446,30305,1.12,11564
2447,30395,1.12,11564
2448,30469,1.12,11564
2449,30206,1.12,11564
2450,30335,1.9.1,11551
2451,30335,1.9.2,11552
2452,30335,1.10,11553
2453,30335,1.10.1,11554
2454,30335,1.11,11555
2455,30335,1.11.1,11556
2456,30335,1.12,11564
2457,27254,1.12,11564
2458,31226,1.12,11564
2459,30356,1.12,11564
2460,27653,1.12,11564
2461,30853,1.12,11564
2462,29799,1.12,11564
2463,30440,1.12,11564
2464,29132,1.12,11564
2465,30587,1.12,11564
2466,28053,1.12,11564
2467,30361,1.12,11564
2468,28093,1.12,11564
2469,26803,1.12,11564
2470,30338,1.12,11564
2471,30340,1.12,11564
2472,31218,1.12,11564
2473,31714,1.12,11564
2474,27262,1.12,11564
2475,28553,1.12,11564
2476,30393,1.12,11564
2477,27748,1.12,11564
2478,32328,1.12,11564
2479,32325,1.12,11564
2480,27257,1.12,11564
2481,30341,1.12,11564
2482,32125,1.12,11564
2483,32332,1.11.1,11556
2484,32332,1.12,11564
2485,29969,1.12,11564
2486,31224,1.11,11555
2487,30344,1.12,11564
2488,31215,1.12,11564
2489,31216,1.12,11564
2490,30243,1.12,11564
2491,28714,1.12,11564
2492,30225,1.11,11555
2493,30225,1.11.1,11556
2494,30225,1.12,11564
2495,31209,1.12,11564
2496,28705,1.12,11564
2497,32398,1.12,11564
2498,32203,1.12,11564
2499,32394,1.12,11564
2500,30377,1.12,11564
2501,30368,1.9.1,11551
2502,30368,1.9.2,11552
2503,30368,1.10,11553
2504,30368,1.10.1,11554
2505,30368,1.11,11555
2506,30368,1.11.1,11556
2507,30368,1.12,11564
2508,31211,1.12,11564
2509,30300,1.11.1,11556
2510,31210,1.12,11564
2511,29273,1.12,11564
2512,31107,1.11.1,11556
2513,30302,1.11.1,11556
2514,31196,1.12,11564
2515,31206,1.11.1,11556
2516,29342,1.11.1,11556
2517,27229,1.11.1,11556
2518,27754,1.11.1,11556
2519,31201,1.12,11564
2520,30357,2.0.1,11566
2521,26816,1.12,11564
2522,32298,1.11.1,11556
2523,26769,1.11.1,11556
2524,30404,1.11.1,11556
2525,28884,1.11.1,11556
2526,32132,1.11.1,11556
2527,29045,1.9.1,11551
2528,29045,1.9.2,11552
2529,29045,1.10,11553
2530,29045,1.10.1,11554
2531,29045,1.11,11555
2532,29045,1.11.1,11556
2533,31200,1.11.1,11556
2534,30231,1.11,11555
2535,32391,1.11.1,11556
2536,28926,1.11,11555
2537,30365,1.10.1,11554
2538,31194,1.11.1,11556
2539,28736,1.11.1,11556
2540,30468,1.11.1,11556
2541,28707,1.11.1,11556
2542,27030,1.11.1,11556
2543,32360,1.11,11555
2544,27159,1.11.1,11556
2545,31192,1.11.1,11556
2546,28968,1.11,11555
2547,30643,1.11,11555
2548,31185,1.11,11555
2549,26842,1.11.1,11556
2550,29967,1.11.1,11556
2551,28661,1.11.1,11556
2552,27962,1.11.1,11556
2553,32390,1.11,11555
2554,28668,1.11,11555
2555,32269,1.11,11555
2556,30424,1.11,11555
2557,31190,1.11,11555
2558,31188,1.11,11555
2559,31191,1.9.1,11551
2560,31191,1.9.2,11552
2561,31191,1.10,11553
2562,31191,1.10.1,11554
2563,31191,1.11,11555
2564,28513,1.11,11555
2565,28221,1.11,11555
2566,28230,1.11,11555
2567,30113,1.9.2,11552
2568,32387,1.11,11555
2569,28224,1.11,11555
2570,31183,1.11,11555
2571,30234,1.11,11555
2572,28216,1.11,11555
2573,31186,1.11,11555
2574,31181,1.11,11555
2575,26817,1.11,11555
2576,29141,1.11,11555
2577,31175,1.11,11555
2578,30414,1.11,11555
2579,31179,1.9.1,11551
2580,31179,1.9.2,11552
2581,31179,1.10,11553
2582,31179,1.10.1,11554
2583,30370,1.10.1,11554
2584,32330,1.10.1,11554
2585,28558,1.10.1,11554
2586,28678,1.10.1,11554
2587,31174,1.10.1,11554
2588,32265,1.10.1,11554
2589,30135,1.8,11549
2590,30135,1.9,11550
2591,30135,1.9.1,11551
2592,30135,1.9.2,11552
2593,30135,1.10,11553
2594,30135,1.10.1,11554
2595,29140,1.10.1,11554
2596,28565,1.10.1,11554
2597,31170,1.10,11553
2598,28552,1.10.1,11554
2599,32383,1.10.1,11554
2600,31169,1.10.1,11554
2601,28555,1.10,11553
2602,28555,1.10.1,11554
2603,28560,1.10,11553
2604,28560,1.10.1,11554
2605,28641,1.10,11553
2606,28641,1.10.1,11554
2607,31168,1.10.1,11554
2608,28573,1.10.1,11554
2609,27184,1.10.1,11554
2610,32381,1.10.1,11554
2611,30279,1.10.1,11554
2612,28564,1.10.1,11554
2613,31165,1.10,11553
2614,27434,1.9,11550
2615,28568,1.10.1,11554
2616,32382,1.10.1,11554
2617,31163,1.10.1,11554
2618,27477,1.10.1,11554
2619,29090,1.10.1,11554
2620,31166,1.10.1,11554
2621,28550,1.10.1,11554
2622,28545,1.9.2,11552
2623,28537,1.10,11553
2624,28537,1.10.1,11554
2625,28533,1.10.1,11554
2626,29907,1.10.1,11554
2627,28701,1.10.1,11554
2628,31158,1.10.1,11554
2629,28188,1.9.2,11552
2630,32245,1.9.2,11552
2631,30963,1.10.1,11554
2632,28183,1.10,11553
2633,30201,1.11,11555
2634,30109,1.10,11553
2635,30109,1.10.1,11554
2636,30083,1.10.1,11554
2637,28463,1.10,11553
2638,28580,1.10.1,11554
2639,31156,1.10.1,11554
2640,27423,1.9,11550
2641,27423,1.9.1,11551
2642,27423,1.9.2,11552
2643,27423,1.10,11553
2644,27423,1.10.1,11554
2645,26505,1.9,11550
2646,26505,1.9.1,11551
2647,26505,1.9.2,11552
2648,26505,1.10,11553
2649,26505,1.10.1,11554
2650,27592,1.10,11553
2651,27592,1.10.1,11554
2652,30519,1.9,11550
2653,30519,1.9.1,11551
2654,30519,1.9.2,11552
2655,30519,1.10,11553
2656,30519,1.10.1,11554
2657,31028,1.10,11553
2658,31028,1.10.1,11554
2659,32324,1.10,11553
2660,28722,1.9.2,11552
2661,31153,1.10,11553
2662,27265,1.10,11553
2663,28584,1.10,11553
2664,31154,1.10,11553
2665,26896,1.10,11553
2666,32194,1.9.2,11552
2667,28527,1.8,11549
2668,28534,1.7,11548
2669,32128,1.9,11550
2670,32128,1.9.1,11551
2671,32128,1.9.2,11552
2672,26886,1.9,11550
2673,31151,1.9,11550
2674,26470,1.9,11550
2675,27227,1.9.2,11552
2676,26739,1.10,11553
2677,28203,1.9.2,11552
2678,28472,1.9.2,11552
2679,26558,1.10,11553
2680,32380,1.9.2,11552
2681,26563,1.9.2,11552
2682,26482,1.10,11553
2683,32219,1.9.2,11552
2684,28536,1.10,11553
2685,28679,1.9,11550
2686,28679,1.9.1,11551
2687,28679,1.9.2,11552
2688,28679,1.10,11553
2689,31149,1.9,11550
2690,31149,1.9.1,11551
2691,31149,1.9.2,11552
2692,31149,1.10,11553
2693,28496,1.10,11553
2694,26483,1.10,11553
2695,30249,1.10,11553
2696,28094,1.9.1,11551
2697,28094,1.9.2,11552
2698,28094,1.10,11553
2699,28783,1.10,11553
2700,26572,1.10,11553
2701,28789,1.10,11553
2702,30232,1.10,11553
2703,28766,1.10,11553
2704,31148,1.10,11553
2705,31146,1.9.2,11552
2706,28782,1.9,11550
2707,28782,1.9.1,11551
2708,28782,1.9.2,11552
2709,31145,1.9.2,11552
2710,28768,1.9.2,11552
2711,31144,1.9,11550
2712,31144,1.9.1,11551
2713,31144,1.9.2,11552
2714,31144,1.10,11553
2715,28423,1.9.2,11552
2716,28777,1.9.2,11552
2717,28288,1.9,11550
2718,30732,1.8,11549
2719,30732,1.9,11550
2720,28767,1.9,11550
2721,28767,1.9.1,11551
2722,28767,1.9.2,11552
2723,31055,1.9.2,11552
2724,31137,1.9.2,11552
2725,28772,1.9,11550
2726,28770,1.9.2,11552
2727,27321,1.9.2,11552
2728,30401,1.8,11549
2729,30401,1.9,11550
2730,30401,1.9.1,11551
2731,30401,1.9.2,11552
2732,30401,1.10,11553
2733,31138,1.9.2,11552
2734,32274,1.9.2,11552
2735,31134,1.9.2,11552
2736,28754,1.9.2,11552
2737,30072,1.8,11549
2738,31072,1.9.2,11552
2739,32131,1.8,11549
2740,28748,1.8,11549
2741,32146,1.8,11549
2742,26616,1.8,11549
2743,28751,1.9.2,11552
2744,32273,1.9.1,11551
2745,28753,1.9.1,11551
2746,32271,1.9.2,11552
2747,28738,1.9.1,11551
2748,28486,1.8,11549
2749,30198,1.8,11549
2750,28739,1.9.2,11552
2751,31128,1.9.2,11552
2752,28237,1.9.2,11552
2753,31130,1.9.2,11552
2754,28729,1.9,11550
2755,28729,1.9.1,11551
2756,28729,1.9.2,11552
2757,28735,1.9.2,11552
2758,31088,1.9,11550
2759,31088,1.9.1,11551
2760,31088,1.9.2,11552
2761,28727,1.8,11549
2762,29026,1.10,11553
2763,31127,1.8,11549
2764,31127,1.9,11550
2765,31127,1.9.1,11551
2766,31127,1.9.2,11552
2767,28741,1.9.2,11552
2768,28758,1.9.2,11552
2769,31125,1.9.2,11552
2770,28871,1.9.2,11552
2771,28858,1.9.2,11552
2772,28862,1.8,11549
2773,28870,1.9,11550
2774,28870,1.9.1,11551
2775,28870,1.9.2,11552
2776,28824,1.10,11553
2777,32279,1.9,11550
2778,28866,1.9,11550
2779,28866,1.9.1,11551
2780,31126,1.9,11550
2781,31126,1.9.1,11551
2782,28847,1.9,11550
2783,31120,1.9,11550
2784,31124,1.9,11550
2785,28864,1.9,11550
2786,28100,1.9,11550
2787,30391,1.9,11550
2788,28856,1.8,11549
2789,28851,1.9,11550
2790,32282,1.9,11550
2791,27269,1.9,11550
2792,30376,1.9,11550
2793,28062,1.9,11550
2794,31123,1.9,11550
2795,28854,1.8,11549
2796,28854,1.9,11550
2797,28857,1.9,11550
2798,28849,1.9,11550
2799,28848,1.9,11550
2800,28850,1.9,11550
2801,28842,1.9,11550
2802,28844,1.9,11550
2803,28840,1.9,11550
2804,32386,1.9,11550
2805,28832,1.9,11550
2806,28839,1.9,11550
2807,26876,1.9,11550
2808,31121,1.9,11550
2809,28833,1.9,11550
2810,26602,1.9,11550
2811,31119,1.8,11549
2812,31119,1.9,11550
2813,28820,1.8,11549
2814,30239,1.8,11549
2815,30239,1.9,11550
2816,28814,1.8,11549
2817,30509,1.8,11549
2818,27899,1.8,11549
2819,27239,1.8,11549
2820,32272,1.8,11549
2821,28800,1.8,11549
2822,32356,1.8,11549
2823,29206,1.8,11549
2824,31115,1.8,11549
2825,31018,1.8,11549
2826,31018,1.9,11550
2827,26580,1.8,11549
2828,26579,1.9,11550
2829,28794,1.8,11549
2830,32389,1.10,11553
2831,31111,1.8,11549
2832,28793,1.7,11548
2833,28793,1.8,11549
2834,32428,1.8,11549
2835,30943,1.8,11549
2836,30087,1.8,11549
2837,31113,1.8,11549
2838,32275,1.8,11549
2839,32270,1.8,11549
2840,28645,1.8,11549
2841,31104,1.8,11549
2842,26516,1.8,11549
2843,28264,1.8,11549
2844,31103,1.7,11548
2845,28624,1.7,11548
2846,26519,1.7,11548
2847,31105,1.7,11548
2848,27664,1.8,11549
2849,29210,1.8,11549
2850,32267,1.8,11549
2851,30254,1.8,11549
2852,28691,1.7,11548
2853,28663,1.7,11548
2854,26546,1.7,11548
2855,31097,1.7,11548
2856,28572,1.7,11548
2857,28607,1.6,11547
2858,28607,1.7,11548
2859,28607,1.8,11549
2860,28607,1.9,11550
2861,28610,1.7,11548
2862,27409,1.7,11548
2863,30323,1.8,11549
2864,26600,1.7,11548
2865,31093,1.7,11548
2866,28186,1.7,11548
2867,28588,1.7,11548
2868,30248,1.6,11547
2869,30248,1.7,11548
2870,30248,1.8,11549
2871,28892,1.7,11548
2872,29004,1.7,11548
2873,30107,1.6,11547
2874,30107,1.7,11548
2875,28485,1.7,11548
2876,32264,1.5.1,11546
2877,32264,1.6,11547
2878,32264,1.7,11548
2879,28593,1.7,11548
2880,30552,1.6,11547
2881,28599,1.7,11548
2882,32266,1.6,11547
2883,27746,1.8,11549
2884,27750,1.8,11549
2885,28589,1.7,11548
2886,31090,1.7,11548
2887,28512,1.7,11548
2888,28598,1.7,11548
2889,26503,1.7,11548
2890,28597,1.7,11548
2891,28411,1.7,11548
2892,30184,1.7,11548
2893,31085,1.7,11548
2894,28724,1.6,11547
2895,28724,1.7,11548
2896,30436,1.6,11547
2897,30436,1.7,11548
2898,28720,1.6,11547
2899,28720,1.7,11548
2900,32276,1.6,11547
2901,28718,1.7,11548
2902,28685,1.7,11548
2903,28726,1.6,11547
2904,28717,1.6,11547
2905,31086,1.4.3,11544
2906,31086,1.5,11545
2907,31086,1.5.1,11546
2908,31086,1.6,11547
2909,28682,1.7,11548
2910,28657,1.6,11547
2911,31083,1.6,11547
2912,28697,1.7,11548
2913,31087,1.5,11545
2914,31087,1.5.1,11546
2915,31087,1.6,11547
2916,31087,1.7,11548
2917,31087,1.8,11549
2918,27835,1.6,11547
2919,27835,1.7,11548
2920,29641,1.5,11545
2921,29641,1.5.1,11546
2922,29641,1.6,11547
2923,31080,1.6,11547
2924,28421,1.6,11547
2925,30216,1.6,11547
2926,28649,1.6,11547
2927,30530,1.5.1,11546
2928,30530,1.6,11547
2929,31078,1.5.1,11546
2930,31078,1.6,11547
2931,28653,1.6,11547
2932,31079,1.6,11547
2933,27956,1.6,11547
2934,31073,1.6,11547
2935,28662,1.5.1,11546
2936,29007,1.6,11547
2937,29006,1.6,11547
2938,29001,1.6,11547
2939,32017,1.6,11547
2940,32327,1.6,11547
2941,27563,1.6,11547
2942,28524,1.6,11547
2943,31075,1.6,11547
2944,32289,1.6,11547
2945,26547,1.6,11547
2946,27527,1.6,11547
2947,31077,1.6,11547
2948,28976,1.6,11547
2949,28994,1.6,11547
2950,27234,1.6,11547
2951,27234,1.7,11548
2952,27234,1.8,11549
2953,27234,1.9,11550
2954,26705,1.6,11547
2955,29019,1.6,11547
2956,29011,1.6,11547
2957,29635,1.5.1,11546
2958,29635,1.6,11547
2959,29010,1.5.1,11546
2960,32291,1.5,11545
2961,32291,1.5.1,11546
2962,31076,1.5.1,11546
2963,29020,1.5.1,11546
2964,31065,1.5.1,11546
2965,29013,1.5.1,11546
2966,29023,1.5.1,11546
2967,32294,1.5.1,11546
2968,29040,1.5,11545
2969,29038,1.6,11547
2970,29038,1.7,11548
2971,29038,1.8,11549
2972,29038,1.9,11550
2973,29039,1.5.1,11546
2974,29035,1.5.1,11546
2975,29027,1.5.1,11546
2976,29031,1.5.1,11546
2977,31063,1.5.1,11546
2978,31066,1.5.1,11546
2979,29033,1.5.1,11546
2980,27209,1.5.1,11546
2981,29052,1.5.1,11546
2982,29052,1.6,11547
2983,29056,1.5.1,11546
2984,29044,1.5.1,11546
2985,29048,1.5,11545
2986,29042,1.5,11545
2987,29049,1.5,11545
2988,29051,1.5,11545
2989,31059,1.5,11545
2990,29061,1.5,11545
2991,30151,1.5,11545
2992,29069,1.5,11545
2993,29070,1.5,11545
2994,29009,1.5,11545
2995,30102,1.5,11545
2996,29544,1.5,11545
2997,30099,1.5,11545
2998,29071,1.5,11545
2999,29065,1.4.2,11543
3000,26779,1.5,11545
3001,29068,1.5,11545
3002,32109,1.4.3,11544
3003,32109,1.5,11545
3004,29066,1.4.3,11544
3005,29066,1.5,11545
3006,31754,1.4.3,11544
3007,31754,1.5,11545
3008,32293,1.5,11545
3009,31060,1.4.3,11544
3010,29087,1.5,11545
3011,30098,1.5,11545
3012,29082,1.4,11541
3013,29082,1.5,11545
3014,31056,1.4.3,11544
3015,31056,1.5,11545
3016,29086,1.5,11545
3017,26785,1.5,11545
3018,29088,1.5,11545
3019,31061,1.5,11545
3020,30089,1.5,11545
3021,29091,1.5,11545
3022,28660,1.5,11545
3023,30202,1.5,11545
3024,30101,1.5,11545
3025,29094,1.5,11545
3026,29081,1.5,11545
3027,31052,1.5,11545
3028,30159,1.5,11545
3029,31058,1.6,11547
3030,28881,1.4.3,11544
3031,28887,1.4,11541
3032,28878,1.4,11541
3033,31053,1.5,11545
3034,28875,1.5,11545
3035,28888,1.5,11545
3036,26615,1.4.3,11544
3037,28873,1.4,11541
3038,28873,1.4.1,11542
3039,28873,1.4.2,11543
3040,28873,1.4.3,11544
3041,28873,1.5,11545
3042,28874,1.5,11545
3043,31050,1.4,11541
3044,31050,1.5,11545
3045,28903,1.5,11545
3046,28900,1.4.3,11544
3047,28900,1.5,11545
3048,31051,1.5,11545
3049,28899,1.5,11545
3050,32284,1.5,11545
3051,28897,1.5,11545
3052,28886,1.5,11545
3053,28905,1.5,11545
3054,28904,1.5,11545
3055,32277,1.5,11545
3056,32287,1.5,11545
3057,28911,1.5,11545
3058,28923,1.4.3,11544
3059,26643,1.5,11545
3060,31045,1.5,11545
3061,28917,1.4.2,11543
3062,28917,1.5,11545
3063,28920,1.5,11545
3064,31048,1.4.2,11543
3065,31048,1.4.3,11544
3066,28919,1.5,11545
3067,28931,1.5,11545
3068,31043,1.4.1,11542
3069,31043,1.4.2,11543
3070,31043,1.4.3,11544
3071,31043,1.5,11545
3072,31043,1.6,11547
3073,28913,1.4.3,11544
3074,27261,1.4.3,11544
3075,28929,1.4.2,11543
3076,28929,1.4.3,11544
3077,28929,1.5,11545
3078,28889,1.5,11545
3079,28944,1.4.3,11544
3080,28944,1.5,11545
3081,28946,1.4.2,11543
3082,28946,1.5,11545
3083,28943,1.4.2,11543
3084,28942,1.4.3,11544
3085,28935,1.4.2,11543
3086,32143,1.4.2,11543
3087,32143,1.4.3,11544
3088,32143,1.5,11545
3089,32281,1.4.3,11544
3090,32281,1.5,11545
3091,28939,1.5,11545
3092,31044,1.5,11545
3093,32144,1.5,11545
3094,28932,1.5,11545
3095,28938,1.5,11545
3096,32145,1.5,11545
3097,31013,1.4.2,11543
3098,28954,1.5,11545
3099,28959,1.5,11545
3100,32377,1.4.2,11543
3101,32377,1.5,11545
3102,31042,1.4.3,11544
3103,32283,1.4,11541
3104,32283,1.4.1,11542
3105,32283,1.4.2,11543
3106,32283,1.5,11545
3107,26674,1.5,11545
3108,28963,1.5,11545
3109,28962,1.5,11545
3110,28965,1.4.1,11542
3111,28965,1.5,11545
3112,28966,1.5,11545
3113,32141,1.5,11545
3114,32286,1.5,11545
3115,30283,1.4.1,11542
3116,30292,1.5,11545
3117,26682,1.5,11545
3118,28969,1.4.2,11543
3119,28969,1.5,11545
3120,26681,1.5,11545
3121,32142,1.5,11545
3122,30329,1.4.1,11542
3123,30092,1.5,11545
3124,28970,1.5,11545
3125,31032,1.4.1,11542
3126,31032,1.5,11545
3127,28973,1.4.2,11543
3128,28978,1.4.2,11543
3129,28978,1.5,11545
3130,28972,1.1,11537
3131,28972,1.2,11538
3132,28972,1.2.1,11539
3133,28972,1.3,11540
3134,28972,1.4,11541
3135,28972,1.4.1,11542
3136,28972,1.4.2,11543
3137,31038,1.4.1,11542
3138,31038,1.4.2,11543
3139,31038,1.4.3,11544
3140,31038,1.5,11545
3141,28974,1.5,11545
3142,31030,1.5,11545
3143,27782,1.5,11545
3144,30100,1.4.1,11542
3145,30100,1.5,11545
3146,29205,1.4.1,11542
3147,30097,1.5,11545
3148,31034,1.4.1,11542
3149,29193,1.4.1,11542
3150,29186,1.4,11541
3151,31019,1.4.1,11542
3152,31033,1.3,11540
3153,31033,1.4,11541
3154,31033,1.4.1,11542
3155,31033,1.4.2,11543
3156,31033,1.4.3,11544
3157,31033,1.5,11545
3158,29241,1.4,11541
3159,29233,1.4,11541
3160,29221,1.4,11541
3161,29221,1.5,11545
3162,29217,1.4,11541
3163,28960,1.4,11541
3164,28960,1.5,11545
3165,29214,1.4,11541
3166,29215,1.4,11541
3167,32130,1.4,11541
3168,32137,1.5,11545
3169,29218,1.4,11541
3170,29219,1.4,11541
3171,29219,1.5,11545
3172,32161,1.4,11541
3173,32161,1.5,11545
3174,32116,1.4,11541
3175,32303,1.4,11541
3176,26909,1.5,11545
3177,26897,1.3,11540
3178,29212,1.4,11541
3179,29211,1.4,11541
3180,29203,1.2,11538
3181,29256,1.4,11541
3182,29256,1.5,11545
3183,31031,1.4,11541
3184,29251,1.5,11545
3185,29249,1.3,11540
3186,29249,1.4,11541
3187,26933,1.4,11541
3188,29238,1.4,11541
3189,29250,1.5,11545
3190,29281,1.2.1,11539
3191,29287,1.3,11540
3192,29287,1.4,11541
3193,29287,1.4.1,11542
3194,29287,1.4.2,11543
3195,30220,1.3,11540
3196,31027,1.3,11540
3197,31027,1.4,11541
3198,29271,1.3,11540
3199,30110,1.3,11540
3200,29289,1.3,11540
3201,28908,1.5,11545
3202,29274,1.4,11541
3203,29279,1.4,11541
3204,29267,1.3,11540
3205,30093,1.5,11545
3206,27840,1.3,11540
3207,31029,1.3,11540
3208,29276,1.3,11540
3209,29269,1.3,11540
3210,29260,1.3,11540
3211,29261,1.3,11540
3212,29266,1.3,11540
3213,28098,1.3,11540
3214,31016,1.3,11540
3215,29257,1.3,11540
3216,29254,1.3,11540
3217,29268,1.3,11540
3218,32378,1.3,11540
3219,31023,1.1,11537
3220,31023,1.2,11538
3221,31023,1.2.1,11539
3222,31023,1.3,11540
3223,29110,1.3,11540
3224,29115,1.3,11540
3225,29116,1.3,11540
3226,32299,1.3,11540
3227,32297,1.3,11540
3228,29119,1.3,11540
3229,29119,1.5,11545
3230,29112,1.3,11540
3231,29109,1.3,11540
3232,28756,1.2,11538
3233,28756,1.2.1,11539
3234,28756,1.3,11540
3235,29120,1.3,11540
3236,29124,1.3,11540
3237,29126,1.3,11540
3238,31021,1.3,11540
3239,26612,1.3,11540
3240,29117,1.2,11538
3241,29098,1.2.1,11539
3242,29098,1.3,11540
3243,30211,1.3,11540
3244,30211,1.4,11541
3245,29099,1.2.1,11539
3246,29099,1.3,11540
3247,29093,1.2,11538
3248,32140,1.1,11537
3249,32140,1.2,11538
3250,32140,1.2.1,11539
3251,32140,1.3,11540
3252,29095,1.3,11540
3253,32379,1.2,11538
3254,29104,1.3,11540
3255,29105,1.3,11540
3256,29097,1.3,11540
3257,29106,1.3,11540
3258,29108,1.5,11545
3259,29128,1.5,11545
3260,28227,1.2,11538
3261,29155,1.2.1,11539
3262,26835,1.1,11537
3263,26835,1.2,11538
3264,26835,1.2.1,11539
3265,26835,1.3,11540
3266,26835,1.5,11545
3267,29163,1.2,11538
3268,30090,1.5,11545
3269,29147,1.5,11545
3270,29153,1.2,11538
3271,28989,1.2,11538
3272,27425,1.5,11545
3273,31014,1.2,11538
3274,31011,1.2,11538
3275,31011,1.2.1,11539
3276,29165,1.2,11538
3277,29159,1.2,11538
3278,32295,1.2,11538
3279,29177,1.2,11538
3280,29160,1.2,11538
3281,26860,1.2,11538
3282,31010,1.1,11537
3283,31010,1.2,11538
3284,29366,1.1,11537
3285,29366,1.2,11538
3286,29368,1.1,11537
3287,29368,1.2,11538
3288,30969,1.2,11538
3289,29375,1.2,11538
3290,31008,1.2,11538
3291,29376,1.2,11538
3292,29378,1.1,11537
3293,32310,1.5,11545
3294,29379,1.1,11537
3295,29897,1.1,11537
3296,29380,1.1,11537
3297,29380,1.5,11545
3298,29377,1.1,11537
3299,29357,1.1,11537
3300,29361,1.1,11537
3301,31004,1.1,11537
3302,29356,1.1,11537
3303,29352,1.0.2,11536
3304,29348,1.1,11537
3305,32309,1.0.2,11536
3306,31003,1.0.2,11536
3307,29277,1.1,11537
3308,29345,1.5,11545
3309,29344,1.1,11537
3310,32375,1.0.2,11536
3311,31007,1.0.2,11536
3312,29311,1.1,11537
3313,29305,1.1,11537
3314,29291,1.0.1,11535
3315,30998,1.0.2,11536
3316,30996,1.0.2,11536
3317,30990,1.5,11545
3318,27228,1.0.2,11536
3319,30995,1.0.2,11536
3320,29495,1.0.2,11536
3321,30991,1.5,11545
3322,29507,1.0.1,11535
3323,29501,1.1,11537
3324,29494,1.0.2,11536
3325,29450,1.1,11537
3326,29502,1.1,11537
3327,32311,1.1,11537
3328,29670,1.0.1,11535
3329,29503,1.1,11537
3330,29492,1.0.2,11536
3331,29496,1.0.2,11536
3332,29480,1.1,11537
3333,29473,1.5,11545
3334,32247,1.5,11545
