,from_tag,to_tag,ahead_by,behind_by
0,5.5-M2,5.4,20,66
1,5.4-M13,5.4,55,0
2,5.5-M4,5.4,17,97
3,5.4-RC1,5.4,33,0
4,5.5-M1,5.4,22,36
5,5.4-RC2,5.4,21,0
6,5.4-RC3,5.4,10,0
7,5.4-M10,5.4,181,0
8,5.4-M1,5.4,30,0
9,5.4-M14,5.4,30,0
10,5.4-RC4,5.4,3,0
11,5.4-M12,5.4,83,0
12,5.4-M11,5.4,144,0
13,5.5-M3,5.4,19,71
14,4.5.4,5.1-RC1,2304,39
15,5.0.1,5.1-RC1,1110,0
16,5.1.1,5.1-RC1,0,58
17,5.0-RC1,5.1-RC1,1182,0
18,5.0-RC4,5.1-RC1,1130,0
19,5.1.2,5.1-RC1,0,70
20,5.1-RC2,5.1-RC1,0,34
21,4.5.5,5.1-RC1,2304,39
22,4.5.6,5.1-RC1,2304,68
23,5.0-RC2,5.1-RC1,1171,0
24,5.0,5.1-RC1,1123,1
25,5.1,5.1-RC1,0,51
26,5.0-RC3,5.1-RC1,1166,0
27,4.5.7,5.1-RC1,2304,75
28,5.1,5.2-RC2,2785,0
29,5.0-RC4,5.2-RC2,3966,0
30,5.2-RC1,5.2-RC2,4,0
31,5.1-RC2,5.2-RC2,2802,0
32,5.0.1,5.2-RC2,3946,0
33,5.0,5.2-RC2,3959,1
34,5.0-RC3,5.2-RC2,4002,0
35,5.1.1,5.2-RC2,2778,0
36,5.3-RC2,5.2-RC2,0,639
37,5.3-RC1,5.2-RC2,0,600
38,5.2-RC3,5.2-RC2,0,56
39,5.1.2,5.2-RC2,2766,0
40,5.2,5.2-RC2,0,87
41,5.1-RC1,5.2-RC2,2836,0
42,2.12,2.10,1,445
43,2.13,2.10,1,731
44,2.11,2.10,0,180
45,2.10.1,2.10,0,3
46,6.7.1,7.6,2470,0
47,6.7.5,7.6,2455,77
48,7.0,7.6,2044,0
49,6.7.4,7.6,2455,50
50,7.9.1,7.6,0,903
51,7.5,7.6,243,0
52,7.8,7.6,0,745
53,7.9,7.6,0,886
54,6.7.2,7.6,2455,15
55,6.7.3,7.6,2455,30
56,7.7,7.6,0,236
57,7.0-RC1,7.6,2051,0
58,6.7.7,7.6,2455,105
59,6.7.6,7.6,2455,93
60,6.6,6.6-RC1,0,9
61,6.7.1,6.6-RC1,0,407
62,6.5-M4,6.6-RC1,1052,0
63,6.4-RC2,6.6-RC1,1482,0
64,6.5-M3,6.6-RC1,1067,0
65,6.7-RC1,6.6-RC1,0,357
66,6.7,6.6-RC1,0,3115
67,6.4-RC3,6.6-RC1,1470,0
68,6.5-M2,6.6-RC1,1134,0
69,6.4,6.6-RC1,1459,0
70,6.5-RC1,6.6-RC1,1068,0
71,6.5-RC2,6.6-RC1,1053,0
72,6.3-RC4,6.3.0.18800,0,24
73,6.3-RC1,6.3.0.18800,26,0
74,6.3,6.3.0.18800,0,32
75,6.2,6.3.0.18800,983,0
76,6.3.2,6.3.0.18800,0,50
77,6.3.1,6.3.0.18800,0,43
78,6.2.1,6.3.0.18800,962,0
79,6.3.0.18587,6.3.0.18800,16,0
80,6.3.0.18401,6.3.0.18800,26,0
81,6.2-RC1,6.3.0.18800,1048,0
82,6.2-RC3,6.3.0.18800,987,0
83,6.4-RC2,6.3.0.18800,0,1063
84,6.4-RC1,6.3.0.18800,0,1051
85,6.2-RC2,6.3.0.18800,999,0
86,6.3.0.18401,6.3.0.18587,10,0
87,6.2-RC3,6.3.0.18587,971,0
88,6.2-RC1,6.3.0.18587,1032,0
89,6.3.1,6.3.0.18587,0,59
90,6.3,6.3.0.18587,0,48
91,6.3.2,6.3.0.18587,0,66
92,6.3.0.18800,6.3.0.18587,0,16
93,6.3-RC4,6.3.0.18587,0,40
94,6.2-RC2,6.3.0.18587,983,0
95,6.2.1,6.3.0.18587,946,0
96,6.4-RC1,6.3.0.18587,0,1067
97,6.3-RC1,6.3.0.18587,10,0
98,6.1.1,6.3.0.18587,1659,0
99,6.2,6.3.0.18587,967,0
100,6.7,6.5,0,4161
101,6.5-RC1,6.5,22,0
102,6.5-RC2,6.5,7,0
103,6.4,6.5,413,0
104,6.6-RC1,6.5,0,1046
105,6.7-RC1,6.5,0,1403
106,6.5-M2,6.5,88,0
107,6.5-M1,6.5,227,2
108,6.4-RC1,6.5,448,0
109,6.5-M4,6.5,6,0
110,6.4-RC2,6.5,436,0
111,6.4-RC3,6.5,424,0
112,6.7.7,7.5,2212,105
113,7.8,7.5,0,988
114,6.7.1,7.5,2227,0
115,7.6,7.5,0,243
116,6.7.5,7.5,2212,77
117,6.7.6,7.5,2212,93
118,6.7.2,7.5,2212,15
119,7.0-RC1,7.5,1808,0
120,6.7.4,7.5,2212,50
121,6.7.3,7.5,2212,30
122,7.0,7.5,1801,0
123,7.9,7.5,0,1129
124,7.7,7.5,0,479
125,6.7,7.5,0,481
126,2.12,2.10.1,4,445
127,2.13,2.10.1,4,731
128,2.10,2.10.1,3,0
129,2.13.1,2.10.1,4,734
130,2.11,2.10.1,3,180
131,5.2,5.2-RC1,0,91
132,5.0-RC3,5.2-RC1,3998,0
133,5.3-RC1,5.2-RC1,0,604
134,5.2-RC2,5.2-RC1,0,4
135,5.1-RC1,5.2-RC1,2832,0
136,5.0.1,5.2-RC1,3942,0
137,5.0,5.2-RC1,3955,1
138,5.1.1,5.2-RC1,2774,0
139,5.1-RC2,5.2-RC1,2798,0
140,5.1,5.2-RC1,2781,0
141,5.2-RC3,5.2-RC1,0,60
142,5.1.2,5.2-RC1,2762,0
143,5.0-RC4,5.2-RC1,3962,0
144,5.0-RC2,5.2-RC1,4003,0
145,5.1.1,5.0.1,0,1168
146,5.1,5.0.1,0,1161
147,4.5.4,5.0.1,1194,39
148,5.0-RC1,5.0.1,72,0
149,4.5.3,5.0.1,1194,36
150,5.1-RC2,5.0.1,0,1144
151,5.0-RC4,5.0.1,20,0
152,4.5.6,5.0.1,1194,68
153,4.5.7,5.0.1,1194,75
154,5.1-RC1,5.0.1,0,1110
155,5.0-RC2,5.0.1,61,0
156,5.0-RC3,5.0.1,56,0
157,5.0,5.0.1,13,1
158,4.5.5,5.0.1,1194,39
159,5.5-M3,5.5-M1,0,38
160,5.4-RC4,5.5-M1,36,19
161,5.4-RC2,5.5-M1,36,1
162,5.4-RC3,5.5-M1,36,12
163,5.4-M11,5.5-M1,158,0
164,5.4-M13,5.5-M1,69,0
165,5.4-M1,5.5-M1,44,0
166,5.5-M4,5.5-M1,0,66
167,5.4-M12,5.5-M1,97,0
168,5.4,5.5-M1,36,22
169,5.5-M5,5.5-M1,0,93
170,5.4-M14,5.5-M1,44,0
171,5.5-M2,5.5-M1,0,32
172,5.4-RC1,5.5-M1,47,0
173,4.5-RC1,4.5.5,246,0
174,4.5-RC3,4.5.5,209,0
175,4.4.1,4.5.5,1141,7
176,5.0-RC1,4.5.5,39,1122
177,4.5.3,4.5.5,3,0
178,4.5-RC2,4.5.5,228,0
179,4.5.1,4.5.5,62,0
180,4.5.4,4.5.5,0,0
181,4.5.2,4.5.5,24,0
182,4.5,4.5.5,206,0
183,4.5.7,4.5.5,0,36
184,4.5.1-RC1,4.5.5,70,0
185,5.0-RC2,4.5.5,39,1133
186,4.5.6,4.5.5,0,29
187,5.0.1,5.1.1,1168,0
188,4.5.7,5.1.1,2362,75
189,5.1-RC2,5.1.1,24,0
190,5.0,5.1.1,1181,1
191,5.2-RC2,5.1.1,0,2778
192,5.1.2,5.1.1,0,12
193,5.2-RC1,5.1.1,0,2774
194,5.0-RC2,5.1.1,1229,0
195,5.0-RC1,5.1.1,1240,0
196,4.5.1,5.0-RC4,1197,0
197,4.5.6,5.0-RC4,1174,68
198,5.1-RC2,5.0-RC4,0,1164
199,4.5.3,5.0-RC4,1174,36
200,5.0-RC3,5.0-RC4,36,0
201,4.5.2,5.0-RC4,1174,15
202,5.0-RC2,5.0-RC4,41,0
203,5.1-RC1,5.0-RC4,0,1130
204,4.5.5,5.0-RC4,1174,39
205,5.0-RC1,5.0-RC4,52,0
206,5.0,5.0-RC4,0,8
207,5.0.1,5.0-RC4,0,20
208,4.5.4,5.0-RC4,1174,39
209,4.5.7,5.0-RC4,1174,75
210,2.13,2.12,0,286
211,2.11,2.12,270,6
212,2.14,2.12,0,649
213,2.6,2.12,1235,0
214,2.10.1,2.12,445,4
215,2.10,2.12,445,1
216,2.13.1,2.12,0,289
217,6.4-RC2,6.3.1,0,1020
218,6.3.0.18587,6.3.1,59,0
219,6.2-RC2,6.3.1,1042,0
220,6.4-RC3,6.3.1,0,1032
221,6.3-RC1,6.3.1,69,0
222,6.3.0.18800,6.3.1,43,0
223,6.2.1,6.3.1,1005,0
224,6.4-RC1,6.3.1,0,1008
225,6.3-RC4,6.3.1,19,0
226,6.3,6.3.1,11,0
227,6.3.2,6.3.1,0,7
228,6.2,6.3.1,1026,0
229,6.3.0.18401,6.3.1,69,0
230,6.2-RC3,6.3.1,1030,0
231,6.5-M1,6.6,1282,2
232,6.7-RC1,6.6,0,348
233,6.7,6.6,0,3106
234,6.4,6.6,1468,0
235,6.5-M2,6.6,1143,0
236,6.5,6.6,1055,0
237,6.4-RC3,6.6,1479,0
238,6.5-M4,6.6,1061,0
239,6.5-RC2,6.6,1062,0
240,6.7.1,6.6,0,398
241,6.5-RC1,6.6,1077,0
242,6.7.2,6.6,0,428
243,6.5-M3,6.6,1076,0
244,6.6-RC1,6.6,9,0
245,6.5-M2,6.7-RC1,1491,0
246,6.5-M1,6.7-RC1,1630,2
247,6.6,6.7-RC1,348,0
248,6.5,6.7-RC1,1403,0
249,6.7.1,6.7-RC1,0,50
250,6.5-M4,6.7-RC1,1409,0
251,6.5-RC2,6.7-RC1,1410,0
252,6.7.3,6.7-RC1,0,95
253,6.5-M3,6.7-RC1,1424,0
254,6.5-RC1,6.7-RC1,1425,0
255,6.7.2,6.7-RC1,0,80
256,6.6-RC1,6.7-RC1,357,0
257,6.4,6.7-RC1,1816,0
258,6.7,6.7-RC1,0,2758
259,6.2-RC3,6.3.2,1037,0
260,6.4,6.3.2,0,1036
261,6.3.1,6.3.2,7,0
262,6.4-RC1,6.3.2,0,1001
263,6.3-RC4,6.3.2,26,0
264,6.3-RC1,6.3.2,76,0
265,6.2.1,6.3.2,1012,0
266,6.3,6.3.2,18,0
267,6.3.0.18587,6.3.2,66,0
268,6.3.0.18401,6.3.2,76,0
269,6.4-RC2,6.3.2,0,1013
270,6.3.0.18800,6.3.2,50,0
271,6.2,6.3.2,1033,0
272,6.4-RC3,6.3.2,0,1025
273,2.10,2.11,180,0
274,2.14,2.11,6,919
275,2.12,2.11,6,270
276,2.13,2.11,6,556
277,2.13.1,2.11,6,559
278,2.10.1,2.11,180,3
279,4.5.5,5.0,1182,39
280,5.1-RC1,5.0,1,1123
281,4.5.3,5.0,1182,36
282,5.0-RC3,5.0,44,0
283,5.0.1,5.0,1,13
284,4.5.7,5.0,1182,75
285,5.0-RC4,5.0,8,0
286,5.0-RC1,5.0,60,0
287,5.1,5.0,1,1174
288,5.1-RC2,5.0,1,1157
289,4.5.4,5.0,1182,39
290,5.0-RC2,5.0,49,0
291,4.5.6,5.0,1182,68
292,4.5.2,5.0,1182,15
293,5.2,5.1.2,0,2853
294,5.2-RC3,5.1.2,0,2822
295,5.2-RC2,5.1.2,0,2766
296,5.0,5.1.2,1193,1
297,5.2-RC1,5.1.2,0,2762
298,5.1-RC2,5.1.2,36,0
299,5.0-RC3,5.1.2,1236,0
300,4.5.1,4.5.6,91,0
301,4.5.7,4.5.6,0,7
302,5.0-RC2,4.5.6,68,1133
303,4.5-RC1,4.5.6,275,0
304,5.0-RC3,4.5.6,68,1138
305,4.5,4.5.6,235,0
306,4.5.2,4.5.6,53,0
307,4.5.4,4.5.6,29,0
308,4.5-RC3,4.5.6,238,0
309,4.5.1-RC1,4.5.6,99,0
310,4.5.5,4.5.6,29,0
311,5.0-RC1,4.5.6,68,1122
312,4.5-RC2,4.5.6,257,0
313,4.5.3,4.5.6,32,0
314,5.0,5.2,4046,1
315,5.2-RC3,5.2,31,0
316,5.1-RC2,5.2,2889,0
317,5.2-RC1,5.2,91,0
318,5.1-RC1,5.2,2923,0
319,5.3-RC3,5.2,0,559
320,5.2-RC2,5.2,87,0
321,5.1,5.2,2872,0
322,5.1.2,5.2,2853,0
323,5.3-RC2,5.2,0,552
324,4.5.1-RC1,5.0-RC1,1153,0
325,4.5.1,5.0-RC1,1145,0
326,5.0-RC3,5.0-RC1,0,16
327,4.5,5.0-RC1,1289,0
328,4.5.6,5.0-RC1,1122,68
329,5.0,5.0-RC1,0,60
330,5.0-RC4,5.0-RC1,0,52
331,5.0-RC2,5.0-RC1,0,11
332,4.5.2,5.0-RC1,1122,15
333,4.5-RC3,5.0-RC1,1292,0
334,4.5.5,5.0-RC1,1122,39
335,4.5.3,5.0-RC1,1122,36
336,4.5.7,5.0-RC1,1122,75
337,4.5.4,5.0-RC1,1122,39
338,4.4.1,4.5-RC1,895,7
339,4.4-RC2,4.5-RC1,940,0
340,4.5-RC3,4.5-RC1,0,37
341,4.5-RC2,4.5-RC1,0,18
342,4.5.1-RC1,4.5-RC1,0,176
343,4.4-RC3,4.5-RC1,913,0
344,4.5,4.5-RC1,0,40
345,4.2,4.5-RC1,3235,99
346,4.3,4.5-RC1,2467,16
347,2.12,2.14,649,0
348,2.11,2.14,919,6
349,2.8,2.14,1477,0
350,2.7,2.14,1749,0
351,2.10.1,2.14,1094,4
352,2.6,2.14,1884,0
353,2.9,2.14,1281,0
354,2.10,2.14,1094,1
355,2.13,2.14,374,11
356,2.13.1,2.14,374,14
357,6.5-M2,6.4,0,325
358,6.5-RC1,6.4,0,391
359,6.4-RC3,6.4,11,0
360,6.5-M1,6.4,0,188
361,6.4-RC1,6.4,35,0
362,6.3.0.18800,6.4,1086,0
363,6.3,6.4,1054,0
364,6.3-RC4,6.4,1062,0
365,6.3.2,6.4,1036,0
366,6.3.0.18401,6.4,1112,0
367,6.3.0.18587,6.4,1102,0
368,6.5-M3,6.4,0,392
369,6.3.1,6.4,1043,0
370,6.4-RC2,6.4,23,0
371,6.3.2,6.5-M4,1443,0
372,6.5-RC1,6.5-M4,16,0
373,6.5-M1,6.5-M4,221,2
374,6.5,6.5-M4,0,6
375,6.4-RC2,6.5-M4,430,0
376,6.5-M3,6.5-M4,15,0
377,6.5-RC2,6.5-M4,1,0
378,6.6-RC1,6.5-M4,0,1052
379,6.5-M2,6.5-RC2,81,0
380,6.4-RC3,6.5-RC2,417,0
381,6.6-RC1,6.5-RC2,0,1053
382,6.3.1,6.5-RC2,1449,0
383,6.4-RC2,6.5-RC2,429,0
384,6.3.2,6.5-RC2,1442,0
385,6.4,6.5-RC2,406,0
386,6.4-RC1,6.5-RC2,441,0
387,6.5-M1,6.5-RC2,220,2
388,6.3,6.4-RC3,1043,0
389,6.5-RC1,6.4-RC3,0,402
390,6.5-M2,6.4-RC3,0,336
391,6.4-RC1,6.4-RC3,24,0
392,6.4,6.4-RC3,0,11
393,6.5-M1,6.4-RC3,0,199
394,6.3-RC1,6.4-RC3,1101,0
395,6.3.0.18587,6.4-RC3,1091,0
396,6.3.1,6.4-RC3,1032,0
397,6.3-RC4,6.4-RC3,1051,0
398,6.3.2,6.4-RC3,1025,0
399,6.4-RC2,6.4-RC3,12,0
400,6.3.0.18401,6.4-RC3,1101,0
401,6.3.0.18800,6.4-RC3,1075,0
402,2.11,2.6,0,971
403,2.7,2.6,0,135
404,3.0,2.6,0,2141
405,2.13.1,2.6,0,1524
406,2.10.1,2.6,0,794
407,2.13,2.6,0,1521
408,2.8,2.6,0,407
409,2.14,2.6,0,1884
410,2.12,2.6,0,1235
411,2.10,2.6,0,791
412,2.9,2.6,0,603
413,4.5-RC1,4.4.1,7,895
414,4.4-RC2,4.4.1,52,0
415,4.3,4.4.1,1579,16
416,4.4-RC1,4.4.1,91,0
417,4.5,4.4.1,7,935
418,4.3.1,4.4.1,1579,22
419,4.3.3,4.4.1,1579,34
420,4.5-RC2,4.5.7,264,0
421,4.5.1-RC1,4.5.7,106,0
422,5.0-RC3,4.5.7,75,1138
423,4.5-RC3,4.5.7,245,0
424,5.0-RC2,4.5.7,75,1133
425,4.5.3,4.5.7,39,0
426,5.0-RC1,4.5.7,75,1122
427,4.5.6,4.5.7,7,0
428,4.5,4.5.7,242,0
429,4.5.5,4.5.7,36,0
430,4.5.1,4.5.7,98,0
431,5.0-RC4,4.5.7,75,1174
432,4.5.4,4.5.7,36,0
433,4.5.2,4.5.7,60,0
434,5.2-RC2,5.2-RC3,56,0
435,5.3-RC1,5.2-RC3,0,544
436,5.3-RC2,5.2-RC3,0,583
437,5.2,5.2-RC3,0,31
438,5.1.1,5.2-RC3,2834,0
439,5.1.2,5.2-RC3,2822,0
440,5.1,5.2-RC3,2841,0
441,5.0,5.2-RC3,4015,1
442,5.3,5.4-M11,294,0
443,5.4-M9,5.4-M11,73,0
444,5.4-M12,5.4-M11,0,61
445,5.4-M14,5.4-M11,0,114
446,5.4-M6,5.4-M11,138,0
447,5.4-M4,5.4-M11,193,0
448,5.4-M7,5.4-M11,133,0
449,5.4-M5,5.4-M11,153,0
450,5.4-M10,5.4-M11,37,0
451,5.4-RC1,5.4-M11,0,111
452,5.4-M13,5.4-M11,0,89
453,5.4-M8,5.4-M11,110,0
454,5.4-M2,5.4-M11,250,0
455,5.4-M3,5.4-M11,233,0
456,5.0,5.0-RC2,0,49
457,4.5,5.0-RC2,1300,0
458,5.0-RC3,5.0-RC2,0,5
459,4.5.3,5.0-RC2,1133,36
460,4.5.5,5.0-RC2,1133,39
461,4.5.1-RC1,5.0-RC2,1164,0
462,4.5.2,5.0-RC2,1133,15
463,4.5.1,5.0-RC2,1156,0
464,5.0.1,5.0-RC2,0,61
465,4.5.7,5.0-RC2,1133,75
466,5.0-RC4,5.0-RC2,0,41
467,5.0-RC1,5.0-RC2,11,0
468,4.5.4,5.0-RC2,1133,39
469,4.5.6,5.0-RC2,1133,68
470,5.3-RC2,5.3-RC1,1,40
471,5.2,5.3-RC1,513,0
472,5.0.1,5.3-RC1,4546,0
473,5.1,5.3-RC1,3385,0
474,5.2-RC3,5.3-RC1,544,0
475,5.3,5.3-RC1,1,49
476,5.3-RC3,5.3-RC1,1,47
477,5.2-RC1,5.3-RC1,604,0
478,5.1.2,5.3-RC1,3366,0
479,5.2-RC2,5.3-RC1,600,0
480,5.1-RC1,5.3-RC1,3436,0
481,5.1-RC2,5.3-RC1,3402,0
482,2.14,2.13.1,14,374
483,2.8,2.13.1,1117,0
484,2.7,2.13.1,1389,0
485,2.10.1,2.13.1,734,4
486,2.6,2.13.1,1524,0
487,2.13,2.13.1,3,0
488,2.11,2.13.1,559,6
489,2.10,2.13.1,734,1
490,2.12,2.13.1,289,0
491,6.5-M4,6.5-RC1,0,16
492,6.3.0.18587,6.5-RC1,1493,0
493,6.3.1,6.5-RC1,1434,0
494,6.3.2,6.5-RC1,1427,0
495,6.4-RC1,6.5-RC1,426,0
496,6.4-RC2,6.5-RC1,414,0
497,6.4-RC3,6.5-RC1,402,0
498,6.5,6.5-RC1,0,22
499,6.3.0.18800,6.5-RC1,1477,0
500,6.4,6.5-RC1,391,0
501,6.5-M1,6.5-RC1,205,2
502,6.5-M3,6.5-RC1,0,1
503,6.5-M2,6.5-RC1,66,0
504,6.5-RC2,6.5-RC1,0,15
505,6.3.0.18800,6.4-RC1,1051,0
506,6.3,6.4-RC1,1019,0
507,6.2,6.4-RC1,2034,0
508,6.4-RC2,6.4-RC1,0,12
509,6.3-RC1,6.4-RC1,1077,0
510,6.3.2,6.4-RC1,1001,0
511,6.4,6.4-RC1,0,35
512,6.3.0.18587,6.4-RC1,1067,0
513,6.5-M1,6.4-RC1,0,223
514,6.3.1,6.4-RC1,1008,0
515,6.2.1,6.4-RC1,2013,0
516,6.3.0.18401,6.4-RC1,1077,0
517,6.4-RC3,6.4-RC1,0,24
518,6.3-RC4,6.4-RC1,1027,0
519,6.4,6.4-RC2,0,23
520,6.2.1,6.4-RC2,2025,0
521,6.3-RC4,6.4-RC2,1039,0
522,6.3.0.18401,6.4-RC2,1089,0
523,6.5-M2,6.4-RC2,0,348
524,6.3.0.18800,6.4-RC2,1063,0
525,6.3-RC1,6.4-RC2,1089,0
526,6.3,6.4-RC2,1031,0
527,6.4-RC3,6.4-RC2,0,12
528,6.5-M1,6.4-RC2,0,211
529,6.3.2,6.4-RC2,1013,0
530,6.3.0.18587,6.4-RC2,1079,0
531,6.4-RC1,6.4-RC2,12,0
532,6.3.1,6.4-RC2,1020,0
533,6.3.0.18800,6.5-M3,1478,0
534,6.4-RC1,6.5-M3,427,0
535,6.5-M1,6.5-M3,206,2
536,6.6-RC1,6.5-M3,0,1067
537,6.5-M2,6.5-M3,67,0
538,6.4,6.5-M3,392,0
539,6.3.1,6.5-M3,1435,0
540,6.3.2,6.5-M3,1428,0
541,6.4-RC2,6.5-M3,415,0
542,6.5-M4,6.5-M3,0,15
543,6.5,6.5-M3,0,21
544,6.5-RC1,6.5-M3,1,0
545,6.4-RC3,6.5-M3,403,0
546,2.10,2.13,731,1
547,2.7,2.13,1386,0
548,2.12,2.13,286,0
549,2.10.1,2.13,731,4
550,2.6,2.13,1521,0
551,2.13.1,2.13,0,3
552,2.11,2.13,556,6
553,2.14,2.13,11,374
554,5.2,5.3-RC2,552,0
555,5.3-RC3,5.3-RC2,0,7
556,5.2-RC1,5.3-RC2,643,0
557,5.1,5.3-RC2,3424,0
558,5.4-M3,5.3-RC2,0,70
559,5.1.1,5.3-RC2,3417,0
560,5.3-RC1,5.3-RC2,40,1
561,5.0.1,5.0-RC3,0,56
562,5.0-RC1,5.0-RC3,16,0
563,5.1-RC1,5.0-RC3,0,1166
564,4.5.1,5.0-RC3,1161,0
565,5.0-RC4,5.0-RC3,0,36
566,5.0-RC2,5.0-RC3,5,0
567,4.5.5,5.0-RC3,1138,39
568,4.5.1-RC1,5.0-RC3,1169,0
569,4.5.6,5.0-RC3,1138,68
570,4.5.7,5.0-RC3,1138,75
571,4.5.3,5.0-RC3,1138,36
572,4.5.2,5.0-RC3,1138,15
573,5.0,5.0-RC3,0,44
574,4.5.4,5.0-RC3,1138,39
575,5.4-M5,5.4-M10,116,0
576,5.3,5.4-M10,257,0
577,5.4-M12,5.4-M10,0,98
578,5.4-M2,5.4-M10,213,0
579,5.4-M11,5.4-M10,0,37
580,5.4-M7,5.4-M10,96,0
581,5.4-M4,5.4-M10,156,0
582,5.4-M13,5.4-M10,0,126
583,5.4-M8,5.4-M10,73,0
584,5.4-M6,5.4-M10,101,0
585,5.4-RC1,5.4-M10,0,148
586,5.3-RC3,5.4-M10,259,0
587,5.4-M3,5.4-M10,196,0
588,5.4-M9,5.4-M10,36,0
589,4.1-RC2,4.1.2,47,6
590,4.3,4.1.2,50,1761
591,4.0,4.1.2,453,30
592,3.7.2,4.1.2,933,49
593,4.3.2,4.1.2,50,1774
594,3.7.4,4.1.2,933,58
595,4.3.1,4.1.2,50,1767
596,4.1.1,4.1.2,3,0
597,3.7.1,4.1.2,933,42
598,3.7,4.1.2,1168,14
599,4.1-RC1,4.1.2,49,3
600,3.7.1-RC1-,4.1.2,972,2
601,4.2,4.1.2,50,1076
602,4.1,4.1.2,9,0
603,2.14,2.9,0,1281
604,3.1,2.9,0,1884
605,3.0,2.9,0,1538
606,2.11,2.9,0,368
607,3.1.1,2.9,0,1887
608,2.6,2.9,603,0
609,2.13.1,2.9,0,921
610,2.12,2.9,0,632
611,2.7,2.9,468,0
612,2.8,2.9,196,0
613,3.0.1,2.9,0,1547
614,2.10.1,2.9,0,191
615,2.10,2.9,0,188
616,2.13,2.9,0,918
617,6.2-RC1,6.3-RC1,1022,0
618,6.2-RC2,6.3-RC1,973,0
619,6.1,6.3-RC1,1653,0
620,6.2,6.3-RC1,957,0
621,6.1-RC1,6.3-RC1,1681,0
622,6.2.1,6.3-RC1,936,0
623,6.0,6.3-RC1,2245,0
624,6.3.0.18401,6.3-RC1,0,0
625,6.1.1,6.3-RC1,1649,0
626,6.3.0.18587,6.3-RC1,0,10
627,6.2-RC3,6.3-RC1,961,0
628,6.3,6.3-RC1,0,58
629,6.3-RC4,6.3-RC1,0,50
630,6.1-RC2,6.3-RC1,1657,0
631,5.6.4,5.6.6,14,0
632,5.5-RC2,5.6.6,453,0
633,5.6,5.6.6,101,0
634,6.0,5.6.6,66,472
635,5.6-RC2,5.6.6,108,0
636,5.5,5.6.6,450,0
637,6.0-RC2,5.6.6,71,468
638,5.6.5,5.6.6,3,0
639,5.6-RC1,5.6.6,132,0
640,5.6.7,5.6.6,0,10
641,5.6.1,5.6.6,69,0
642,6.0-RC1,5.6.6,71,450
643,5.6.3,5.6.6,31,0
644,5.6.2,5.6.6,44,0
645,5.5,5.6.7,460,0
646,5.6.2,5.6.7,54,0
647,5.6.4,5.6.7,24,0
648,5.6.6,5.6.7,10,0
649,6.0,5.6.7,76,472
650,5.6,5.6.7,111,0
651,6.0-RC2,5.6.7,81,468
652,5.6.3,5.6.7,41,0
653,5.6-RC2,5.6.7,118,0
654,5.6-RC1,5.6.7,142,0
655,5.6.5,5.6.7,13,0
656,6.1-RC1,5.6.7,56,1016
657,6.0-RC1,5.6.7,81,450
658,5.6.1,5.6.7,79,0
659,6.1.1,6.3-RC4,1699,0
660,6.1-RC1,6.3-RC4,1731,0
661,6.3.0.18401,6.3-RC4,50,0
662,6.2,6.3-RC4,1007,0
663,6.3.0.18800,6.3-RC4,24,0
664,6.2-RC3,6.3-RC4,1011,0
665,6.2-RC2,6.3-RC4,1023,0
666,6.3-RC1,6.3-RC4,50,0
667,6.1,6.3-RC4,1703,0
668,6.3,6.3-RC4,0,8
669,6.1-RC2,6.3-RC4,1707,0
670,6.2.1,6.3-RC4,986,0
671,6.3.0.18587,6.3-RC4,40,0
672,6.2-RC1,6.3-RC4,1072,0
673,3.7.1-RC1-,4.2,1998,2
674,4.1-RC2,4.2,1076,9
675,4.0,4.2,1479,30
676,4.1,4.2,1076,41
677,4.1-RC1,4.2,1076,4
678,4.1.2,4.2,1076,50
679,4.3.3,4.2,99,802
680,3.7.2,4.2,1959,49
681,4.3,4.2,99,784
682,3.7.4,4.2,1959,58
683,4.3.1,4.2,99,790
684,3.7.1,4.2,1959,42
685,4.1.1,4.2,1076,47
686,3.0.1,3.1,347,10
687,3.3,3.1,0,749
688,2.12,3.1,1252,0
689,3.2.1,3.1,0,383
690,2.14,3.1,609,6
691,3.0,3.1,347,1
692,2.9,3.1,1884,0
693,2.8,3.1,2080,0
694,2.13,3.1,977,11
695,2.7,3.1,2352,0
696,3.2,3.1,0,372
697,2.13.1,3.1,977,14
698,3.1.1,3.1,0,3
699,2.6,3.1,2487,0
700,5.5-M1,5.5-M13,594,0
701,5.5-M5,5.5-M13,501,0
702,5.5-M12,5.5-M13,7,0
703,5.5-M7,5.5-M13,363,0
704,5.5-RC2,5.5-M13,0,114
705,5.5-M10,5.5-M13,241,0
706,5.5-M4,5.5-M13,528,0
707,5.5-RC1,5.5-M13,0,50
708,5.5-M2,5.5-M13,562,0
709,5.5-M11,5.5-M13,82,0
710,5.5,5.5-M13,0,117
711,5.5-M3,5.5-M13,556,0
712,5.5-M6,5.5-M13,387,0
713,5.5-M14,5.5-M13,0,13
714,5.6.7,5.6.5,0,13
715,5.5,5.6.5,447,0
716,5.6.6,5.6.5,0,3
717,5.6.4,5.6.5,11,0
718,5.6,5.6.5,98,0
719,6.0-RC2,5.6.5,68,468
720,5.6-RC1,5.6.5,129,0
721,5.6-RC2,5.6.5,105,0
722,6.0-RC1,5.6.5,68,450
723,5.5-RC1,5.6.5,514,0
724,5.6.1,5.6.5,66,0
725,5.6.3,5.6.5,28,0
726,5.6.2,5.6.5,41,0
727,5.5-RC2,5.6.5,450,0
728,6.2-RC1,6.2.1,86,0
729,6.3.0.18401,6.2.1,0,936
730,6.3,6.2.1,0,994
731,6.1.1,6.2.1,713,0
732,6.0,6.2.1,1309,0
733,6.1-RC1,6.2.1,745,0
734,6.3-RC1,6.2.1,0,936
735,6.0-RC2,6.2.1,1318,0
736,6.2,6.2.1,21,0
737,6.3-RC4,6.2.1,0,986
738,6.2-RC3,6.2.1,25,0
739,6.1-RC2,6.2.1,721,0
740,6.2-RC2,6.2.1,37,0
741,6.1,6.2.1,717,0
742,6.2-RC1,6.2,65,0
743,6.0-RC2,6.2,1297,0
744,6.0-RC1,6.2,1315,0
745,6.2-RC2,6.2,16,0
746,6.0,6.2,1288,0
747,6.3,6.2,0,1015
748,6.3-RC4,6.2,0,1007
749,6.3-RC1,6.2,0,957
750,6.1-RC2,6.2,700,0
751,6.2-RC3,6.2,4,0
752,6.1,6.2,696,0
753,6.1-RC1,6.2,724,0
754,6.2.1,6.2,0,21
755,6.1.1,6.2,692,0
756,5.6.7,5.6.4,0,24
757,5.6-RC2,5.6.4,94,0
758,5.5-M14,5.6.4,540,0
759,6.0-RC1,5.6.4,57,450
760,5.6.2,5.6.4,30,0
761,5.5,5.6.4,436,0
762,5.6.5,5.6.4,0,11
763,5.5-RC2,5.6.4,439,0
764,5.6.3,5.6.4,17,0
765,5.6.6,5.6.4,0,14
766,5.6.1,5.6.4,55,0
767,5.6,5.6.4,87,0
768,5.6-RC1,5.6.4,118,0
769,5.5-RC1,5.6.4,503,0
770,5.5-M7,5.5-M12,356,0
771,5.5-M14,5.5-M12,0,20
772,5.5-M3,5.5-M12,549,0
773,5.5-M2,5.5-M12,555,0
774,5.5-M13,5.5-M12,0,7
775,5.4,5.5-M12,601,0
776,5.5-M1,5.5-M12,587,0
777,5.5-M5,5.5-M12,494,0
778,5.5-M4,5.5-M12,521,0
779,5.5-M6,5.5-M12,380,0
780,5.5-M10,5.5-M12,234,0
781,5.5-RC2,5.5-M12,0,121
782,5.5-M11,5.5-M12,75,0
783,5.5-RC1,5.5-M12,0,57
784,3.2.1,3.0.1,10,730
785,2.7,3.0.1,2015,0
786,2.12,3.0.1,915,0
787,2.14,3.0.1,272,6
788,3.1,3.0.1,10,347
789,2.13.1,3.0.1,640,14
790,2.8,3.0.1,1743,0
791,2.11,3.0.1,1185,6
792,3.2,3.0.1,10,719
793,2.9,3.0.1,1547,0
794,2.6,3.0.1,2150,0
795,3.0,3.0.1,9,0
796,3.1.1,3.0.1,10,350
797,2.13,3.0.1,640,11
798,3.3,3.2.1,7,373
799,2.8,3.2.1,2463,0
800,2.9,3.2.1,2267,0
801,3.0.1,3.2.1,730,10
802,3.3.2,3.2.1,7,385
803,2.14,3.2.1,992,6
804,2.6,3.2.1,2870,0
805,3.3.1,3.2.1,7,381
806,2.7,3.2.1,2735,0
807,3.1.1,3.2.1,380,0
808,3.2,3.2.1,11,0
809,3.0,3.2.1,730,1
810,3.1,3.2.1,383,0
811,3.4,3.2.1,7,851
812,5.6.2,6.0-RC1,450,27
813,6.0,6.0-RC1,0,27
814,5.6.7,6.0-RC1,450,81
815,5.6,6.0-RC1,480,0
816,5.6-RC1,6.0-RC1,511,0
817,5.6.4,6.0-RC1,450,57
818,5.6.3,6.0-RC1,450,40
819,6.0-RC2,6.0-RC1,0,18
820,5.6.1,6.0-RC1,450,2
821,5.6-RC2,6.0-RC1,487,0
822,6.1-RC2,6.0-RC1,0,615
823,5.6.6,6.0-RC1,450,71
824,5.6.5,6.0-RC1,450,68
825,6.1-RC1,6.0-RC1,0,591
826,6.0-RC1,6.1.1,623,0
827,5.6.5,6.1.1,1038,33
828,6.0-RC2,6.1.1,605,0
829,6.2-RC3,6.1.1,0,688
830,6.2-RC2,6.1.1,0,676
831,6.0,6.1.1,596,0
832,5.6.6,6.1.1,1038,36
833,5.6.7,6.1.1,1038,46
834,6.2-RC1,6.1.1,0,627
835,6.2,6.1.1,0,692
836,6.1-RC1,6.1.1,32,0
837,6.1-RC2,6.1.1,8,0
838,6.1,6.1.1,4,0
839,5.6.4,6.1.1,1038,22
840,5.5-RC1,5.6.2,473,0
841,5.5-M12,5.6.2,530,0
842,5.5-RC2,5.6.2,409,0
843,5.6.3,5.6.2,0,13
844,5.6.6,5.6.2,0,44
845,5.5-M13,5.6.2,523,0
846,5.6.1,5.6.2,25,0
847,5.6-RC1,5.6.2,88,0
848,5.5-M14,5.6.2,510,0
849,5.6.4,5.6.2,0,30
850,5.6-RC2,5.6.2,64,0
851,5.6,5.6.2,57,0
852,5.5,5.6.2,406,0
853,5.6.5,5.6.2,0,41
854,5.5-M14,5.6.3,523,0
855,5.5-M13,5.6.3,536,0
856,5.5,5.6.3,419,0
857,5.5-RC1,5.6.3,486,0
858,5.6,5.6.3,70,0
859,5.6.2,5.6.3,13,0
860,5.6.4,5.6.3,0,17
861,5.6.1,5.6.3,38,0
862,5.6-RC1,5.6.3,101,0
863,5.6.7,5.6.3,0,41
864,5.5-RC2,5.6.3,422,0
865,5.6-RC2,5.6.3,77,0
866,5.6.6,5.6.3,0,31
867,5.6.5,5.6.3,0,28
868,5.6.5,6.2-RC1,1661,29
869,6.0-RC2,6.2-RC1,1232,0
870,6.1.1,6.2-RC1,627,0
871,6.2-RC3,6.2-RC1,0,61
872,6.1-RC2,6.2-RC1,635,0
873,6.2-RC2,6.2-RC1,0,49
874,6.2,6.2-RC1,0,65
875,6.1-RC1,6.2-RC1,659,0
876,6.0-RC1,6.2-RC1,1250,0
877,5.6.7,6.2-RC1,1661,42
878,6.1,6.2-RC1,631,0
879,6.0,6.2-RC1,1223,0
880,5.6.6,6.2-RC1,1661,32
881,6.2.1,6.2-RC1,0,86
882,6.0,6.0-RC2,0,9
883,6.1-RC2,6.0-RC2,0,597
884,5.6.3,6.0-RC2,468,40
885,6.1,6.0-RC2,0,601
886,5.6.1,6.0-RC2,468,2
887,5.6,6.0-RC2,498,0
888,5.6.6,6.0-RC2,468,71
889,5.6.5,6.0-RC2,468,68
890,5.6.7,6.0-RC2,468,81
891,5.6.2,6.0-RC2,468,27
892,6.0-RC1,6.0-RC2,18,0
893,5.6.4,6.0-RC2,468,57
894,5.6-RC2,6.0-RC2,505,0
895,6.1-RC1,6.0-RC2,0,573
896,3.3.1,3.3,0,8
897,3.1.1,3.3,746,0
898,2.6,3.3,3236,0
899,2.9,3.3,2633,0
900,3.4.1,3.3,9,491
901,2.7,3.3,3101,0
902,3.2,3.3,377,0
903,3.2.1,3.3,373,7
904,2.8,3.3,2829,0
905,3.1,3.3,749,0
906,3.0.1,3.3,1096,10
907,3.4,3.3,9,487
908,3.0,3.3,1096,1
909,3.3.2,3.3,0,12
910,2.14,3.2,981,6
911,3.2.1,3.2,0,11
912,2.7,3.2,2724,0
913,3.1.1,3.2,369,0
914,3.3.2,3.2,0,389
915,3.3,3.2,0,377
916,2.9,3.2,2256,0
917,2.8,3.2,2452,0
918,3.1,3.2,372,0
919,3.0,3.2,719,1
920,3.3.1,3.2,0,385
921,2.13.1,3.2,1349,14
922,3.0.1,3.2,719,10
923,2.6,3.2,2859,0
924,3.7.1,3.7.1-RC1-,2,81
925,3.7.2,3.7.1-RC1-,2,88
926,3.7,3.7.1-RC1-,198,14
927,3.3.2,3.7.1-RC1-,2590,21
928,3.4.1,3.7.1-RC1-,2103,4
929,3.4,3.7.1-RC1-,2103,0
930,3.6.2,3.7.1-RC1-,702,65
931,3.5,3.7.1-RC1-,1643,1
932,3.6.3,3.7.1-RC1-,702,70
933,3.7.4,3.7.1-RC1-,2,97
934,4.0,3.7.1-RC1-,2,549
935,3.6,3.7.1-RC1-,702,49
936,3.6.1,3.7.1-RC1-,702,62
937,3.5.1,3.7.1-RC1-,1643,5
938,5.6.7,6.2-RC3,1708,28
939,6.0,6.2-RC3,1284,0
940,6.1.1,6.2-RC3,688,0
941,6.3-RC1,6.2-RC3,0,961
942,6.1,6.2-RC3,692,0
943,6.3-RC4,6.2-RC3,0,1011
944,6.2,6.2-RC3,0,4
945,6.2.1,6.2-RC3,0,25
946,6.2-RC1,6.2-RC3,61,0
947,6.0-RC1,6.2-RC3,1311,0
948,6.2-RC2,6.2-RC3,12,0
949,6.0-RC2,6.2-RC3,1293,0
950,6.1-RC2,6.2-RC3,696,0
951,6.1-RC1,6.2-RC3,720,0
952,6.1-RC2,6.1-RC1,0,24
953,5.6.3,6.1-RC1,1016,15
954,6.0-RC2,6.1-RC1,573,0
955,5.6.6,6.1-RC1,1016,46
956,6.1,6.1-RC1,0,28
957,5.6.5,6.1-RC1,1016,43
958,6.2-RC1,6.1-RC1,0,659
959,5.6.7,6.1-RC1,1016,56
960,5.6.2,6.1-RC1,1016,2
961,6.1.1,6.1-RC1,0,32
962,5.6.4,6.1-RC1,1016,32
963,5.6.1,6.1-RC1,1039,0
964,6.0-RC1,6.1-RC1,591,0
965,6.0,6.1-RC1,564,0
966,5.6.5,6.0,472,63
967,6.1,6.0,0,592
968,5.6.6,6.0,472,66
969,5.6.4,6.0,472,52
970,5.6.7,6.0,472,76
971,5.6.3,6.0,472,35
972,5.6.1,6.0,475,0
973,6.1-RC1,6.0,0,564
974,6.1.1,6.0,0,596
975,6.0-RC2,6.0,9,0
976,5.6.2,6.0,472,22
977,6.0-RC1,6.0,27,0
978,6.1-RC2,6.0,0,588
979,5.6,6.0,507,0
980,6.0-RC2,6.2-RC2,1281,0
981,6.2.1,6.2-RC2,0,37
982,6.1,6.2-RC2,680,0
983,6.1.1,6.2-RC2,676,0
984,6.2-RC1,6.2-RC2,49,0
985,6.0,6.2-RC2,1272,0
986,6.2-RC3,6.2-RC2,0,12
987,6.0-RC1,6.2-RC2,1299,0
988,6.1-RC2,6.2-RC2,684,0
989,6.1-RC1,6.2-RC2,708,0
990,5.6.7,6.2-RC2,1699,31
991,5.6.6,6.2-RC2,1699,21
992,6.3-RC1,6.2-RC2,0,973
993,6.2,6.2-RC2,0,16
994,3.4.1,3.7,1919,4
995,3.5.1,3.7,1459,5
996,3.7.1-RC1-,3.7,14,198
997,3.6.3,3.7,518,70
998,3.7.1,3.7,0,263
999,3.3.1,3.7,2406,17
1000,3.7.2,3.7,0,270
1001,3.6,3.7,518,49
1002,3.3.2,3.7,2406,21
1003,3.7.4,3.7,0,279
1004,3.6.1,3.7,518,62
1005,3.5,3.7,1459,1
1006,3.4,3.7,1919,0
1007,3.6.2,3.7,518,65
1008,3.2,3.1.1,0,369
1009,3.0,3.1.1,350,1
1010,2.8,3.1.1,2083,0
1011,3.0.1,3.1.1,350,10
1012,2.7,3.1.1,2355,0
1013,2.13,3.1.1,980,11
1014,3.3.1,3.1.1,0,754
1015,2.13.1,3.1.1,980,14
1016,3.3,3.1.1,0,746
1017,3.2.1,3.1.1,0,380
1018,3.1,3.1.1,3,0
1019,2.14,3.1.1,612,6
1020,2.9,3.1.1,1887,0
1021,2.6,3.1.1,2490,0
1022,2.8,3.3.2,2841,0
1023,3.4,3.3.2,21,487
1024,3.2,3.3.2,389,0
1025,2.9,3.3.2,2645,0
1026,3.0,3.3.2,1108,1
1027,3.0.1,3.3.2,1108,10
1028,3.5,3.3.2,21,948
1029,3.2.1,3.3.2,385,7
1030,3.1,3.3.2,761,0
1031,3.5.1,3.3.2,21,952
1032,3.1.1,3.3.2,758,0
1033,3.3,3.3.2,12,0
1034,3.3.1,3.3.2,4,0
1035,3.4.1,3.3.2,21,491
1036,3.4,3.6.1,1463,0
1037,3.7,3.6.1,62,518
1038,3.4.1,3.6.1,1463,4
1039,3.6,3.6.1,13,0
1040,3.5.1,3.6.1,1003,5
1041,3.2.1,3.6.1,2314,7
1042,3.3.2,3.6.1,1950,21
1043,3.6.2,3.6.1,0,3
1044,3.3.1,3.6.1,1950,17
1045,3.2,3.6.1,2318,0
1046,3.7.1-RC1-,3.6.1,62,702
1047,3.3,3.6.1,1950,9
1048,3.6.3,3.6.1,0,8
1049,3.5,3.6.1,1003,1
1050,3.7.4,3.7.2,0,9
1051,3.5,3.7.2,1729,1
1052,3.4.1,3.7.2,2189,4
1053,3.6.3,3.7.2,788,70
1054,4.0,3.7.2,49,510
1055,4.1-RC1,3.7.2,49,887
1056,3.7,3.7.2,270,0
1057,3.6,3.7.2,788,49
1058,3.6.1,3.7.2,788,62
1059,4.1-RC2,3.7.2,49,892
1060,3.7.1,3.7.2,7,0
1061,3.6.2,3.7.2,788,65
1062,3.7.1-RC1-,3.7.2,88,2
1063,3.5.1,3.7.2,1729,5
1064,5.6.2,5.6.1,0,25
1065,5.6.5,5.6.1,0,66
1066,5.5,5.6.1,381,0
1067,5.5-M11,5.6.1,580,0
1068,5.6-RC1,5.6.1,63,0
1069,5.5-M13,5.6.1,498,0
1070,5.6,5.6.1,32,0
1071,5.5-RC2,5.6.1,384,0
1072,5.6.3,5.6.1,0,38
1073,5.5-M14,5.6.1,485,0
1074,5.6.4,5.6.1,0,55
1075,5.5-RC1,5.6.1,448,0
1076,5.6-RC2,5.6.1,39,0
1077,5.5-M12,5.6.1,505,0
1078,5.5-M1,5.5-M5,93,0
1079,5.4,5.5-M5,118,11
1080,5.4-RC3,5.5-M5,118,1
1081,5.5-M6,5.5-M5,0,114
1082,5.5-M7,5.5-M5,0,138
1083,5.5-M11,5.5-M5,0,419
1084,5.5-M3,5.5-M5,55,0
1085,5.5-M10,5.5-M5,0,260
1086,5.5-M2,5.5-M5,61,0
1087,5.5-M4,5.5-M5,27,0
1088,5.4-RC1,5.5-M4,113,0
1089,5.5-M6,5.5-M4,0,141
1090,5.4,5.5-M4,97,17
1091,5.4-RC2,5.5-M4,101,0
1092,5.4-RC3,5.5-M4,97,7
1093,5.5-M3,5.5-M4,28,0
1094,5.5-M1,5.5-M4,66,0
1095,5.5-M10,5.5-M4,0,287
1096,5.4-RC4,5.5-M4,97,14
1097,5.5-M2,5.5-M4,34,0
1098,5.4-M1,5.5-M4,110,0
1099,5.5-M5,5.5-M4,0,27
1100,5.5-M7,5.5-M4,0,165
1101,5.4-M14,5.5-M4,110,0
1102,5.5-M11,5.6,548,0
1103,5.6.2,5.6,0,57
1104,5.5-M13,5.6,466,0
1105,5.6-RC1,5.6,31,0
1106,5.6-RC2,5.6,7,0
1107,5.5-M14,5.6,453,0
1108,5.5,5.6,349,0
1109,5.6.3,5.6,0,70
1110,5.6.4,5.6,0,87
1111,5.5-RC1,5.6,416,0
1112,5.5-M12,5.6,473,0
1113,5.5-RC2,5.6,352,0
1114,5.6.1,5.6,0,32
1115,5.5-M10,5.6,707,0
1116,3.6.2,3.7.1,781,65
1117,3.5.1,3.7.1,1722,5
1118,3.6.3,3.7.1,781,70
1119,3.7.1-RC1-,3.7.1,81,2
1120,3.7,3.7.1,263,0
1121,3.7.4,3.7.1,0,16
1122,4.1-RC1,3.7.1,42,887
1123,3.6.1,3.7.1,781,62
1124,4.0,3.7.1,42,510
1125,3.4.1,3.7.1,2182,4
1126,3.4,3.7.1,2182,0
1127,3.6,3.7.1,781,49
1128,3.5,3.7.1,1722,1
1129,3.7.2,3.7.1,0,7
1130,3.6.3,3.6,0,21
1131,3.6.2,3.6,0,16
1132,3.2.1,3.6,2301,7
1133,3.7,3.6,49,518
1134,3.5,3.6,990,1
1135,3.3,3.6,1937,9
1136,3.6.1,3.6,0,13
1137,3.4.1,3.6,1450,4
1138,3.5.1,3.6,990,5
1139,3.3.1,3.6,1937,17
1140,3.4,3.6,1450,0
1141,3.2,3.6,2305,0
1142,3.1.1,3.6,2674,0
1143,3.3.2,3.6,1937,21
1144,3.4,3.3.1,17,487
1145,3.3.2,3.3.1,0,4
1146,3.0,3.3.1,1104,1
1147,3.4.1,3.3.1,17,491
1148,3.5,3.3.1,17,948
1149,3.2,3.3.1,385,0
1150,2.7,3.3.1,3109,0
1151,3.0.1,3.3.1,1104,10
1152,3.2.1,3.3.1,381,7
1153,3.1,3.3.1,757,0
1154,3.3,3.3.1,8,0
1155,2.9,3.3.1,2641,0
1156,2.8,3.3.1,2837,0
1157,3.1.1,3.3.1,754,0
1158,4.1-RC2,3.7.4,58,892
1159,4.1,3.7.4,58,924
1160,3.6.2,3.7.4,797,65
1161,3.6.3,3.7.4,797,70
1162,3.5,3.7.4,1738,1
1163,3.7,3.7.4,279,0
1164,3.7.1,3.7.4,16,0
1165,3.7.2,3.7.4,9,0
1166,3.6,3.7.4,797,49
1167,3.6.1,3.7.4,797,62
1168,3.7.1-RC1-,3.7.4,97,2
1169,3.5.1,3.7.4,1738,5
1170,4.1-RC1,3.7.4,58,887
1171,4.0,3.7.4,58,510
1172,3.7.1-RC1-,3.6.2,65,702
1173,3.4,3.6.2,1466,0
1174,3.6.1,3.6.2,3,0
1175,3.3,3.6.2,1953,9
1176,3.4.1,3.6.2,1466,4
1177,3.3.2,3.6.2,1953,21
1178,3.2.1,3.6.2,2317,7
1179,3.3.1,3.6.2,1953,17
1180,3.7.1,3.6.2,65,781
1181,3.5,3.6.2,1006,1
1182,3.6.3,3.6.2,0,5
1183,3.5.1,3.6.2,1006,5
1184,3.7,3.6.2,65,518
1185,3.6,3.6.2,16,0
1186,5.6.7,6.1-RC2,1030,46
1187,6.2-RC2,6.1-RC2,0,684
1188,6.2-RC1,6.1-RC2,0,635
1189,6.0-RC1,6.1-RC2,615,0
1190,5.6.2,6.1-RC2,1038,0
1191,5.6.6,6.1-RC2,1030,36
1192,6.0-RC2,6.1-RC2,597,0
1193,5.6.5,6.1-RC2,1030,33
1194,6.1-RC1,6.1-RC2,24,0
1195,6.1,6.1-RC2,0,4
1196,5.6.3,6.1-RC2,1030,5
1197,6.1.1,6.1-RC2,0,8
1198,5.6.4,6.1-RC2,1030,22
1199,6.0,6.1-RC2,588,0
1200,5.4,5.5-M2,66,20
1201,5.5-M5,5.5-M2,0,61
1202,5.4-M13,5.5-M2,101,0
1203,5.4-RC3,5.5-M2,66,10
1204,5.4-RC1,5.5-M2,79,0
1205,5.4-M12,5.5-M2,129,0
1206,5.4-RC2,5.5-M2,67,0
1207,5.5-M4,5.5-M2,0,34
1208,5.4-M1,5.5-M2,76,0
1209,5.4-M14,5.5-M2,76,0
1210,5.4-RC4,5.5-M2,66,17
1211,5.5-M6,5.5-M2,0,175
1212,5.5-M1,5.5-M2,32,0
1213,5.5-M3,5.5-M2,0,6
1214,5.5-M14,5.6-RC1,422,0
1215,5.5,5.6-RC1,318,0
1216,5.6.2,5.6-RC1,0,88
1217,5.6-RC2,5.6-RC1,0,24
1218,5.5-M7,5.6-RC1,798,0
1219,5.5-M13,5.6-RC1,435,0
1220,5.5-M11,5.6-RC1,517,0
1221,5.5-RC2,5.6-RC1,321,0
1222,5.5-RC1,5.6-RC1,385,0
1223,5.6,5.6-RC1,0,31
1224,5.5-M6,5.6-RC1,822,0
1225,5.6.1,5.6-RC1,0,63
1226,5.5-M10,5.6-RC1,676,0
1227,5.5-M12,5.6-RC1,442,0
1228,5.5-RC1,5.6-RC2,409,0
1229,5.6.3,5.6-RC2,0,77
1230,5.6.1,5.6-RC2,0,39
1231,5.5-RC2,5.6-RC2,345,0
1232,5.5,5.6-RC2,342,0
1233,5.5-M12,5.6-RC2,466,0
1234,5.6,5.6-RC2,0,7
1235,5.6-RC1,5.6-RC2,24,0
1236,5.5-M10,5.6-RC2,700,0
1237,5.6.2,5.6-RC2,0,64
1238,5.5-M11,5.6-RC2,541,0
1239,5.5-M7,5.6-RC2,822,0
1240,5.5-M14,5.6-RC2,446,0
1241,5.5-M13,5.6-RC2,459,0
1242,5.4,5.5-M3,71,19
1243,5.4-RC4,5.5-M3,71,16
1244,5.5-M1,5.5-M3,38,0
1245,5.4-M14,5.5-M3,82,0
1246,5.5-M2,5.5-M3,6,0
1247,5.4-RC2,5.5-M3,73,0
1248,5.5-M7,5.5-M3,0,193
1249,5.5-M6,5.5-M3,0,169
1250,5.4-M13,5.5-M3,107,0
1251,5.4-RC1,5.5-M3,85,0
1252,5.4-RC3,5.5-M3,71,9
1253,5.5-M4,5.5-M3,0,28
1254,5.4-M1,5.5-M3,82,0
1255,5.5-M5,5.5-M3,0,55
1256,5.6.3,6.1,1034,5
1257,6.2-RC3,6.1,0,692
1258,6.2-RC1,6.1,0,631
1259,6.0,6.1,592,0
1260,5.6.4,6.1,1034,22
1261,5.6.5,6.1,1034,33
1262,6.0-RC2,6.1,601,0
1263,6.2-RC2,6.1,0,680
1264,6.1-RC1,6.1,28,0
1265,5.6.6,6.1,1034,36
1266,6.1.1,6.1,0,4
1267,6.0-RC1,6.1,619,0
1268,5.6.7,6.1,1034,46
1269,6.1-RC2,6.1,4,0
1270,3.7,3.6.3,70,518
1271,3.5,3.6.3,1011,1
1272,3.7.1-RC1-,3.6.3,70,702
1273,3.3.1,3.6.3,1958,17
1274,3.3,3.6.3,1958,9
1275,3.7.2,3.6.3,70,788
1276,3.6.1,3.6.3,8,0
1277,3.4,3.6.3,1471,0
1278,3.5.1,3.6.3,1011,5
1279,3.6,3.6.3,21,0
1280,3.3.2,3.6.3,1958,21
1281,3.4.1,3.6.3,1471,4
1282,3.6.2,3.6.3,5,0
1283,3.7.1,3.6.3,70,781
1284,4.1-RC1,4.0,30,407
1285,3.5.1,4.0,2190,5
1286,3.6.2,4.0,1249,65
1287,3.7.4,4.0,510,58
1288,4.1.1,4.0,30,450
1289,3.7.1-RC1-,4.0,549,2
1290,3.6.3,4.0,1249,70
1291,3.6.1,4.0,1249,62
1292,4.1-RC2,4.0,30,412
1293,4.1,4.0,30,444
1294,3.7.1,4.0,510,42
1295,3.7.2,4.0,510,49
1296,3.7,4.0,745,14
1297,3.6,4.0,1249,49
1298,3.7,4.1.1,1165,14
1299,3.6.3,4.1.1,1669,70
1300,4.3.1,4.1.1,47,1767
1301,4.2,4.1.1,47,1076
1302,4.0,4.1.1,450,30
1303,3.7.4,4.1.1,930,58
1304,3.7.1,4.1.1,930,42
1305,4.1.2,4.1.1,0,3
1306,4.1-RC1,4.1.1,46,3
1307,3.7.2,4.1.1,930,49
1308,4.3,4.1.1,47,1761
1309,3.7.1-RC1-,4.1.1,969,2
1310,4.1,4.1.1,6,0
1311,4.1-RC2,4.1.1,44,6
1312,3.5,3.5.1,4,0
1313,3.6,3.5.1,5,990
1314,3.6.2,3.5.1,5,1006
1315,3.1.1,3.5.1,1689,0
1316,3.4,3.5.1,465,0
1317,3.6.1,3.5.1,5,1003
1318,3.3.2,3.5.1,952,21
1319,3.6.3,3.5.1,5,1011
1320,3.3.1,3.5.1,952,17
1321,3.4.1,3.5.1,465,4
1322,3.3,3.5.1,952,9
1323,3.2,3.5.1,1320,0
1324,3.1,3.5.1,1692,0
1325,3.2.1,3.5.1,1316,7
1326,5.4-RC4,5.5-M7,249,1
1327,5.5-M6,5.5-M7,24,0
1328,5.4,5.5-M7,249,4
1329,5.5-M2,5.5-M7,199,0
1330,5.5-M10,5.5-M7,0,122
1331,5.5-M4,5.5-M7,165,0
1332,5.4-RC2,5.5-M7,266,0
1333,5.4-RC3,5.5-M7,255,0
1334,5.5-M12,5.5-M7,0,356
1335,5.5-M13,5.5-M7,0,363
1336,5.5-M11,5.5-M7,0,281
1337,5.5-M1,5.5-M7,231,0
1338,5.5-M3,5.5-M7,193,0
1339,5.5-M5,5.5-M7,138,0
1340,5.5-RC2,5.5-RC1,0,64
1341,5.5-M11,5.5-RC1,132,0
1342,5.5-M6,5.5-RC1,437,0
1343,5.5-M14,5.5-RC1,37,0
1344,5.5-M4,5.5-RC1,578,0
1345,5.6-RC2,5.5-RC1,0,409
1346,5.5-M10,5.5-RC1,291,0
1347,5.5-M7,5.5-RC1,413,0
1348,5.5-M12,5.5-RC1,57,0
1349,5.5,5.5-RC1,0,67
1350,5.6-RC1,5.5-RC1,0,385
1351,5.5-M5,5.5-RC1,551,0
1352,5.5-M13,5.5-RC1,50,0
1353,5.5-M3,5.5-RC1,606,0
1354,6.1,6.3.0.18401,1653,0
1355,6.1.1,6.3.0.18401,1649,0
1356,6.3-RC4,6.3.0.18401,0,50
1357,6.2.1,6.3.0.18401,936,0
1358,6.2,6.3.0.18401,957,0
1359,6.3.0.18587,6.3.0.18401,0,10
1360,6.2-RC3,6.3.0.18401,961,0
1361,6.3.2,6.3.0.18401,0,76
1362,6.2-RC1,6.3.0.18401,1022,0
1363,6.3,6.3.0.18401,0,58
1364,6.3.1,6.3.0.18401,0,69
1365,6.3-RC1,6.3.0.18401,0,0
1366,6.2-RC2,6.3.0.18401,973,0
1367,6.3.0.18800,6.3.0.18401,0,26
1368,6.2.1,6.3,994,0
1369,6.1,6.3,1711,0
1370,6.3-RC4,6.3,8,0
1371,6.2-RC3,6.3,1019,0
1372,6.3.0.18587,6.3,48,0
1373,6.3-RC1,6.3,58,0
1374,6.3.0.18401,6.3,58,0
1375,6.2-RC2,6.3,1031,0
1376,6.3.0.18800,6.3,32,0
1377,6.2-RC1,6.3,1080,0
1378,6.1-RC2,6.3,1715,0
1379,6.2,6.3,1015,0
1380,6.3.1,6.3,0,11
1381,6.1.1,6.3,1707,0
1382,5.5,5.5-M14,0,104
1383,5.5-M11,5.5-M14,95,0
1384,5.5-M2,5.5-M14,575,0
1385,5.5-M5,5.5-M14,514,0
1386,5.5-RC1,5.5-M14,0,37
1387,5.5-M3,5.5-M14,569,0
1388,5.5-M7,5.5-M14,376,0
1389,5.5-M10,5.5-M14,254,0
1390,5.5-M12,5.5-M14,20,0
1391,5.5-M13,5.5-M14,13,0
1392,5.5-M6,5.5-M14,400,0
1393,5.5-M7,5.5-M6,0,24
1394,5.5-M12,5.5-M6,0,380
1395,5.5-M10,5.5-M6,0,146
1396,5.5-M4,5.5-M6,141,0
1397,5.5-M11,5.5-M6,0,305
1398,5.4-M1,5.5-M6,251,0
1399,5.5-M5,5.5-M6,114,0
1400,5.4-RC4,5.5-M6,229,5
1401,5.5-M2,5.5-M6,175,0
1402,5.4-RC3,5.5-M6,231,0
1403,5.5-M3,5.5-M6,169,0
1404,5.4,5.5-M6,229,8
1405,5.4-RC2,5.5-M6,242,0
1406,5.5-M1,5.5-M6,207,0
1407,3.1.1,3.5,1685,0
1408,3.2.1,3.5,1312,7
1409,3.4,3.5,461,0
1410,3.5.1,3.5,0,4
1411,3.0.1,3.5,2035,10
1412,3.4.1,3.5,461,4
1413,3.3.2,3.5,948,21
1414,3.6.2,3.5,1,1006
1415,3.3,3.5,948,9
1416,3.6.1,3.5,1,1003
1417,3.3.1,3.5,948,17
1418,3.1,3.5,1688,0
1419,3.2,3.5,1316,0
1420,3.6,3.5,1,990
1421,4.2,4.1,41,1076
1422,4.1-RC2,4.1,38,6
1423,4.3,4.1,41,1761
1424,3.7.1,4.1,924,42
1425,3.6.3,4.1,1663,70
1426,3.7.4,4.1,924,58
1427,3.7,4.1,1159,14
1428,4.1.1,4.1,0,6
1429,4.0,4.1,444,30
1430,4.1-RC1,4.1,40,3
1431,3.7.1-RC1-,4.1,963,2
1432,3.7.2,4.1,924,49
1433,3.6.2,4.1,1663,65
1434,4.1.2,4.1,0,9
1435,3.6,3.4,0,1450
1436,3.5,3.4,0,461
1437,3.3.2,3.4,487,21
1438,3.5.1,3.4,0,465
1439,3.2.1,3.4,851,7
1440,3.3.1,3.4,487,17
1441,3.3,3.4,487,9
1442,3.0,3.4,1574,1
1443,3.2,3.4,855,0
1444,3.1,3.4,1227,0
1445,3.4.1,3.4,0,4
1446,2.9,3.4,3111,0
1447,3.1.1,3.4,1224,0
1448,3.0.1,3.4,1574,10
1449,3.7,4.1-RC1,1122,14
1450,3.6.2,4.1-RC1,1626,65
1451,4.1.1,4.1-RC1,3,46
1452,4.1,4.1-RC1,3,40
1453,3.7.4,4.1-RC1,887,58
1454,4.1-RC2,4.1-RC1,0,5
1455,3.6.3,4.1-RC1,1626,70
1456,3.7.1,4.1-RC1,887,42
1457,3.6.1,4.1-RC1,1626,62
1458,4.0,4.1-RC1,407,30
1459,4.1.2,4.1-RC1,3,49
1460,3.6,4.1-RC1,1626,49
1461,3.7.1-RC1-,4.1-RC1,926,2
1462,3.7.2,4.1-RC1,887,49
1463,5.5-M4,5.5-RC2,642,0
1464,5.5-M5,5.5-RC2,615,0
1465,5.5-M14,5.5-RC2,101,0
1466,5.5-M7,5.5-RC2,477,0
1467,5.5-M10,5.5-RC2,355,0
1468,5.5-M11,5.5-RC2,196,0
1469,5.6-RC2,5.5-RC2,0,345
1470,5.5-M6,5.5-RC2,501,0
1471,5.5-M12,5.5-RC2,121,0
1472,5.5-RC1,5.5-RC2,64,0
1473,5.6,5.5-RC2,0,352
1474,5.5,5.5-RC2,0,3
1475,5.6-RC1,5.5-RC2,0,321
1476,5.5-M13,5.5-RC2,114,0
1477,5.4,5.5-M10,367,0
1478,5.5-M7,5.5-M10,122,0
1479,5.5-M1,5.5-M10,353,0
1480,5.5-M2,5.5-M10,321,0
1481,5.5-M6,5.5-M10,146,0
1482,5.5-M4,5.5-M10,287,0
1483,5.4-RC4,5.5-M10,370,0
1484,5.5-M14,5.5-M10,0,254
1485,5.5-M12,5.5-M10,0,234
1486,5.4-RC3,5.5-M10,377,0
1487,5.5-M3,5.5-M10,315,0
1488,5.5-M11,5.5-M10,0,159
1489,5.5-M5,5.5-M10,260,0
1490,5.5-M13,5.5-M10,0,241
1491,5.5-M13,5.5-M11,0,82
1492,5.5-RC1,5.5-M11,0,132
1493,5.5-M3,5.5-M11,474,0
1494,5.5-M14,5.5-M11,0,95
1495,5.5-M4,5.5-M11,446,0
1496,5.5-M5,5.5-M11,419,0
1497,5.5-M2,5.5-M11,480,0
1498,5.4,5.5-M11,526,0
1499,5.5-M6,5.5-M11,305,0
1500,5.5-M10,5.5-M11,159,0
1501,5.5-M12,5.5-M11,0,75
1502,5.4-RC4,5.5-M11,529,0
1503,5.5-M1,5.5-M11,512,0
1504,5.5-M7,5.5-M11,281,0
1505,5.6-RC1,5.5,0,318
1506,5.6.1,5.5,0,381
1507,5.5-M11,5.5,199,0
1508,5.5-M12,5.5,124,0
1509,5.5-M14,5.5,104,0
1510,5.6-RC2,5.5,0,342
1511,5.5-RC1,5.5,67,0
1512,5.5-M7,5.5,480,0
1513,5.5-M13,5.5,117,0
1514,5.5-M6,5.5,504,0
1515,5.5-M5,5.5,618,0
1516,5.6,5.5,0,349
1517,5.5-RC2,5.5,3,0
1518,5.5-M10,5.5,358,0
1519,3.7.1-RC1-,4.1-RC2,931,2
1520,3.6.1,4.1-RC2,1631,62
1521,4.1.1,4.1-RC2,6,44
1522,3.7.2,4.1-RC2,892,49
1523,4.1-RC1,4.1-RC2,5,0
1524,3.7,4.1-RC2,1127,14
1525,4.2,4.1-RC2,9,1076
1526,4.0,4.1-RC2,412,30
1527,4.1,4.1-RC2,6,38
1528,3.7.4,4.1-RC2,892,58
1529,3.6.3,4.1-RC2,1631,70
1530,3.6.2,4.1-RC2,1631,65
1531,3.7.1,4.1-RC2,892,42
1532,4.1.2,4.1-RC2,6,47
1533,3.5.1,3.4.1,4,465
1534,3.0,3.4.1,1578,1
1535,3.1,3.4.1,1231,0
1536,3.6,3.4.1,4,1450
1537,3.2.1,3.4.1,855,7
1538,3.1.1,3.4.1,1228,0
1539,3.3.2,3.4.1,491,21
1540,3.3,3.4.1,491,9
1541,3.6.1,3.4.1,4,1463
1542,3.0.1,3.4.1,1578,10
1543,3.4,3.4.1,4,0
1544,3.2,3.4.1,859,0
1545,3.5,3.4.1,4,461
1546,3.3.1,3.4.1,491,17
1547,5.4-M9,5.4-M6,0,65
1548,5.4-M5,5.4-M6,15,0
1549,5.3,5.4-M6,156,0
1550,5.3-RC1,5.4-M6,205,1
1551,5.3-RC2,5.4-M6,165,0
1552,5.4-M7,5.4-M6,0,5
1553,5.4-M8,5.4-M6,0,28
1554,5.4-M10,5.4-M6,0,101
1555,5.4-M11,5.4-M6,0,138
1556,5.2,5.4-M6,717,0
1557,5.4-M3,5.4-M6,95,0
1558,5.4-M2,5.4-M6,112,0
1559,5.3-RC3,5.4-M6,158,0
1560,5.4-M4,5.4-M6,55,0
1561,5.4-M6,5.4-M13,227,0
1562,5.4-M3,5.4-M13,322,0
1563,5.4-M12,5.4-M13,28,0
1564,5.4-M1,5.4-M13,0,25
1565,5.4-M10,5.4-M13,126,0
1566,5.4-M5,5.4-M13,242,0
1567,5.4-M11,5.4-M13,89,0
1568,5.4-M14,5.4-M13,0,25
1569,5.4-RC2,5.4-M13,0,34
1570,5.4-M7,5.4-M13,222,0
1571,5.4-M4,5.4-M13,282,0
1572,5.4-M8,5.4-M13,199,0
1573,5.4-M9,5.4-M13,162,0
1574,5.4-RC1,5.4-M13,0,22
1575,4.3,4.4-RC3,1554,16
1576,4.1.1,4.4-RC3,3299,47
1577,4.3.2,4.4-RC3,1554,29
1578,4.5.1-RC1,4.5,0,136
1579,4.4,4.5,936,0
1580,4.5-RC3,4.5,3,0
1581,4.3.3,4.5,2507,34
1582,4.5.2,4.5,0,182
1583,4.5.1,4.5,0,144
1584,4.5.3,4.5,0,203
1585,4.4-RC3,4.5,953,0
1586,4.5-RC2,4.5,22,0
1587,4.4-RC2,4.5,980,0
1588,4.4.1,4.5,935,7
1589,4.5-RC1,4.5,40,0
1590,4.3.2,4.5,2507,29
1591,4.4-RC1,4.5,1019,0
1592,2.9,2.8,0,196
1593,2.6,2.8,407,0
1594,3.0.1,2.8,0,1743
1595,2.7,2.8,272,0
1596,3.1,2.8,0,2080
1597,2.12,2.8,0,828
1598,2.10.1,2.8,0,387
1599,2.14,2.8,0,1477
1600,2.11,2.8,0,564
1601,2.13,2.8,0,1114
1602,2.13.1,2.8,0,1117
1603,3.0,2.8,0,1734
1604,2.10,2.8,0,384
1605,6.5-RC1,6.5-M1,2,205
1606,6.5-M3,6.5-M1,2,206
1607,6.3.0.18587,6.5-M1,1290,0
1608,6.5-RC2,6.5-M1,2,220
1609,6.4-RC3,6.5-M1,199,0
1610,6.4,6.5-M1,188,0
1611,6.3.0.18401,6.5-M1,1300,0
1612,6.3,6.5-M1,1242,0
1613,6.5-M2,6.5-M1,2,139
1614,6.4-RC1,6.5-M1,223,0
1615,6.3.0.18800,6.5-M1,1274,0
1616,6.4-RC2,6.5-M1,211,0
1617,6.3.2,6.5-M1,1224,0
1618,6.3.1,6.5-M1,1231,0
1619,6.7.7,7.9.2,3377,105
1620,7.6,7.9.2,922,0
1621,8.0,7.9.2,37,415
1622,8.1.0.31237,7.9.2,37,611
1623,7.0,7.9.2,2966,0
1624,6.7-RC1,6.7.2,80,0
1625,6.7.6,6.7.2,0,78
1626,6.7.3,6.7.2,0,15
1627,6.5-M4,6.7.2,1489,0
1628,6.5-RC2,6.7.2,1490,0
1629,6.5,6.7.2,1483,0
1630,6.6-RC1,6.7.2,437,0
1631,6.7.1,6.7.2,30,0
1632,6.7.5,6.7.2,0,62
1633,6.5-RC1,6.7.2,1505,0
1634,6.7,6.7.2,15,2693
1635,6.6,6.7.2,428,0
1636,6.5-M3,6.7.2,1504,0
1637,6.7.4,6.7.2,0,35
1638,6.7,6.7.3,30,2693
1639,6.6,6.7.3,443,0
1640,6.5-M3,6.7.3,1519,0
1641,6.5-RC2,6.7.3,1505,0
1642,6.5,6.7.3,1498,0
1643,6.6-RC1,6.7.3,452,0
1644,6.7.4,6.7.3,0,20
1645,6.7-RC1,6.7.3,95,0
1646,6.7.2,6.7.3,15,0
1647,6.7.7,6.7.3,0,75
1648,6.7.6,6.7.3,0,63
1649,6.7.5,6.7.3,0,47
1650,6.5-M4,6.7.3,1504,0
1651,6.7.1,6.7.3,45,0
1652,6.3.0.18401,6.5-M2,1437,0
1653,6.4-RC3,6.5-M2,336,0
1654,6.5-M1,6.5-M2,139,2
1655,6.5-RC1,6.5-M2,0,66
1656,6.5-M3,6.5-M2,0,67
1657,6.5-RC2,6.5-M2,0,81
1658,6.3.1,6.5-M2,1368,0
1659,6.4-RC1,6.5-M2,360,0
1660,6.5-M4,6.5-M2,0,82
1661,6.3.2,6.5-M2,1361,0
1662,6.3.0.18800,6.5-M2,1411,0
1663,6.4-RC2,6.5-M2,348,0
1664,6.3.0.18587,6.5-M2,1427,0
1665,6.4,6.5-M2,325,0
1666,2.13.1,2.7,0,1389
1667,2.12,2.7,0,1100
1668,2.8,2.7,0,272
1669,3.0,2.7,0,2006
1670,2.11,2.7,0,836
1671,3.0.1,2.7,0,2015
1672,2.14,2.7,0,1749
1673,2.10,2.7,0,656
1674,2.9,2.7,0,468
1675,2.13,2.7,0,1386
1676,2.10.1,2.7,0,659
1677,2.6,2.7,135,0
1678,4.4.1,4.5.1-RC1,1071,7
1679,4.4,4.5.1-RC1,1072,0
1680,4.4-RC3,4.5.1-RC1,1089,0
1681,4.5.2,4.5.1-RC1,0,46
1682,4.4-RC1,4.5.1-RC1,1155,0
1683,4.4-RC2,4.5.1-RC1,1116,0
1684,4.5-RC3,4.5.1-RC1,139,0
1685,4.5-RC2,4.5.1-RC1,158,0
1686,4.3.3,4.5.1-RC1,2643,34
1687,4.5,4.5.1-RC1,136,0
1688,4.5.4,4.5.1-RC1,0,70
1689,4.5-RC1,4.5.1-RC1,176,0
1690,4.5.3,4.5.1-RC1,0,67
1691,4.5.1,4.5.1-RC1,0,8
1692,4.4-RC2,4.4,44,0
1693,4.4.1,4.4,0,8
1694,4.5-RC2,4.4,0,914
1695,4.3,4.4,1571,16
1696,5.4-M10,5.4-M12,98,0
1697,5.4-M8,5.4-M12,171,0
1698,5.4-M7,5.4-M12,194,0
1699,5.4-M2,5.4-M12,311,0
1700,5.4-M5,5.4-M12,214,0
1701,5.4-M11,5.4-M12,61,0
1702,5.4-M4,5.4-M12,254,0
1703,5.4-M6,5.4-M12,199,0
1704,5.4-M14,5.4-M12,0,53
1705,5.4-M3,5.4-M12,294,0
1706,5.4-M9,5.4-M12,134,0
1707,5.4-M1,5.4-M12,0,53
1708,5.4-RC1,5.4-M12,0,50
1709,5.4-M13,5.4-M12,0,28
1710,5.4-M5,5.4-M7,20,0
1711,5.3-RC1,5.4-M7,210,1
1712,5.4-M8,5.4-M7,0,23
1713,5.2,5.4-M7,722,0
1714,5.4-M10,5.4-M7,0,96
1715,5.4-M4,5.4-M7,60,0
1716,5.4-M2,5.4-M7,117,0
1717,5.4-M9,5.4-M7,0,60
1718,5.3,5.4-M7,161,0
1719,5.3-RC3,5.4-M7,163,0
1720,5.3-RC2,5.4-M7,170,0
1721,5.2-RC3,5.4-M7,753,0
1722,5.4-M6,5.4-M7,5,0
1723,5.4-M3,5.4-M7,100,0
1724,5.4-M8,5.4-RC1,221,0
1725,5.4-M10,5.4-RC1,148,0
1726,5.4-RC2,5.4-RC1,0,12
1727,5.4-M13,5.4-RC1,22,0
1728,5.4-M1,5.4-RC1,0,3
1729,5.4-M7,5.4-RC1,244,0
1730,5.4-M11,5.4-RC1,111,0
1731,5.4-M14,5.4-RC1,0,3
1732,5.4-M4,5.4-RC1,304,0
1733,5.4-M6,5.4-RC1,249,0
1734,5.4-RC3,5.4-RC1,0,23
1735,5.4-M12,5.4-RC1,50,0
1736,5.4-M5,5.4-RC1,264,0
1737,5.4-M9,5.4-RC1,184,0
1738,5.3-RC2,5.4-M8,193,0
1739,5.4-M5,5.4-M8,43,0
1740,5.4-M10,5.4-M8,0,73
1741,5.4-M7,5.4-M8,23,0
1742,5.4-M6,5.4-M8,28,0
1743,5.4-M12,5.4-M8,0,171
1744,5.4-M2,5.4-M8,140,0
1745,5.3,5.4-M8,184,0
1746,5.4-M3,5.4-M8,123,0
1747,5.4-M4,5.4-M8,83,0
1748,5.4-M11,5.4-M8,0,110
1749,5.4-M9,5.4-M8,0,37
1750,5.3-RC3,5.4-M8,186,0
1751,5.3-RC1,5.4-M8,233,1
1752,5.2,5.3,561,0
1753,5.3-RC1,5.3,49,1
1754,5.3-RC3,5.3,2,0
1755,5.2-RC2,5.3,648,0
1756,5.4-M4,5.3,0,101
1757,5.1.2,5.3,3414,0
1758,5.4-M2,5.3,6,50
1759,5.1.1,5.3,3426,0
1760,5.3-RC2,5.3,9,0
1761,4.4,4.5-RC3,933,0
1762,4.4-RC2,4.5-RC3,977,0
1763,4.3.3,4.5-RC3,2504,34
1764,4.3.2,4.5-RC3,2504,29
1765,4.5.1-RC1,4.5-RC3,0,139
1766,4.4-RC1,4.5-RC3,1016,0
1767,4.4-RC3,4.5-RC3,950,0
1768,4.5-RC2,4.5-RC3,19,0
1769,4.5.2,4.5-RC3,0,185
1770,4.5.1,4.5-RC3,0,147
1771,4.4.1,4.5-RC3,932,7
1772,4.3.1,4.5-RC3,2504,22
1773,4.5,4.5-RC3,0,3
1774,4.5-RC1,4.5-RC3,37,0
1775,4.3.2,4.4-RC2,1527,29
1776,4.1-RC2,4.4-RC2,3272,9
1777,4.4,4.4-RC2,0,44
1778,4.3.3,4.4-RC2,1527,34
1779,6.5-M4,6.7.5,1551,0
1780,6.7.7,6.7.5,0,28
1781,6.7.4,6.7.5,27,0
1782,6.7.1,6.7.5,92,0
1783,6.7,6.7.5,77,2693
1784,6.6-RC1,6.7.5,499,0
1785,6.7.6,6.7.5,0,16
1786,6.7.3,6.7.5,47,0
1787,6.6,6.7.5,490,0
1788,7.0,6.7.5,81,415
1789,6.7.2,6.7.5,62,0
1790,6.7-RC1,6.7.5,142,0
1791,6.5,6.7.5,1545,0
1792,7.0-RC1,6.7.5,81,408
1793,6.7.6,6.7.4,0,43
1794,6.7.7,6.7.4,0,55
1795,6.7.2,6.7.4,35,0
1796,6.7-RC1,6.7.4,115,0
1797,7.0-RC1,6.7.4,54,408
1798,6.6-RC1,6.7.4,472,0
1799,6.7.1,6.7.4,65,0
1800,6.5-M4,6.7.4,1524,0
1801,6.7.3,6.7.4,20,0
1802,6.7,6.7.4,50,2693
1803,6.5,6.7.4,1518,0
1804,6.7.5,6.7.4,0,27
1805,6.6,6.7.4,463,0
1806,6.5-RC2,6.7.4,1525,0
1807,4.1.2,4.4-RC1,3233,50
1808,4.3.1,4.4-RC1,1488,22
1809,4.4-RC3,4.4-RC1,0,66
1810,4.4.1,4.4-RC1,0,91
1811,4.3.2,4.4-RC1,1488,29
1812,4.1-RC2,4.4-RC1,3233,9
1813,4.3.3,4.4-RC1,1488,34
1814,4.1,4.4-RC1,3233,41
1815,4.2,4.4-RC1,2256,99
1816,4.4-RC2,4.4-RC1,0,39
1817,4.3,4.4-RC1,1488,16
1818,4.4,4.4-RC1,0,83
1819,4.1-RC1,4.4-RC1,3233,4
1820,4.3.2,4.5-RC2,2485,29
1821,4.5.1-RC1,4.5-RC2,0,158
1822,4.5,4.5-RC2,0,22
1823,4.5.1,4.5-RC2,0,166
1824,4.4,4.5-RC2,914,0
1825,4.4-RC1,4.5-RC2,997,0
1826,4.4-RC2,4.5-RC2,958,0
1827,4.5-RC1,4.5-RC2,18,0
1828,4.5-RC3,4.5-RC2,0,19
1829,4.4-RC3,4.5-RC2,931,0
1830,4.3,4.5-RC2,2485,16
1831,4.3.1,4.5-RC2,2485,22
1832,4.4.1,4.5-RC2,913,7
1833,4.3.3,4.5-RC2,2485,34
1834,5.2,5.3-RC3,559,0
1835,5.1,5.3-RC3,3431,0
1836,5.4-M3,5.3-RC3,4,67
1837,5.3-RC2,5.4-M9,230,0
1838,5.4-M4,5.4-M9,120,0
1839,5.4-M7,5.4-M9,60,0
1840,5.4-M5,5.4-M9,80,0
1841,5.4-M3,5.4-M9,160,0
1842,5.3,5.4-M9,221,0
1843,5.4-M6,5.4-M9,65,0
1844,5.3-RC3,5.4-M9,223,0
1845,5.4-M8,5.4-M9,37,0
1846,5.4-M12,5.4-M9,0,134
1847,5.4-M2,5.4-M9,177,0
1848,5.4-M13,5.4-M9,0,162
1849,5.4-M10,5.4-M9,0,36
1850,5.4-M11,5.4-M9,0,73
1851,5.4-M7,5.4-M14,247,0
1852,5.4-RC2,5.4-M14,0,9
1853,5.4-RC4,5.4-M14,0,27
1854,5.4-M13,5.4-M14,25,0
1855,5.4-M1,5.4-M14,0,0
1856,5.4-M11,5.4-M14,114,0
1857,5.4-M9,5.4-M14,187,0
1858,5.4-RC1,5.4-M14,3,0
1859,5.4-M8,5.4-M14,224,0
1860,5.4-M10,5.4-M14,151,0
1861,5.4-M5,5.4-M14,267,0
1862,5.4-M6,5.4-M14,252,0
1863,5.4-RC3,5.4-M14,0,20
1864,5.4-M12,5.4-M14,53,0
1865,5.4-M13,5.4-RC4,52,0
1866,5.4-RC2,5.4-RC4,18,0
1867,5.5-M2,5.4-RC4,17,66
1868,5.4-M11,5.4-RC4,141,0
1869,5.4-M14,5.4-RC4,27,0
1870,5.4-M1,5.4-RC4,27,0
1871,5.4-RC1,5.4-RC4,30,0
1872,5.4,5.4-RC4,0,3
1873,5.5-M3,5.4-RC4,16,71
1874,5.4-M10,5.4-RC4,178,0
1875,5.5-M1,5.4-RC4,19,36
1876,5.4-RC3,5.4-RC4,7,0
1877,5.4-M12,5.4-RC4,80,0
1878,5.4-M9,5.4-RC4,214,0
1879,5.3,5.4-M5,141,0
1880,5.2-RC2,5.4-M5,789,0
1881,5.3-RC2,5.4-M5,150,0
1882,5.3-RC1,5.4-M5,190,1
1883,5.4-M3,5.4-M5,80,0
1884,5.4-M9,5.4-M5,0,80
1885,5.3-RC3,5.4-M5,143,0
1886,5.2,5.4-M5,702,0
1887,5.4-M2,5.4-M5,97,0
1888,5.4-M8,5.4-M5,0,43
1889,5.4-M4,5.4-M5,40,0
1890,5.2-RC3,5.4-M5,733,0
1891,5.4-M6,5.4-M5,0,15
1892,5.4-M7,5.4-M5,0,20
1893,4.5.5,4.5.1,0,62
1894,4.4-RC1,4.5.1,1163,0
1895,4.5,4.5.1,144,0
1896,4.4-RC2,4.5.1,1124,0
1897,4.5-RC3,4.5.1,147,0
1898,4.4.1,4.5.1,1079,7
1899,4.5.4,4.5.1,0,62
1900,4.4,4.5.1,1080,0
1901,4.5.1-RC1,4.5.1,8,0
1902,4.5.2,4.5.1,0,38
1903,4.5-RC2,4.5.1,166,0
1904,4.5.3,4.5.1,0,59
1905,4.4-RC3,4.5.1,1097,0
1906,4.5-RC1,4.5.1,184,0
1907,4.1.2,4.3,1761,50
1908,4.2,4.3,784,99
1909,3.7.1,4.3,2644,42
1910,4.3.1,4.3,0,6
1911,4.1,4.3,1761,41
1912,4.1-RC1,4.3,1761,4
1913,4.0,4.3,2164,30
1914,4.1.1,4.3,1761,47
1915,3.7.2,4.3,2644,49
1916,3.7.4,4.3,2644,58
1917,4.4-RC1,4.3,16,1488
1918,4.5.5,5.1-RC2,2338,39
1919,5.0.1,5.1-RC2,1144,0
1920,5.0-RC1,5.1-RC2,1216,0
1921,4.5.7,5.1-RC2,2338,75
1922,4.5.6,5.1-RC2,2338,68
1923,5.1,5.1-RC2,0,17
1924,5.2-RC1,5.1-RC2,0,2798
1925,5.0-RC3,5.1-RC2,1200,0
1926,5.1-RC1,5.1-RC2,34,0
1927,5.0,5.1-RC2,1157,1
1928,5.0-RC2,5.1-RC2,1205,0
1929,5.1.1,5.1-RC2,0,24
1930,5.0-RC4,5.1-RC2,1164,0
1931,5.1.2,5.1-RC2,0,36
1932,6.7,7.0-RC1,0,2289
1933,6.7.3,7.0-RC1,408,34
1934,6.7.4,7.0-RC1,408,54
1935,7.0,7.0-RC1,0,7
1936,7.5,7.0-RC1,0,1808
1937,6.7.2,7.0-RC1,408,19
1938,6.7.1,7.0-RC1,419,0
1939,7.7,7.0-RC1,0,2287
1940,6.7-RC1,7.0-RC1,469,0
1941,6.7.6,7.0-RC1,408,97
1942,7.6,7.0-RC1,0,2051
1943,6.7.5,7.0-RC1,408,81
1944,6.6,7.0-RC1,817,0
1945,6.7.7,7.0-RC1,408,109
1946,7.8,7.9,141,0
1947,7.0-RC1,7.9,2937,0
1948,7.9.3,7.9,0,47
1949,6.7.4,7.9,3341,50
1950,7.9.4,7.9,0,61
1951,7.7,7.9,650,0
1952,7.0,7.9,2930,0
1953,7.9.2,7.9,0,36
1954,6.7.7,7.9,3341,105
1955,7.6,7.9,886,0
1956,7.5,7.9,1129,0
1957,6.7.5,7.9,3341,77
1958,6.7.6,7.9,3341,93
1959,7.9.1,7.9,0,17
1960,7.8,7.9.1,158,0
1961,7.6,7.9.1,903,0
1962,6.7.5,7.9.1,3358,77
1963,7.9.3,7.9.1,0,30
1964,6.7-RC1,7.0,476,0
1965,6.7.6,7.0,415,97
1966,6.7.3,7.0,415,34
1967,6.7,7.0,0,2282
1968,6.7.4,7.0,415,54
1969,7.6,7.0,0,2044
1970,6.7.2,7.0,415,19
1971,6.7.7,7.0,415,109
1972,6.7.5,7.0,415,81
1973,7.7,7.0,0,2280
1974,6.7.1,7.0,426,0
1975,7.8,7.0,0,2789
1976,7.0-RC1,7.0,7,0
1977,7.5,7.0,0,1801
1978,5.1-RC1,5.1,51,0
1979,5.0,5.1,1174,1
1980,5.1-RC2,5.1,17,0
1981,4.5.6,5.1,2355,68
1982,5.1.1,5.1,0,7
1983,5.0-RC3,5.1,1217,0
1984,5.0-RC1,5.1,1233,0
1985,5.1.2,5.1,0,19
1986,5.0-RC4,5.1,1181,0
1987,4.5.7,5.1,2355,75
1988,5.0.1,5.1,1161,0
1989,5.0-RC2,5.1,1222,0
1990,5.2-RC1,5.1,0,2781
1991,5.2-RC2,5.1,0,2785
1992,4.3,4.3.1,6,0
1993,3.7.4,4.3.1,2650,58
1994,4.1.2,4.3.1,1767,50
1995,4.1-RC1,4.3.1,1767,4
1996,4.5-RC2,4.5.2,204,0
1997,4.5.6,4.5.2,0,53
1998,4.4-RC2,4.5.2,1162,0
1999,4.5.5,4.5.2,0,24
2000,4.5.1-RC1,4.5.2,46,0
2001,4.5.4,4.5.2,0,24
2002,4.5-RC1,4.5.2,222,0
2003,4.5,4.5.2,182,0
2004,4.5.3,4.5.2,0,21
2005,4.4,4.5.2,1118,0
2006,4.5-RC3,4.5.2,185,0
2007,4.4.1,4.5.2,1117,7
2008,4.4-RC3,4.5.2,1135,0
2009,4.5.1,4.5.2,38,0
2010,5.4-M5,5.4-M4,0,40
2011,5.4-M6,5.4-M4,0,55
2012,5.3-RC2,5.4-M4,110,0
2013,5.4-M8,5.4-M4,0,83
2014,5.3,5.4-M4,101,0
2015,5.3-RC3,5.4-M4,103,0
2016,5.4-M2,5.4-M4,57,0
2017,5.2-RC3,5.4-M4,693,0
2018,5.2,5.4-M4,662,0
2019,5.2-RC2,5.4-M4,749,0
2020,5.3-RC1,5.4-M4,150,1
2021,5.2-RC1,5.4-M4,753,0
2022,5.4-M7,5.4-M4,0,60
2023,5.4-M3,5.4-M4,40,0
2024,5.4,5.4-RC3,0,10
2025,5.4-RC1,5.4-RC3,23,0
2026,5.4-M10,5.4-RC3,171,0
2027,5.4-M14,5.4-RC3,20,0
2028,5.4-M9,5.4-RC3,207,0
2029,5.4-RC2,5.4-RC3,11,0
2030,5.4-M8,5.4-RC3,244,0
2031,5.4-RC4,5.4-RC3,0,7
2032,5.4-M13,5.4-RC3,45,0
2033,5.4-M1,5.4-RC3,20,0
2034,5.4-M11,5.4-RC3,134,0
2035,5.5-M1,5.4-RC3,12,36
2036,5.5-M2,5.4-RC3,10,66
2037,5.4-M12,5.4-RC3,73,0
2038,5.3-RC3,5.4-M2,50,4
2039,5.1.2,5.4-M2,3458,0
2040,5.2-RC2,5.4-M2,692,0
2041,5.4-M5,5.4-M2,0,97
2042,5.3,5.4-M2,50,6
2043,5.3-RC2,5.4-M2,53,0
2044,5.4-M7,5.4-M2,0,117
2045,5.4-M3,5.4-M2,0,17
2046,5.2-RC1,5.4-M2,696,0
2047,5.4-M4,5.4-M2,0,57
2048,5.1.1,5.4-M2,3470,0
2049,5.2,5.4-M2,605,0
2050,5.3-RC1,5.4-M2,93,1
2051,5.2-RC3,5.4-M2,636,0
2052,5.4-RC3,5.4-M1,0,20
2053,5.4-M6,5.4-M1,252,0
2054,5.4-M14,5.4-M1,0,0
2055,5.4-RC1,5.4-M1,3,0
2056,5.4-M12,5.4-M1,53,0
2057,5.4-RC4,5.4-M1,0,27
2058,5.4-M10,5.4-M1,151,0
2059,5.4-M9,5.4-M1,187,0
2060,5.4-RC2,5.4-M1,0,9
2061,5.4-M7,5.4-M1,247,0
2062,5.4,5.4-M1,0,30
2063,5.4-M11,5.4-M1,114,0
2064,5.4-M8,5.4-M1,224,0
2065,5.4-M13,5.4-M1,25,0
2066,4.1-RC2,4.3.3,1779,9
2067,4.1.2,4.3.3,1779,50
2068,4.4,4.3.3,34,1571
2069,4.3,4.3.3,18,0
2070,4.4-RC3,4.3.3,34,1554
2071,4.4-RC1,4.3.3,34,1488
2072,4.1-RC1,4.3.3,1779,4
2073,4.2,4.3.3,802,99
2074,4.1.1,4.3.3,1779,47
2075,4.5.3,4.5.4,3,0
2076,4.5.5,4.5.4,0,0
2077,4.5.6,4.5.4,0,29
2078,4.5,4.5.4,206,0
2079,5.0-RC1,4.5.4,39,1122
2080,4.4,4.5.4,1142,0
2081,4.5.7,4.5.4,0,36
2082,4.5.2,4.5.4,24,0
2083,4.4.1,4.5.4,1141,7
2084,4.5-RC3,4.5.4,209,0
2085,4.5-RC2,4.5.4,228,0
2086,4.5.1-RC1,4.5.4,70,0
2087,4.5.1,4.5.4,62,0
2088,4.5-RC1,4.5.4,246,0
2089,6.7.3,7.8,3200,30
2090,7.0,7.8,2789,0
2091,6.7.5,7.8,3200,77
2092,7.9.2,7.8,0,177
2093,7.0-RC1,7.8,2796,0
2094,7.6,7.8,745,0
2095,7.5,7.8,988,0
2096,7.9,7.8,0,141
2097,7.9.3,7.8,0,188
2098,6.7.4,7.8,3200,50
2099,7.7,7.8,509,0
2100,6.7.7,7.8,3200,105
2101,7.9.1,7.8,0,158
2102,6.7.6,7.8,3200,93
2103,6.7.1,6.7.7,120,0
2104,6.7.2,6.7.7,90,0
2105,6.7-RC1,6.7.7,170,0
2106,7.5,6.7.7,105,2212
2107,6.7.5,6.7.7,28,0
2108,7.0-RC1,6.7.7,109,408
2109,7.6,6.7.7,105,2455
2110,6.6,6.7.7,518,0
2111,6.7.4,6.7.7,55,0
2112,6.7.3,6.7.7,75,0
2113,7.0,6.7.7,109,415
2114,6.7,6.7.7,105,2693
2115,6.7.6,6.7.7,12,0
2116,6.6-RC1,6.7.7,527,0
2117,6.7.3,6.7.1,0,45
2118,6.7.4,6.7.1,0,65
2119,6.6,6.7.1,398,0
2120,6.5-M2,6.7.1,1541,0
2121,6.5-M3,6.7.1,1474,0
2122,6.7.2,6.7.1,0,30
2123,6.5-RC2,6.7.1,1460,0
2124,6.5-M4,6.7.1,1459,0
2125,6.7-RC1,6.7.1,50,0
2126,6.7,6.7.1,0,2708
2127,6.5,6.7.1,1453,0
2128,6.5-RC1,6.7.1,1475,0
2129,6.7.5,6.7.1,0,92
2130,6.6-RC1,6.7.1,407,0
2131,6.5-M1,6.7,4388,2
2132,6.6-RC1,6.7,3115,0
2133,6.7-RC1,6.7,2758,0
2134,6.6,6.7,3106,0
2135,6.7.3,6.7,2693,30
2136,6.5,6.7,4161,0
2137,6.5-M3,6.7,4182,0
2138,6.5-RC1,6.7,4183,0
2139,6.7.1,6.7,2708,0
2140,6.5-RC2,6.7,4168,0
2141,6.7.2,6.7,2693,15
2142,6.7.4,6.7,2693,50
2143,6.5-M2,6.7,4249,0
2144,6.5-M4,6.7,4167,0
2145,7.0-RC1,6.7.6,97,408
2146,6.6,6.7.6,506,0
2147,6.6-RC1,6.7.6,515,0
2148,6.5,6.7.6,1561,0
2149,6.7.2,6.7.6,78,0
2150,6.7.7,6.7.6,0,12
2151,6.7.3,6.7.6,63,0
2152,6.7.5,6.7.6,16,0
2153,6.7.1,6.7.6,108,0
2154,6.7,6.7.6,93,2693
2155,6.7.4,6.7.6,43,0
2156,7.0,6.7.6,97,415
2157,6.7-RC1,6.7.6,158,0
2158,7.5,6.7.6,93,2212
2159,7.0,7.7,2280,0
2160,6.7.5,7.7,2691,77
2161,6.7.3,7.7,2691,30
2162,7.6,7.7,236,0
2163,6.7.7,7.7,2691,105
2164,6.7.6,7.7,2691,93
2165,7.9,7.7,0,650
2166,7.9.2,7.7,0,686
2167,6.7.4,7.7,2691,50
2168,6.7.2,7.7,2691,15
2169,7.0-RC1,7.7,2287,0
2170,7.8,7.7,0,509
2171,7.9.1,7.7,0,667
2172,7.5,7.7,479,0
2173,4.4-RC3,4.5.3,1156,0
2174,4.5.1-RC1,4.5.3,67,0
2175,4.5.7,4.5.3,0,39
2176,4.5.2,4.5.3,21,0
2177,4.5.6,4.5.3,0,32
2178,4.5-RC2,4.5.3,225,0
2179,4.5,4.5.3,203,0
2180,4.5-RC3,4.5.3,206,0
2181,4.5-RC1,4.5.3,243,0
2182,4.4,4.5.3,1139,0
2183,4.5.5,4.5.3,0,3
2184,4.5.1,4.5.3,59,0
2185,4.5.4,4.5.3,0,3
2186,4.4.1,4.5.3,1138,7
2187,4.1,4.3.2,1774,41
2188,3.7.4,4.3.2,2657,58
2189,4.1.1,4.3.2,1774,47
2190,4.4-RC1,4.3.2,29,1488
2191,4.1-RC2,4.3.2,1774,9
2192,4.3.1,4.3.2,7,0
2193,5.4-RC3,5.4-RC2,0,11
2194,5.4,5.4-RC2,0,21
2195,5.4-M14,5.4-RC2,9,0
2196,5.4-RC4,5.4-RC2,0,18
2197,5.4-RC1,5.4-RC2,12,0
2198,5.4-M9,5.4-RC2,196,0
2199,5.5-M1,5.4-RC2,1,36
2200,5.4-M11,5.4-RC2,123,0
2201,5.4-M12,5.4-RC2,62,0
2202,5.4-M10,5.4-RC2,160,0
2203,5.4-M8,5.4-RC2,233,0
2204,5.4-M13,5.4-RC2,34,0
2205,5.4-M6,5.4-RC2,261,0
2206,5.4-M1,5.4-RC2,9,0
2207,5.1.2,5.4-M3,3475,0
2208,5.4-M5,5.4-M3,0,80
2209,5.4-M6,5.4-M3,0,95
2210,5.2-RC2,5.4-M3,709,0
2211,5.4-M7,5.4-M3,0,100
2212,5.4-M2,5.4-M3,17,0
2213,5.3-RC3,5.4-M3,67,4
2214,5.2-RC1,5.4-M3,713,0
2215,5.2,5.4-M3,622,0
2216,5.3,5.4-M3,67,6
2217,5.4-M4,5.4-M3,0,40
2218,5.2-RC3,5.4-M3,653,0
2219,5.3-RC1,5.4-M3,110,1
2220,5.3-RC2,5.4-M3,70,0
