index,failed_gp1_bs1_n_bursts_mean,failed_gp1_bs1_n_bursts_median,failed_gp1_bs1_n_bursts_max,failed_gp1_bs1_n_bursts_min,failed_gp1_bs1_burst_size_mean,failed_gp1_bs1_burst_size_median,failed_gp1_bs1_burst_size_max,failed_gp1_bs1_burst_size_min,failed_gp1_bs2_n_bursts_mean,failed_gp1_bs2_n_bursts_median,failed_gp1_bs2_n_bursts_max,failed_gp1_bs2_n_bursts_min,failed_gp1_bs2_burst_size_mean,failed_gp1_bs2_burst_size_median,failed_gp1_bs2_burst_size_max,failed_gp1_bs2_burst_size_min,failed_gp1_bs3_n_bursts_mean,failed_gp1_bs3_n_bursts_median,failed_gp1_bs3_n_bursts_max,failed_gp1_bs3_n_bursts_min,failed_gp1_bs3_burst_size_mean,failed_gp1_bs3_burst_size_median,failed_gp1_bs3_burst_size_max,failed_gp1_bs3_burst_size_min,failed_gp2_bs1_n_bursts_mean,failed_gp2_bs1_n_bursts_median,failed_gp2_bs1_n_bursts_max,failed_gp2_bs1_n_bursts_min,failed_gp2_bs1_burst_size_mean,failed_gp2_bs1_burst_size_median,failed_gp2_bs1_burst_size_max,failed_gp2_bs1_burst_size_min,failed_gp2_bs2_n_bursts_mean,failed_gp2_bs2_n_bursts_median,failed_gp2_bs2_n_bursts_max,failed_gp2_bs2_n_bursts_min,failed_gp2_bs2_burst_size_mean,failed_gp2_bs2_burst_size_median,failed_gp2_bs2_burst_size_max,failed_gp2_bs2_burst_size_min,failed_gp2_bs3_n_bursts_mean,failed_gp2_bs3_n_bursts_median,failed_gp2_bs3_n_bursts_max,failed_gp2_bs3_n_bursts_min,failed_gp2_bs3_burst_size_mean,failed_gp2_bs3_burst_size_median,failed_gp2_bs3_burst_size_max,failed_gp2_bs3_burst_size_min,failed_gp3_bs1_n_bursts_mean,failed_gp3_bs1_n_bursts_median,failed_gp3_bs1_n_bursts_max,failed_gp3_bs1_n_bursts_min,failed_gp3_bs1_burst_size_mean,failed_gp3_bs1_burst_size_median,failed_gp3_bs1_burst_size_max,failed_gp3_bs1_burst_size_min,failed_gp3_bs2_n_bursts_mean,failed_gp3_bs2_n_bursts_median,failed_gp3_bs2_n_bursts_max,failed_gp3_bs2_n_bursts_min,failed_gp3_bs2_burst_size_mean,failed_gp3_bs2_burst_size_median,failed_gp3_bs2_burst_size_max,failed_gp3_bs2_burst_size_min,failed_gp3_bs3_n_bursts_mean,failed_gp3_bs3_n_bursts_median,failed_gp3_bs3_n_bursts_max,failed_gp3_bs3_n_bursts_min,failed_gp3_bs3_burst_size_mean,failed_gp3_bs3_burst_size_median,failed_gp3_bs3_burst_size_max,failed_gp3_bs3_burst_size_min
2,0.0,0.0,0.0,0.0,,,0.0,0.0,0.0,0.0,0.0,0.0,,,0.0,0.0,0.0,0.0,0.0,0.0,,,0.0,0.0,0.0,0.0,0.0,0.0,,,0.0,0.0,0.0,0.0,0.0,0.0,,,0.0,0.0,0.0,0.0,0.0,0.0,,,0.0,0.0,0.0,0.0,0.0,0.0,,,0.0,0.0,0.0,0.0,0.0,0.0,,,0.0,0.0,0.0,0.0,0.0,0.0,,,0.0,0.0
3,0.41816143497757846,0.0,106.0,0.0,2.0857908847184987,1.0,88.0,0.0,0.15807174887892378,0.0,35.0,0.0,3.872340425531915,2.0,88.0,0.0,0.07399103139013453,0.0,17.0,0.0,6.0,4.0,88.0,0.0,0.3217488789237668,0.0,94.0,0.0,2.313588850174216,1.0,89.0,0.0,0.13565022421524664,0.0,37.0,0.0,4.115702479338843,2.0,89.0,0.0,0.06726457399103139,0.0,20.0,0.0,6.266666666666667,4.0,89.0,0.0,0.25448430493273544,0.0,90.0,0.0,2.392070484581498,1.0,89.0,0.0,0.10538116591928251,0.0,38.0,0.0,4.361702127659575,3.0,89.0,0.0,0.05605381165919283,0.0,22.0,0.0,6.44,4.0,89.0,0.0
4,0.6166666666666667,0.0,24.0,0.0,1.4954954954954955,1.0,6.0,0.0,0.17222222222222222,0.0,10.0,0.0,2.774193548387097,2.0,6.0,0.0,0.07222222222222222,0.0,3.0,0.0,3.8461538461538463,4.0,6.0,0.0,0.5111111111111111,0.0,23.0,0.0,1.5434782608695652,1.0,6.0,0.0,0.15555555555555556,0.0,10.0,0.0,2.7857142857142856,2.0,6.0,0.0,0.06666666666666667,0.0,3.0,0.0,3.8333333333333335,3.5,6.0,0.0,0.4111111111111111,0.0,21.0,0.0,1.7837837837837838,1.0,6.0,0.0,0.16111111111111112,0.0,11.0,0.0,3.0,2.0,6.0,0.0,0.07777777777777778,0.0,3.0,0.0,4.071428571428571,4.0,6.0,0.0
5,0.7222222222222222,0.0,30.0,0.0,1.5054945054945055,1.0,6.0,0.0,0.19047619047619047,0.0,11.0,0.0,2.9166666666666665,3.0,6.0,0.0,0.10317460317460317,0.0,6.0,0.0,3.6923076923076925,3.0,6.0,0.0,0.5634920634920635,0.0,26.0,0.0,1.732394366197183,1.0,6.0,0.0,0.19047619047619047,0.0,11.0,0.0,3.1666666666666665,3.0,6.0,0.0,0.11904761904761904,0.0,8.0,0.0,3.8666666666666667,4.0,6.0,0.0,0.49206349206349204,0.0,25.0,0.0,1.8548387096774193,1.0,6.0,0.0,0.18253968253968253,0.0,11.0,0.0,3.3043478260869565,3.0,6.0,0.0,0.11904761904761904,0.0,8.0,0.0,4.0,4.0,6.0,0.0
6,0.5263157894736842,0.0,17.0,0.0,1.6333333333333333,1.0,10.0,0.0,0.19298245614035087,0.0,6.0,0.0,2.727272727272727,2.0,10.0,0.0,0.07017543859649122,0.0,2.0,0.0,4.0,3.0,10.0,0.0,0.43859649122807015,0.0,14.0,0.0,1.8133333333333332,1.0,11.0,0.0,0.1695906432748538,0.0,5.0,0.0,3.103448275862069,2.0,11.0,0.0,0.08187134502923976,0.0,3.0,0.0,4.285714285714286,4.0,11.0,0.0,0.3567251461988304,0.0,15.0,0.0,2.0163934426229506,1.0,11.0,0.0,0.16374269005847952,0.0,5.0,0.0,3.2142857142857144,2.5,11.0,0.0,0.08187134502923976,0.0,2.0,0.0,4.428571428571429,4.0,11.0,0.0
7,0.3141025641025641,0.0,5.0,0.0,1.2857142857142858,1.0,5.0,0.0,0.057692307692307696,0.0,1.0,0.0,2.5555555555555554,2.0,5.0,0.0,0.019230769230769232,0.0,1.0,0.0,3.6666666666666665,3.0,5.0,0.0,0.2692307692307692,0.0,5.0,0.0,1.2142857142857142,1.0,3.0,0.0,0.04487179487179487,0.0,1.0,0.0,2.2857142857142856,2.0,3.0,0.0,0.01282051282051282,0.0,1.0,0.0,3.0,3.0,3.0,0.0,0.1858974358974359,0.0,5.0,0.0,1.103448275862069,1.0,2.0,0.0,0.019230769230769232,0.0,1.0,0.0,2.0,2.0,2.0,0.0,0.0,0.0,0.0,0.0,,,0.0,0.0
8,0.0,0.0,0.0,0.0,,,0.0,0.0,0.0,0.0,0.0,0.0,,,0.0,0.0,0.0,0.0,0.0,0.0,,,0.0,0.0,0.0,0.0,0.0,0.0,,,0.0,0.0,0.0,0.0,0.0,0.0,,,0.0,0.0,0.0,0.0,0.0,0.0,,,0.0,0.0,0.0,0.0,0.0,0.0,,,0.0,0.0,0.0,0.0,0.0,0.0,,,0.0,0.0,0.0,0.0,0.0,0.0,,,0.0,0.0
9,0.3888888888888889,0.0,2.0,0.0,1.8571428571428572,1.0,4.0,0.0,0.16666666666666666,0.0,1.0,0.0,3.0,3.0,4.0,0.0,0.1111111111111111,0.0,1.0,0.0,3.5,3.5,4.0,0.0,0.2222222222222222,0.0,2.0,0.0,2.5,2.5,4.0,0.0,0.16666666666666666,0.0,1.0,0.0,3.0,3.0,4.0,0.0,0.1111111111111111,0.0,1.0,0.0,3.5,3.5,4.0,0.0,0.16666666666666666,0.0,1.0,0.0,2.0,1.0,4.0,0.0,0.05555555555555555,0.0,1.0,0.0,4.0,4.0,4.0,0.0,0.05555555555555555,0.0,1.0,0.0,4.0,4.0,4.0,0.0
10,0.4825174825174825,0.0,9.0,0.0,1.7246376811594204,1.0,7.0,0.0,0.16783216783216784,0.0,4.0,0.0,3.0833333333333335,2.0,7.0,0.0,0.07692307692307693,0.0,2.0,0.0,4.363636363636363,4.0,7.0,0.0,0.4195804195804196,0.0,9.0,0.0,1.9333333333333333,1.0,13.0,0.0,0.15384615384615385,0.0,4.0,0.0,3.5454545454545454,2.5,13.0,0.0,0.07692307692307693,0.0,2.0,0.0,5.090909090909091,3.0,13.0,0.0,0.34965034965034963,0.0,8.0,0.0,2.12,1.0,13.0,0.0,0.13986013986013987,0.0,3.0,0.0,3.8,2.5,13.0,0.0,0.06993006993006994,0.0,2.0,0.0,5.6,4.0,13.0,0.0
11,0.125,0.0,1.0,0.0,1.0,1.0,1.0,0.0,0.0,0.0,0.0,0.0,,,0.0,0.0,0.0,0.0,0.0,0.0,,,0.0,0.0,0.125,0.0,1.0,0.0,1.0,1.0,1.0,0.0,0.0,0.0,0.0,0.0,,,0.0,0.0,0.0,0.0,0.0,0.0,,,0.0,0.0,0.125,0.0,1.0,0.0,1.0,1.0,1.0,0.0,0.0,0.0,0.0,0.0,,,0.0,0.0,0.0,0.0,0.0,0.0,,,0.0,0.0
12,0.2857142857142857,0.0,2.0,0.0,1.0,1.0,1.0,0.0,0.0,0.0,0.0,0.0,,,0.0,0.0,0.0,0.0,0.0,0.0,,,0.0,0.0,0.2857142857142857,0.0,2.0,0.0,1.0,1.0,1.0,0.0,0.0,0.0,0.0,0.0,,,0.0,0.0,0.0,0.0,0.0,0.0,,,0.0,0.0,0.14285714285714285,0.0,1.0,0.0,1.0,1.0,1.0,0.0,0.0,0.0,0.0,0.0,,,0.0,0.0,0.0,0.0,0.0,0.0,,,0.0,0.0
13,0.5,0.0,2.0,0.0,1.4,1.0,2.0,0.0,0.2,0.0,1.0,0.0,2.0,2.0,2.0,0.0,0.0,0.0,0.0,0.0,,,0.0,0.0,0.2,0.0,2.0,0.0,1.0,1.0,1.0,0.0,0.0,0.0,0.0,0.0,,,0.0,0.0,0.0,0.0,0.0,0.0,,,0.0,0.0,0.2,0.0,2.0,0.0,1.0,1.0,1.0,0.0,0.0,0.0,0.0,0.0,,,0.0,0.0,0.0,0.0,0.0,0.0,,,0.0,0.0
14,0.0,0.0,0.0,0.0,,,0.0,0.0,0.0,0.0,0.0,0.0,,,0.0,0.0,0.0,0.0,0.0,0.0,,,0.0,0.0,0.0,0.0,0.0,0.0,,,0.0,0.0,0.0,0.0,0.0,0.0,,,0.0,0.0,0.0,0.0,0.0,0.0,,,0.0,0.0,0.0,0.0,0.0,0.0,,,0.0,0.0,0.0,0.0,0.0,0.0,,,0.0,0.0,0.0,0.0,0.0,0.0,,,0.0,0.0
15,0.3333333333333333,0.0,2.0,0.0,1.0,1.0,1.0,0.0,0.0,0.0,0.0,0.0,,,0.0,0.0,0.0,0.0,0.0,0.0,,,0.0,0.0,0.3333333333333333,0.0,2.0,0.0,1.0,1.0,1.0,0.0,0.0,0.0,0.0,0.0,,,0.0,0.0,0.0,0.0,0.0,0.0,,,0.0,0.0,0.16666666666666666,0.0,1.0,0.0,2.0,2.0,2.0,0.0,0.16666666666666666,0.0,1.0,0.0,2.0,2.0,2.0,0.0,0.0,0.0,0.0,0.0,,,0.0,0.0
16,0.47839318320146074,0.0,200.0,0.0,1.7493638676844783,1.0,88.0,0.0,0.1503347534996957,0.0,63.0,0.0,3.3846153846153846,2.0,88.0,0.0,0.06695069993913573,0.0,27.0,0.0,5.109090909090909,4.0,88.0,0.0,0.3944004869141814,0.0,181.0,0.0,1.9012345679012346,1.0,89.0,0.0,0.14059646987218502,0.0,67.0,0.0,3.5281385281385282,2.0,89.0,0.0,0.06695069993913573,0.0,35.0,0.0,5.209090909090909,3.5,89.0,0.0,0.3256238587948874,0.0,179.0,0.0,2.005607476635514,1.0,89.0,0.0,0.12111990261716372,0.0,69.0,0.0,3.7035175879396984,3.0,89.0,0.0,0.0620815581253804,0.0,35.0,0.0,5.323529411764706,3.5,89.0,0.0
17,0.0,0.0,0.0,0.0,,,0.0,0.0,0.0,0.0,0.0,0.0,,,0.0,0.0,0.0,0.0,0.0,0.0,,,0.0,0.0,0.0,0.0,0.0,0.0,,,0.0,0.0,0.0,0.0,0.0,0.0,,,0.0,0.0,0.0,0.0,0.0,0.0,,,0.0,0.0,0.0,0.0,0.0,0.0,,,0.0,0.0,0.0,0.0,0.0,0.0,,,0.0,0.0,0.0,0.0,0.0,0.0,,,0.0,0.0
18,0.41350210970464135,0.0,7.0,0.0,1.3061224489795917,1.0,5.0,0.0,0.08860759493670886,0.0,2.0,0.0,2.4285714285714284,2.0,5.0,0.0,0.02531645569620253,0.0,1.0,0.0,3.5,3.0,5.0,0.0,0.3628691983122363,0.0,7.0,0.0,1.441860465116279,1.0,6.0,0.0,0.10970464135021098,0.0,2.0,0.0,2.4615384615384617,2.0,6.0,0.0,0.029535864978902954,0.0,1.0,0.0,3.7142857142857144,3.0,6.0,0.0,0.3206751054852321,0.0,7.0,0.0,1.5263157894736843,1.0,6.0,0.0,0.10548523206751055,0.0,2.0,0.0,2.6,2.0,6.0,0.0,0.03375527426160337,0.0,1.0,0.0,3.875,3.0,6.0,0.0
19,0.45433255269320844,0.0,17.0,0.0,1.6030927835051547,1.0,11.0,0.0,0.16393442622950818,0.0,5.0,0.0,2.6714285714285713,2.0,11.0,0.0,0.06791569086651054,0.0,3.0,0.0,3.6206896551724137,3.0,11.0,0.0,0.39344262295081966,0.0,17.0,0.0,1.6964285714285714,1.0,11.0,0.0,0.14988290398126464,0.0,4.0,0.0,2.828125,2.0,11.0,0.0,0.0702576112412178,0.0,3.0,0.0,3.7666666666666666,3.0,11.0,0.0,0.3231850117096019,0.0,16.0,0.0,1.8840579710144927,1.0,11.0,0.0,0.1288056206088993,0.0,5.0,0.0,3.2181818181818183,3.0,11.0,0.0,0.07494145199063232,0.0,3.0,0.0,4.09375,3.0,11.0,0.0
20,0.5,0.5,1.0,0.0,1.2,1.0,2.0,0.0,0.1,0.0,1.0,0.0,2.0,2.0,2.0,0.0,0.0,0.0,0.0,0.0,,,0.0,0.0,0.5,0.5,1.0,0.0,1.2,1.0,2.0,0.0,0.1,0.0,1.0,0.0,2.0,2.0,2.0,0.0,0.0,0.0,0.0,0.0,,,0.0,0.0,0.0,0.0,0.0,0.0,,,0.0,0.0,0.0,0.0,0.0,0.0,,,0.0,0.0,0.0,0.0,0.0,0.0,,,0.0,0.0
21,0.25,0.0,1.0,0.0,1.0,1.0,1.0,0.0,0.0,0.0,0.0,0.0,,,0.0,0.0,0.0,0.0,0.0,0.0,,,0.0,0.0,0.25,0.0,1.0,0.0,1.0,1.0,1.0,0.0,0.0,0.0,0.0,0.0,,,0.0,0.0,0.0,0.0,0.0,0.0,,,0.0,0.0,0.25,0.0,1.0,0.0,1.0,1.0,1.0,0.0,0.0,0.0,0.0,0.0,,,0.0,0.0,0.0,0.0,0.0,0.0,,,0.0,0.0
22,0.4686238532110092,0.0,245.0,0.0,1.6429130775254503,1.0,88.0,0.0,0.1453211009174312,0.0,71.0,0.0,3.073232323232323,2.0,88.0,0.0,0.060550458715596334,0.0,31.0,0.0,4.575757575757576,3.0,88.0,0.0,0.39192660550458713,0.0,224.0,0.0,1.7659176029962547,1.0,89.0,0.0,0.13688073394495412,0.0,76.0,0.0,3.193029490616622,2.0,89.0,0.0,0.06091743119266055,0.0,40.0,0.0,4.680722891566265,3.0,89.0,0.0,0.32807339449541284,0.0,222.0,0.0,1.878076062639821,1.0,89.0,0.0,0.12036697247706422,0.0,78.0,0.0,3.393292682926829,3.0,89.0,0.0,0.06091743119266055,0.0,40.0,0.0,4.753012048192771,3.0,89.0,0.0
23,0.3917910447761194,0.0,9.0,0.0,1.9523809523809523,1.0,19.0,0.0,0.15298507462686567,0.0,5.0,0.0,3.4390243902439024,3.0,19.0,0.0,0.09328358208955224,0.0,2.0,0.0,4.36,4.0,19.0,0.0,0.34701492537313433,0.0,9.0,0.0,2.064516129032258,1.0,19.0,0.0,0.13432835820895522,0.0,5.0,0.0,3.75,3.0,19.0,0.0,0.08582089552238806,0.0,2.0,0.0,4.739130434782608,4.0,19.0,0.0,0.2873134328358209,0.0,7.0,0.0,2.220779220779221,1.0,19.0,0.0,0.11567164179104478,0.0,5.0,0.0,4.032258064516129,3.0,19.0,0.0,0.07835820895522388,0.0,4.0,0.0,5.0,4.0,19.0,0.0
24,0.36902800658978585,0.0,6.0,0.0,1.6294642857142858,1.0,11.0,0.0,0.1301482701812191,0.0,2.0,0.0,2.7848101265822787,2.0,11.0,0.0,0.04612850082372323,0.0,1.0,0.0,4.214285714285714,4.0,11.0,0.0,0.30642504118616143,0.0,6.0,0.0,1.7419354838709677,1.0,11.0,0.0,0.11696869851729819,0.0,3.0,0.0,2.943661971830986,2.0,11.0,0.0,0.057660626029654036,0.0,1.0,0.0,3.914285714285714,3.0,11.0,0.0,0.21911037891268534,0.0,5.0,0.0,1.8796992481203008,1.0,11.0,0.0,0.09555189456342669,0.0,2.0,0.0,3.0172413793103448,3.0,11.0,0.0,0.051070840197693576,0.0,2.0,0.0,3.903225806451613,3.0,11.0,0.0
25,0.2850877192982456,0.0,5.0,0.0,1.5384615384615385,1.0,6.0,0.0,0.07894736842105263,0.0,2.0,0.0,2.9444444444444446,2.0,6.0,0.0,0.03070175438596491,0.0,1.0,0.0,4.428571428571429,4.0,6.0,0.0,0.25,0.0,5.0,0.0,1.6842105263157894,1.0,6.0,0.0,0.09210526315789473,0.0,2.0,0.0,2.857142857142857,2.0,6.0,0.0,0.03070175438596491,0.0,1.0,0.0,4.571428571428571,4.0,6.0,0.0,0.21052631578947367,0.0,5.0,0.0,1.8333333333333333,1.0,8.0,0.0,0.07894736842105263,0.0,1.0,0.0,3.2222222222222223,2.0,8.0,0.0,0.03508771929824561,0.0,1.0,0.0,4.75,4.0,8.0,0.0
26,0.11538461538461539,0.0,2.0,0.0,1.0,1.0,1.0,0.0,0.0,0.0,0.0,0.0,,,0.0,0.0,0.0,0.0,0.0,0.0,,,0.0,0.0,0.07692307692307693,0.0,1.0,0.0,1.5,1.5,2.0,0.0,0.038461538461538464,0.0,1.0,0.0,2.0,2.0,2.0,0.0,0.0,0.0,0.0,0.0,,,0.0,0.0,0.07692307692307693,0.0,1.0,0.0,1.5,1.5,2.0,0.0,0.038461538461538464,0.0,1.0,0.0,2.0,2.0,2.0,0.0,0.0,0.0,0.0,0.0,,,0.0,0.0
27,0.15151515151515152,0.0,1.0,0.0,1.6,1.0,3.0,0.0,0.06060606060606061,0.0,1.0,0.0,2.5,2.5,3.0,0.0,0.030303030303030304,0.0,1.0,0.0,3.0,3.0,3.0,0.0,0.12121212121212122,0.0,1.0,0.0,1.75,1.5,3.0,0.0,0.06060606060606061,0.0,1.0,0.0,2.5,2.5,3.0,0.0,0.030303030303030304,0.0,1.0,0.0,3.0,3.0,3.0,0.0,0.09090909090909091,0.0,1.0,0.0,2.0,2.0,3.0,0.0,0.06060606060606061,0.0,1.0,0.0,2.5,2.5,3.0,0.0,0.030303030303030304,0.0,1.0,0.0,3.0,3.0,3.0,0.0
28,0.39403973509933776,0.0,5.0,0.0,1.6974789915966386,1.0,20.0,0.0,0.12582781456953643,0.0,3.0,0.0,3.1842105263157894,2.0,20.0,0.0,0.059602649006622516,0.0,2.0,0.0,4.5,3.0,20.0,0.0,0.33112582781456956,0.0,5.0,0.0,1.87,1.0,20.0,0.0,0.11920529801324503,0.0,2.0,0.0,3.4166666666666665,2.5,20.0,0.0,0.059602649006622516,0.0,2.0,0.0,4.833333333333333,4.0,20.0,0.0,0.2847682119205298,0.0,5.0,0.0,2.0,1.0,20.0,0.0,0.11258278145695365,0.0,2.0,0.0,3.5294117647058822,3.0,20.0,0.0,0.06622516556291391,0.0,2.0,0.0,4.6,4.0,20.0,0.0
29,0.16326530612244897,0.0,2.0,0.0,1.25,1.0,3.0,0.0,0.030612244897959183,0.0,1.0,0.0,2.3333333333333335,2.0,3.0,0.0,0.01020408163265306,0.0,1.0,0.0,3.0,3.0,3.0,0.0,0.10204081632653061,0.0,1.0,0.0,1.5,1.0,3.0,0.0,0.04081632653061224,0.0,1.0,0.0,2.25,2.0,3.0,0.0,0.01020408163265306,0.0,1.0,0.0,3.0,3.0,3.0,0.0,0.09183673469387756,0.0,1.0,0.0,1.5555555555555556,1.0,3.0,0.0,0.04081632653061224,0.0,1.0,0.0,2.25,2.0,3.0,0.0,0.01020408163265306,0.0,1.0,0.0,3.0,3.0,3.0,0.0
30,0.25,0.0,3.0,0.0,1.3333333333333333,1.0,2.0,0.0,0.08333333333333333,0.0,1.0,0.0,2.0,2.0,2.0,0.0,0.0,0.0,0.0,0.0,,,0.0,0.0,0.25,0.0,3.0,0.0,1.3333333333333333,1.0,2.0,0.0,0.08333333333333333,0.0,1.0,0.0,2.0,2.0,2.0,0.0,0.0,0.0,0.0,0.0,,,0.0,0.0,0.25,0.0,3.0,0.0,1.3333333333333333,1.0,2.0,0.0,0.08333333333333333,0.0,1.0,0.0,2.0,2.0,2.0,0.0,0.0,0.0,0.0,0.0,,,0.0,0.0
31,0.26666666666666666,0.0,1.0,0.0,1.0,1.0,1.0,0.0,0.0,0.0,0.0,0.0,,,0.0,0.0,0.0,0.0,0.0,0.0,,,0.0,0.0,0.13333333333333333,0.0,1.0,0.0,1.0,1.0,1.0,0.0,0.0,0.0,0.0,0.0,,,0.0,0.0,0.0,0.0,0.0,0.0,,,0.0,0.0,0.06666666666666667,0.0,1.0,0.0,1.0,1.0,1.0,0.0,0.0,0.0,0.0,0.0,,,0.0,0.0,0.0,0.0,0.0,0.0,,,0.0,0.0
32,0.45454545454545453,0.0,1.0,0.0,1.6,1.0,4.0,0.0,0.09090909090909091,0.0,1.0,0.0,4.0,4.0,4.0,0.0,0.09090909090909091,0.0,1.0,0.0,4.0,4.0,4.0,0.0,0.45454545454545453,0.0,1.0,0.0,1.6,1.0,4.0,0.0,0.09090909090909091,0.0,1.0,0.0,4.0,4.0,4.0,0.0,0.09090909090909091,0.0,1.0,0.0,4.0,4.0,4.0,0.0,0.36363636363636365,0.0,1.0,0.0,1.0,1.0,1.0,0.0,0.0,0.0,0.0,0.0,,,0.0,0.0,0.0,0.0,0.0,0.0,,,0.0,0.0
33,0.16666666666666666,0.0,2.0,0.0,1.5,1.5,2.0,0.0,0.08333333333333333,0.0,1.0,0.0,2.0,2.0,2.0,0.0,0.0,0.0,0.0,0.0,,,0.0,0.0,0.16666666666666666,0.0,2.0,0.0,1.5,1.5,2.0,0.0,0.08333333333333333,0.0,1.0,0.0,2.0,2.0,2.0,0.0,0.0,0.0,0.0,0.0,,,0.0,0.0,0.16666666666666666,0.0,2.0,0.0,1.5,1.5,2.0,0.0,0.08333333333333333,0.0,1.0,0.0,2.0,2.0,2.0,0.0,0.0,0.0,0.0,0.0,,,0.0,0.0
34,0.4428605943464605,0.0,269.0,0.0,1.6868521549372613,1.0,88.0,0.0,0.14206330031408554,0.0,76.0,0.0,3.141156462585034,2.0,88.0,0.0,0.06112587581541435,0.0,32.0,0.0,4.6521739130434785,3.0,88.0,0.0,0.37376177820729645,0.0,248.0,0.0,1.8222365869424693,1.0,89.0,0.0,0.13505677699927518,0.0,81.0,0.0,3.2754919499105544,2.0,89.0,0.0,0.06233389707658855,0.0,41.0,0.0,4.763565891472868,3.0,89.0,0.0,0.31166948538294276,0.0,245.0,0.0,1.9534883720930232,1.0,89.0,0.0,0.1191108963517758,0.0,84.0,0.0,3.4949290060851927,3.0,89.0,0.0,0.06185068857211887,0.0,41.0,0.0,4.87890625,4.0,89.0,0.0
35,2.0,2.0,2.0,2.0,6.5,6.5,7.0,0.0,2.0,2.0,2.0,2.0,6.5,6.5,7.0,0.0,2.0,2.0,2.0,2.0,6.5,6.5,7.0,0.0,2.0,2.0,2.0,2.0,6.5,6.5,7.0,0.0,2.0,2.0,2.0,2.0,6.5,6.5,7.0,0.0,2.0,2.0,2.0,2.0,6.5,6.5,7.0,0.0,2.0,2.0,2.0,2.0,6.5,6.5,7.0,0.0,2.0,2.0,2.0,2.0,6.5,6.5,7.0,0.0,2.0,2.0,2.0,2.0,6.5,6.5,7.0,0.0
36,1.0,1.0,1.0,1.0,2.0,2.0,2.0,0.0,1.0,1.0,1.0,1.0,2.0,2.0,2.0,0.0,0.0,0.0,0.0,0.0,,,0.0,0.0,0.0,0.0,0.0,0.0,,,0.0,0.0,0.0,0.0,0.0,0.0,,,0.0,0.0,0.0,0.0,0.0,0.0,,,0.0,0.0,0.0,0.0,0.0,0.0,,,0.0,0.0,0.0,0.0,0.0,0.0,,,0.0,0.0,0.0,0.0,0.0,0.0,,,0.0,0.0
37,0.0,0.0,0.0,0.0,,,0.0,0.0,0.0,0.0,0.0,0.0,,,0.0,0.0,0.0,0.0,0.0,0.0,,,0.0,0.0,0.0,0.0,0.0,0.0,,,0.0,0.0,0.0,0.0,0.0,0.0,,,0.0,0.0,0.0,0.0,0.0,0.0,,,0.0,0.0,0.0,0.0,0.0,0.0,,,0.0,0.0,0.0,0.0,0.0,0.0,,,0.0,0.0,0.0,0.0,0.0,0.0,,,0.0,0.0
38,2.5,2.5,5.0,0.0,1.4,1.0,3.0,0.0,0.5,0.5,1.0,0.0,3.0,3.0,3.0,0.0,0.5,0.5,1.0,0.0,3.0,3.0,3.0,0.0,2.5,2.5,5.0,0.0,1.4,1.0,3.0,0.0,0.5,0.5,1.0,0.0,3.0,3.0,3.0,0.0,0.5,0.5,1.0,0.0,3.0,3.0,3.0,0.0,2.5,2.5,5.0,0.0,1.4,1.0,3.0,0.0,0.5,0.5,1.0,0.0,3.0,3.0,3.0,0.0,0.5,0.5,1.0,0.0,3.0,3.0,3.0,0.0
39,0.44646317829457366,0.0,280.0,0.0,1.690721649484536,1.0,88.0,0.0,0.1431686046511628,0.0,80.0,0.0,3.1539763113367174,2.0,88.0,0.0,0.062257751937984496,0.0,36.0,0.0,4.653696498054475,3.0,88.0,0.0,0.37718023255813954,0.0,259.0,0.0,1.8259473346178547,1.0,89.0,0.0,0.13614341085271317,0.0,85.0,0.0,3.288256227758007,2.0,89.0,0.0,0.06346899224806202,0.0,45.0,0.0,4.763358778625954,3.0,89.0,0.0,0.31492248062015504,0.0,256.0,0.0,1.956923076923077,1.0,89.0,0.0,0.12015503875968993,0.0,88.0,0.0,3.5080645161290325,3.0,89.0,0.0,0.06298449612403101,0.0,45.0,0.0,4.876923076923077,4.0,89.0,0.0
40,0.44699903194578894,0.0,282.0,0.0,1.689225771521386,1.0,88.0,0.0,0.1430300096805421,0.0,80.0,0.0,3.1539763113367174,2.0,88.0,0.0,0.06219748305905131,0.0,36.0,0.0,4.653696498054475,3.0,88.0,0.0,0.377783155856728,0.0,261.0,0.0,1.823830877642537,1.0,89.0,0.0,0.13601161665053244,0.0,85.0,0.0,3.288256227758007,2.0,89.0,0.0,0.06340755082284608,0.0,45.0,0.0,4.763358778625954,3.0,89.0,0.0,0.3155856727976767,0.0,258.0,0.0,1.9539877300613497,1.0,89.0,0.0,0.12003872216844143,0.0,88.0,0.0,3.5080645161290325,3.0,89.0,0.0,0.06292352371732816,0.0,45.0,0.0,4.876923076923077,4.0,89.0,0.0
41,1.6666666666666667,0.0,5.0,0.0,2.8,1.0,6.0,0.0,0.6666666666666666,0.0,2.0,0.0,5.5,5.5,6.0,0.0,0.6666666666666666,0.0,2.0,0.0,5.5,5.5,6.0,0.0,1.6666666666666667,0.0,5.0,0.0,2.8,1.0,6.0,0.0,0.6666666666666666,0.0,2.0,0.0,5.5,5.5,6.0,0.0,0.6666666666666666,0.0,2.0,0.0,5.5,5.5,6.0,0.0,1.3333333333333333,0.0,4.0,0.0,3.5,3.5,6.0,0.0,1.0,0.0,3.0,0.0,4.333333333333333,5.0,6.0,0.0,0.6666666666666666,0.0,2.0,0.0,5.5,5.5,6.0,0.0
42,0.3333333333333333,0.0,1.0,0.0,1.0,1.0,1.0,0.0,0.0,0.0,0.0,0.0,,,0.0,0.0,0.0,0.0,0.0,0.0,,,0.0,0.0,0.0,0.0,0.0,0.0,,,0.0,0.0,0.0,0.0,0.0,0.0,,,0.0,0.0,0.0,0.0,0.0,0.0,,,0.0,0.0,0.0,0.0,0.0,0.0,,,0.0,0.0,0.0,0.0,0.0,0.0,,,0.0,0.0,0.0,0.0,0.0,0.0,,,0.0,0.0
43,0.0,0.0,0.0,0.0,,,0.0,0.0,0.0,0.0,0.0,0.0,,,0.0,0.0,0.0,0.0,0.0,0.0,,,0.0,0.0,0.0,0.0,0.0,0.0,,,0.0,0.0,0.0,0.0,0.0,0.0,,,0.0,0.0,0.0,0.0,0.0,0.0,,,0.0,0.0,0.0,0.0,0.0,0.0,,,0.0,0.0,0.0,0.0,0.0,0.0,,,0.0,0.0,0.0,0.0,0.0,0.0,,,0.0,0.0
44,0.35714285714285715,0.0,5.0,0.0,1.2,1.0,2.0,0.0,0.07142857142857142,0.0,1.0,0.0,2.0,2.0,2.0,0.0,0.0,0.0,0.0,0.0,,,0.0,0.0,0.35714285714285715,0.0,5.0,0.0,1.2,1.0,2.0,0.0,0.07142857142857142,0.0,1.0,0.0,2.0,2.0,2.0,0.0,0.0,0.0,0.0,0.0,,,0.0,0.0,0.35714285714285715,0.0,5.0,0.0,1.2,1.0,2.0,0.0,0.07142857142857142,0.0,1.0,0.0,2.0,2.0,2.0,0.0,0.0,0.0,0.0,0.0,,,0.0,0.0
45,0.0,0.0,0.0,0.0,,,0.0,0.0,0.0,0.0,0.0,0.0,,,0.0,0.0,0.0,0.0,0.0,0.0,,,0.0,0.0,0.0,0.0,0.0,0.0,,,0.0,0.0,0.0,0.0,0.0,0.0,,,0.0,0.0,0.0,0.0,0.0,0.0,,,0.0,0.0,0.0,0.0,0.0,0.0,,,0.0,0.0,0.0,0.0,0.0,0.0,,,0.0,0.0,0.0,0.0,0.0,0.0,,,0.0,0.0
46,0.25,0.0,1.0,0.0,2.0,2.0,2.0,0.0,0.25,0.0,1.0,0.0,2.0,2.0,2.0,0.0,0.0,0.0,0.0,0.0,,,0.0,0.0,0.25,0.0,1.0,0.0,2.0,2.0,2.0,0.0,0.25,0.0,1.0,0.0,2.0,2.0,2.0,0.0,0.0,0.0,0.0,0.0,,,0.0,0.0,0.25,0.0,1.0,0.0,2.0,2.0,2.0,0.0,0.25,0.0,1.0,0.0,2.0,2.0,2.0,0.0,0.0,0.0,0.0,0.0,,,0.0,0.0
47,0.25,0.0,1.0,0.0,2.0,2.0,2.0,0.0,0.25,0.0,1.0,0.0,2.0,2.0,2.0,0.0,0.0,0.0,0.0,0.0,,,0.0,0.0,0.25,0.0,1.0,0.0,2.0,2.0,2.0,0.0,0.25,0.0,1.0,0.0,2.0,2.0,2.0,0.0,0.0,0.0,0.0,0.0,,,0.0,0.0,0.25,0.0,1.0,0.0,2.0,2.0,2.0,0.0,0.25,0.0,1.0,0.0,2.0,2.0,2.0,0.0,0.0,0.0,0.0,0.0,,,0.0,0.0
48,0.0,0.0,0.0,0.0,,,0.0,0.0,0.0,0.0,0.0,0.0,,,0.0,0.0,0.0,0.0,0.0,0.0,,,0.0,0.0,0.0,0.0,0.0,0.0,,,0.0,0.0,0.0,0.0,0.0,0.0,,,0.0,0.0,0.0,0.0,0.0,0.0,,,0.0,0.0,0.0,0.0,0.0,0.0,,,0.0,0.0,0.0,0.0,0.0,0.0,,,0.0,0.0,0.0,0.0,0.0,0.0,,,0.0,0.0
49,0.0,0.0,0.0,0.0,,,0.0,0.0,0.0,0.0,0.0,0.0,,,0.0,0.0,0.0,0.0,0.0,0.0,,,0.0,0.0,0.0,0.0,0.0,0.0,,,0.0,0.0,0.0,0.0,0.0,0.0,,,0.0,0.0,0.0,0.0,0.0,0.0,,,0.0,0.0,0.0,0.0,0.0,0.0,,,0.0,0.0,0.0,0.0,0.0,0.0,,,0.0,0.0,0.0,0.0,0.0,0.0,,,0.0,0.0
50,0.0,0.0,0.0,0.0,,,0.0,0.0,0.0,0.0,0.0,0.0,,,0.0,0.0,0.0,0.0,0.0,0.0,,,0.0,0.0,0.0,0.0,0.0,0.0,,,0.0,0.0,0.0,0.0,0.0,0.0,,,0.0,0.0,0.0,0.0,0.0,0.0,,,0.0,0.0,0.0,0.0,0.0,0.0,,,0.0,0.0,0.0,0.0,0.0,0.0,,,0.0,0.0,0.0,0.0,0.0,0.0,,,0.0,0.0
51,0.0,0.0,0.0,0.0,,,0.0,0.0,0.0,0.0,0.0,0.0,,,0.0,0.0,0.0,0.0,0.0,0.0,,,0.0,0.0,0.0,0.0,0.0,0.0,,,0.0,0.0,0.0,0.0,0.0,0.0,,,0.0,0.0,0.0,0.0,0.0,0.0,,,0.0,0.0,0.0,0.0,0.0,0.0,,,0.0,0.0,0.0,0.0,0.0,0.0,,,0.0,0.0,0.0,0.0,0.0,0.0,,,0.0,0.0
52,0.0,0.0,0.0,0.0,,,0.0,0.0,0.0,0.0,0.0,0.0,,,0.0,0.0,0.0,0.0,0.0,0.0,,,0.0,0.0,0.0,0.0,0.0,0.0,,,0.0,0.0,0.0,0.0,0.0,0.0,,,0.0,0.0,0.0,0.0,0.0,0.0,,,0.0,0.0,0.0,0.0,0.0,0.0,,,0.0,0.0,0.0,0.0,0.0,0.0,,,0.0,0.0,0.0,0.0,0.0,0.0,,,0.0,0.0
53,0.0,0.0,0.0,0.0,,,0.0,0.0,0.0,0.0,0.0,0.0,,,0.0,0.0,0.0,0.0,0.0,0.0,,,0.0,0.0,0.0,0.0,0.0,0.0,,,0.0,0.0,0.0,0.0,0.0,0.0,,,0.0,0.0,0.0,0.0,0.0,0.0,,,0.0,0.0,0.0,0.0,0.0,0.0,,,0.0,0.0,0.0,0.0,0.0,0.0,,,0.0,0.0,0.0,0.0,0.0,0.0,,,0.0,0.0
