,fixing_commit,inducing_commit,fixing_tag,inducing_tag
0,100653f76e52f1555ce9424924031acdeb941888,5b947f0d78f4a63b916b10e626d29398830e5da3,7.5,7.5
1,34fece43c543cd2d3cd8e76a9af188f12cf69c39,d936fa531cecfec3ef352d1132e67edca256512c,6.7,6.0
2,34a0bc1a4e14e13a7d40a410b268d6ea7b0f3a40,357fc23c4d4a930518f6986838aa64f57a8a9a0d,8.5.0.37579,8.4.0.35506
3,fecabb60a6737406700e07e274f14cd75af7fba7,6603e70aa5abee4dd7eccf2b0b1c7ad829a028e4,7.5,6.1
4,62d76a285dc86c756fddeb63a0b073f11ee46f25,f91c8fde272864fb938fd7c7c0a1fe3bd01cbb5c,8.4.0.35506,8.2.0.32929
5,c3256f0716a2352d7a24165a490cb82afdb25ec0,139261bbc13192621ef795d6d45298e1d8e1b7f3,6.7,6.4
6,9eebecd84d86c76ea513afc0e50573516c6731b8,0736f40a60b6a3bccbfb933de9bc9a57b950c6e8,5.6.4,5.5
7,6fd40a8af54818efb8c29c8a01102121a529099e,b501b1b4a27b26f4dbbca99995980edb6449c2c1,8.5.0.37579,8.2.0.32929
8,7c6f52df2e18da76180d74b3533e709f5b47309a,2a80a0dc1032843fcd1403cf6488dcbb563fa180,,8.2.0.32929
9,4377c049eab9efbf8ecb56caf1fd3c0c779a0731,f21abcbb8250053703ce6edc36bfea03bb3665e7,6.3,6.2
10,0bf9da7268b7512812490cc4c2562afd84d443d7,62d5677706d8c96750c13dc21aa4a4f314cbe47f,8.1.0.31237,7.5
11,e42d1ebefc43e016fa417938e17e5d1c633f5608,af19a257160eae52f2f5a08cfb979625a9cf5cff,6.5,4.0
12,3ee7baceba601526f60ea2a78decfc0b6c8feb8e,da198c7706fbc244e644665a4e9b5026e929d9de,7.5,7.0
13,a272c3f10047489b2297e08a0f58dab27af350dc,32a73efa05cb12056a93f08b9124e647213f1f02,6.7.1,6.4
14,867894b876c520c1342a60e36a2e421a2a291b71,2a0b90ac049f9bfca1c18b25eeb2146ebe09bf76,6.3,5.2
15,5b5488398259fcd6c1db21e5bd26bf005c7731a5,119cacc37ed66c5fcf08c7a3bf4197db79c58c39,7.5,7.5
16,4e19fe7ccd4c5ff5ca29fb0bdb831ed03942f441,08cdf04215f4b0b3a4ccfe7902c36df4906688c3,5.6,5.2
17,626d28bab60fb53ed64dc1054640d224456901e4,cc9c506efd50786649658baa0d243654c59c512e,6.3,5.5
18,09c5d20c6c86d544c5a5a2448fe553b95f3cba2d,c152a8c09c6dc62a7cc102721c1a848a493fb68d,5.2,3.0
19,96d7b49621a21e4e9b3eb3c03255f64e1d99fd4d,4bf292bac1d4dae9b8338c464e88e9dac6ca4b03,7.5,7.5
20,aa838eba54111b32b619f75e6adb9e1a6c44e9ad,de4365079bad2df3bdee2133576dc913ffbf1ab2,6.6,6.4
21,d9a11f3443c8d9a464f6f605630c12c9562dad3b,d7b669175e4e40341f6f1553ebe8ed84a9980ce2,7.5,6.6
22,17c1d1814e5f1274cd8c1609dc46443b1805dd50,daee45d773b4f7ca9fa835c761b66ecec134d961,8.0,6.0
23,2542ddd092f5910aed39895a1b3061148aa8e03f,72e202b73cffcedc1ca3cc7311008f2a39006d21,8.0,6.6
24,99a29c395b07c79b45b3360d15df74718ed95b59,d665528c8751ead9ca93e3d18dd8600fac92834b,6.6,6.4
25,08d2dc1e42e32e67c0f8d3932c118b2cb3ed4e17,f6fd6fb056ca6c3de3637cfeafb53c30815ee12d,8.1.0.31237,7.5
26,fb9f4f8314cc44d45aef2f41a82520d969080444,da6dbbc8e24d9a2150b5f06a6c300c541a3df1cb,6.3,6.0
27,9ea5ee4ea61f0311c4f1fa5d2cfa96896be9676c,8ed0d04c7dddd824b86f25cec4d6761f88078317,5.1,5.0
28,1ead4d114275621e5c4902c2b905bb1332321d5e,b793d3a80995b0fc008c33b37bc6304cf06426ec,6.7,6.6
29,2962e43c138995b6c8d61a333cb2448932333d1c,dcea9d6a8eb3084cc06d31f88d2dc2a099180898,6.7.1,6.6
30,ec0c9c265fed27964480ce51edc8a191b5234be7,4e3996e3bdd48f3a3cd7bff1439f86c033a681c0,5.5,5.2
31,f740cb5fde92c4c77aab732390cc2b7a2b39e813,084e85d714534f8c22355f7744ce546ae982a7d8,7.0,6.6
32,2fdab0c755a5f4cf22a3cd15843703d5947c9b15,7cf57c2495bd16c2e7056c0ff47fc962a8ff432f,7.5,5.1
33,bf7ec4b2326636021f0634d817fded3619773902,bc4d2e6948669842ff325c789f570a4f46f0af41,7.5,7.5
34,fc415711a8d3a3ac3cfd69ba439d2f6c84a350c5,6c37e7a9c7ef1b048c2067250235e24b386f4fc9,7.9,7.8
35,c8b01d4f1520a14be831547f6b35c072a8b9517e,30aaeccec8ecf4668658a7151ad0418f86d2a6b3,5.6,5.2
36,63ef497ede0dad6346d039bf8745d0cf8b0636f6,de4365079bad2df3bdee2133576dc913ffbf1ab2,6.7.1,6.4
37,94ea3b30c8fded80d7c02e1f4da12c9e5e6092d3,ad082b3d7b15c604eabe253087d9c1a33464f637,8.5.0.37579,8.0
38,f533245c9a73a0be2dd6e87124e23c8d4374295c,035fbea593106d85be9e8a9a823f3ed8ae2fc024,8.1.0.31237,8.0
39,694a04647ca6b64e1d39f01400168a7a5d0595e1,314a1a8af40b38c8b8ffd8dd9170856d33a589e7,5.4,3.3
40,3e43924e631f72a35353525e74530f8e66f22ef3,33be8c3500e678c3d56202a8f204aabe1f1e84bd,6.3,6.2
41,726406c0d2b168abb40287f58e271934a42d072b,b0dee2eb4911050c06a1f4665d0813151739ca95,7.5,6.6
42,6dec8a61556090d4cdeac8fb130b2ba01809bca9,890ab0b59cdb3902f4869eabf8ca534814f1b3dd,6.3,5.2
43,12d32893c71ea44b1620f7cddd8baab23459b561,f70ca313cc49368c64991e531da33036e53d0d5a,7.5,7.5
44,7d034a6d0d9991c251757eb9ab72bd37ac97b6ab,6297a95ee597f6b14d2f44cf8356ffaf26b9f9e9,6.6,6.4
45,9ad0e56f42abd45343f16be66edae1f1a4f688b5,b27171e2644049cc08d9886183abb624ab2955ea,7.5,6.4
46,582cf7f4b2ed2da296e77ade8342a7b614f93376,8c82a4c246dc8928470ebe0a148725c7f1bd5dcd,6.7.1,6.5
47,ea05fdeff86b320bba6178d6f074f8d146692fcb,c370fe8bd92bc9904cb07b96b562d83c719f1364,6.7,6.4
48,2c7c8d8b0c1575f7e2235f5a7868d70bf914f3ba,2a2dc6f30e574058065019aeb637b71b30661568,7.5,7.0
49,a47d4a1f0a15b34581364f2a45faee2544f92132,928332d7ffdbcae1c28495fe1b0c0d49a0b2d1ee,6.6,6.6
50,20ed9553b9a1012f341c1f5d4a594221ae437600,139261bbc13192621ef795d6d45298e1d8e1b7f3,6.7,6.4
51,43ad639ca4a6057b0f9137eaa317d47cae649f60,ac8d89dc4866672d1c03e33614b4b94e92e26ef1,5.5,3.6
52,7a090f7a951b839d94f4d1af2b53ee9a1453e399,19fb2bab0cfcd5067bbde14f5b686b5f0360c27e,7.0,6.5
53,ba96c18f6176dfe8ac96cd4565f5d6f9db6c4f46,6c8ef77d412dafaecbdf66543a4c33b58874f506,7.0,7.0
54,9fbe45c366c95b7a933ee36fe8d976f3147f144a,e8080c6be9dc4c6014e035454b683f5d8aace226,6.3,6.2
55,d2dc8046525bb4538ca4d7ba4c5bc91346e31596,e5827b3671013c14776ca189e400e3687bfa0983,8.4.0.35506,7.5
56,5e424b6e964cf798e7ecb674b2fff82d5fbebef4,c87a69b77de990c7efdf506b5a269e7facdb00b9,5.6,5.5
57,b61f2e843c6e1e72a7f1a987b53bd9921eaa69cf,de4365079bad2df3bdee2133576dc913ffbf1ab2,6.4,6.4
58,84d4f441879de01734bb9041fc0cdfbd461386ee,5a4c2cce22e3d692b6d797e48ede465fdcb384c5,5.4,5.2
59,fa2a913859fd48bf63246d566b5fec250fb4aca8,faadd654f06e3661fd6c2dfa0708cfe96818f53d,6.4,5.2
60,42339a34c4beefc564d6ae7d3e36040624027cef,02c56111d2490e2066f9d2dcc71b54ccc8786bdd,8.0,7.5
61,34f303b0866eb0d69971878265c0890568befa64,759926d3cf6da3713b326c9653701a6f40496401,7.8,7.6
62,bb7e74da6d8a3fdd27317af2e92c4ec106e92956,925daa3fdb2b5936553482338a8ab869ccfda639,8.0,7.8
63,46dc0f0590c60abfe479c95f17f11b552ad070a9,024672b883d5b81af0838106fe53df31365444f2,5.6.4,5.2
64,08be68fda3cfd859ab412bfa634409d211f79927,4ecb6fc3ec08ee37a1bb5c19d8ca44e2b832b5a7,7.0,6.0
65,0322e241e02e55e102205ae95e07c4c4cd649eec,b7129679327efeeb44f9205656b46376adfe9689,6.3,6.2
66,eb451f2c3aafc231cf05c81ff3e94f73b98ee586,1b16981bab6f9309b80fa08dde67aef9a2b3dc1d,8.5.0.37579,6.3
67,353570feab92e6b24c3081211136526f75478629,1ec8e8ec1c3bf3b1f687036b94bbe963fb91cc44,6.3,5.5
68,a0d8fee001d9e074da508fc1e04031e239f1c490,223c274b837e855af0dc8c6fa7be3ea591f34feb,7.5,6.5
69,f6d3dfaa4195fba63a1e07cfe2764ff33a912403,299cebedac5ef4a6a17dd18782c2b1a2a79f08d5,8.0,7.5
70,7ea45bd9ad1c485a860cd81b12496fd70373cc4a,fa27bf616fad3cb743994ea8407feabd96a22ae9,6.1.1,6.1
71,369b4771c0354647c8c54f3e42be742f33e26c7f,8ef5511f69e3f82375a0bd44c771afe4643bbca2,7.9,7.5
72,d61b51aaa96a8990ddec641ac4f3e37f4ea73947,de4365079bad2df3bdee2133576dc913ffbf1ab2,6.6,6.4
73,aafecafc4ea56a6099731ab58572e376d27bd9f9,74c8a8ac5e83144fab7291b9ad57c14742fe8bbf,6.7.1,6.6
74,862238b470ddb24df3a6d267c4730e27f33c5e3e,af4e7f37644e058a919f2df383f7103fd84cbae8,5.6,5.2
75,2510ba884971b7245445dac69641478a67bfad9d,9df81b022ca8c249356289a7382d561e9a33b588,6.6,6.3
76,3adb1969a53fb22066453c36fe9d0acb6902d343,50a3b6070de88501507eb32e7989cbc149dc51de,8.5.0.37579,8.4.0.35506
77,2fba950fd31175b42a3b097ff58ddda9c76fddfa,b08814f7807c1443592af65cd68c2a51dfd4ee37,8.0,7.5
78,05087385ee6a3e032febe5f5f3033aa13a534147,2ccd693c8ccefb423ab10368ac93fff2eccc1b1f,5.1.2,5.1
79,0546704b7a152de911c3f0000418c14013392d6e,629f228080b114ea57d311e41d3b4c76cb493195,6.6,6.5
80,e4c01a6e0c962a41b23a4f10f146a9a2a9c01e80,7bcccf0899d7bfa9f4d1782b4f5699c1f896502f,5.1.1,5.1
81,2205d5242d2d2ebb579f4a20c7c2dc1a17fbe1a8,cdf4443c3769ea50c1dc127c10dfb905847568dc,5.2,3.6
82,7f6004f914450d45aa6d4b3a5e60c21b3e6af53f,ac73ac876fae3d027b9ffc83a79b8d324d409a04,6.7.1,5.6
83,6e4367ab807afdb78fe968424f034657ca3802bf,1a17e4302e4b63de6b4ce7c049441803b9471524,8.0,7.5
84,da3753ec1e4490fcee4ad7d1a25cf56176cc1924,a9c89fb3101e728a4e92180fcdfbe1e3a4a28a0c,5.6.1,5.6
85,191fde8d2cfc1a69b4e981b67e4e0bdbb33bba7c,d961c0a405a2d16785e5769dcb5b879c14a997e8,8.5.0.37579,8.3.0.34182
86,5a0253f2dea14767fc9db008b6ffc4bb77a8c273,3ce10f0a4be3a92ee3d98cc43ff7a1daedd21df5,5.1.2,4.0
87,fede6d0a2378ce959e7cb1afdf221a92e22b8a6f,cebce15815204aa189f63f9e1b86143b258898d2,7.5,7.5
88,3def9251b81c6fafc75b3129904ad8887490520d,570316af531be1479cb7fa504c9ba9777babbd03,8.0,7.8
89,fedee0f1c5984f069ba09c71db442d2aa44b8105,7bad70c9312f2853cb659882fb1bf2510b3f4648,7.5,6.3
90,a8f14ced18503abb466fefead861ea3d60f7115a,7983068e4d2a45531ba0942688e659adf9ee61a2,7.5,6.6
91,6be83fba1622cb8c41f9c1f537815ad801a16843,913c82c8772fd4747626a1fbe665ccda2e5ca9f1,7.5,7.5
92,a7b91a1668a2ef9b99b35ddfaa1eae35118b4f5d,be36f35e637ace99705b843c7d4ef31d2eb9d59f,6.4,6.3
93,f8cd06235249dffbf19efdc6755f550add0539cd,3106078fe9a0f0c778f77c551f0e09d02d46cfa0,6.3,6.1
94,899d9a0a07566b55a2de2434266e4daeb4a65666,793e86fce66f356099792b7231c9a1d949ff875e,7.5,6.6
95,ae63a6af4780af4527dd453af7ed8923ed6bd07f,d4818eaa39ec76bf2ed14a14204741928bf1a9d6,6.7.1,6.4
96,4e44847179780459b438cebb27c5425df1920a69,334d4b7065f34673cc3e857b634aca51570fe47c,8.4.0.35506,8.3.0.34182
97,a9552b07116f378a31600a8ba5ef55241b0beda7,0c099362d018300382bb529c7af7762d226b971e,8.0,7.9
98,bdc898f9220f48b5589bf01ef32a5194d8b28dce,85b49ce0f6dd80f4bfdbe5eb0ca78b83cc86b88b,8.0,7.8
99,d959cb81e02abbcf8a1201bd5ece9e50bc4ffa2e,071dd097a358d5750b2cc4be0f4216df111eb2d6,8.0,7.9
100,2113095efa0eafbec64d4392715efc871d2d5275,bfeca720d3a702b77664b0164aa02ce89b353cec,5.2,4.4
101,b50a849b37ac7832f5ebd7e402d1e44f2b11eb20,ecd2b90b42b8f70d18f8ab6a6fb4353267893c29,7.5,6.4
102,1eb0636088b70e8d744074fc6bccee8561c27c1c,4b7f9388c6bf2474e3c4137331f8d71056d68682,5.6,5.2
103,1904c96a996c1cba54e2fe7540447fcb031e00d3,77d3e365acbfd9095efe4458c643a9e8ccdada13,7.0,6.6
104,66def08e9bb337dc79d59279ea417a79366e2ad6,4c03a7686dfc417db0376be571e2a3bf3fb04637,7.5,7.5
105,f5380b151910ed0cf86bc01fa9cbfccdd64a2adf,e14f55a7bb0ca1bfcc8d2a584146c54964ef0952,7.8,7.5
106,b658f0cefa459ef82072c080f0acf92b438fca8e,57cb022d1b9751a1a73fcf7a2054aa1b24ab4c27,5.6,5.2
107,1c870c915125912fec3569cf283b58a2a35281a5,f2f3ede233eca98118c026c7cf151145eb0dfa99,8.2.0.32929,7.8
108,437bf3bf7259b5f6f1f914c3fc0dcd2c2cc0b6df,bba16edb777a69137b3122dfbc5b898049f274c5,5.6,5.3
109,b37fcd78ff36d2f10d97632f494d08c0f10f3114,7a298e6f6ebe5cf486b0a3470a6178c35656a878,5.6,5.0
110,d17f0721a3a82e2f2b0fb424c8076159f9331bf0,3e26c9b9b44ebabbc2c81e134c26799ce3f4bc3b,8.0,6.5
111,5f81649d5f7f9eb7f620d2ac49ed4b82d8ae3991,546ca86ea7e9a0760d5e1a266e14aa5c5f92bc5c,6.4,6.3
112,f1a6f4027de9d542e438409c53a88d8bb06dfd1a,bab3c7d6847c723bd3f0cacd4ef4b0cb3099947d,7.7,7.5
113,ebc43c59ac25a3c75b9ce089f90e9eaac6c74637,b94c3c5acca681d305e4a3cd93cdfafe4ad3cfeb,6.1,5.5
114,1f4b2123afcb0fb70c8e105a5d9820f7761da875,fd1bf09182f969d57b927536c9daed331fd3d3c9,5.4,5.2
115,48191a7dd1e630ac53f73418852fc7ea6edd2545,d67d7addd11df8cc7351273a3e60d098a20a1d55,5.6.1,5.2
116,6868ebd60bcc61d9ec5c079d9da55c836ba5c154,4bbd9c7beaca8ff1bcdaaceb8a29b5911c916bc8,8.0,5.2
117,20570f275c8a996939c264bf032615554e784fc5,4e3996e3bdd48f3a3cd7bff1439f86c033a681c0,5.5,5.2
118,31afeda58d4b373438fc49b95ff15fb17f469a08,c87a69b77de990c7efdf506b5a269e7facdb00b9,5.6.1,5.5
119,560d8e87f9624cc2ad1b7a5c17ac647d2dcc0d54,fd7a43bbe280cf832976f3696776ff5df08de72e,6.1,6.1
120,8d3f85ca3272be3b99826c86d24dd4ca54ae85ed,4000d244f77a2f99acfc8e8e58571ee13a8a6d77,6.7.1,6.6
121,d414e4e2c2daed9fcb3d6f6eef35dd538e752d76,8ca5afed6d9e07f7f98b60653da2f8d60b828dbc,5.6,5.1
122,bf79ed11bd311395aaf01a0d17f72a835ef0d7fb,ef39ea00c5822b114d728f73d92eed6635437b98,5.6,5.5
123,da6a97014a1aba426ca6253623f6ff71281a64ac,793e86fce66f356099792b7231c9a1d949ff875e,7.5,6.6
124,8d3d6716e8221f26040eb81911afffc142fae773,a997f8804af48e789e7554405b01ca27c0daaae6,5.6,5.2
125,469af3846a5ca3f78b2b190ec4a2b27e3c7fd11f,b3fd6a607be4a0c4afdbe7e9eb0facab53260818,7.5,7.5
126,0a21ddb780241a6b0ad1ca4394840e479658943c,94597925e396c970293202b23f55871e5e64e47a,5.6,5.2
127,0a1dc2146dd4b142d044c0f85634869410666ed3,d7ce42f81b9ce387128df86363a6fabb463fda55,6.7.2,6.4
128,803f745e23dc4ffc4bb232da4ed05c5401c3bd86,567c1fb55e6e53760adebe16bb55d60db9700342,6.7,5.1
129,e94172d9ea94c25913b422b332720324275502f1,18ab94e64c1e7d50b1b4c29b3082fcfc49ffc800,8.2.0.32929,8.2.0.32929
130,d4380ccc8fe7783b1b04148c3707e0e93b3bb98e,20873ba1d51089dce84bf6f3e115564adde4e721,6.6,6.6
131,b6dc9d310b5eeb03eaa1de571f333d47c6b11fcb,0c18ea4d3f5c4af4e6b86f2704970d425de0e8b8,5.6,5.2
132,37a018029bb7382f293d20d81e03a2d5e716dfcd,e59e4aa2c06a57566f148f4217d286461231ae58,5.2,5.2
133,ab64e97deecaf047d85debdd1ba669e1d4071d51,4029e97abc4ee6b5abd2f6e04d9814a8fa31074b,6.4,6.3
134,48f295f8b4720b3e9d53def3d313eeba0aa93f13,ce80f2115245688992a727beeecd46ac43dca703,8.1.0.31237,7.5
135,e92f595ae8795ffc8906d84d95b2cc634ff34b72,e52aa133123efef9ae7b9099b1a620bad795e010,7.5,6.6
136,d7173668ad32a0f19a59f8b9612112c43852c2aa,6c37e7a9c7ef1b048c2067250235e24b386f4fc9,8.3.0.34182,7.8
137,4feaaa420f34c2ae4e6d4c9bc09da49d5dd8edbb,793e86fce66f356099792b7231c9a1d949ff875e,7.5,6.6
138,13213988a1e5a88833cb70c2dedba51e70de154f,5694a472f1f507f80c7aad3edee93df95a23a4c2,7.5,6.5
139,5e12a8cf6011e4f95405a1f8abeee38c92245141,c4317c5f7ed4ef9c5e10b82a6b5fe9a8e4c329f8,5.4,5.2
140,f1ba685b86d6435ae21960ee6962b83c447dd3da,6c37e7a9c7ef1b048c2067250235e24b386f4fc9,8.0,7.8
141,d9a8adec352374814382395b87fd034b0d5ab176,f4e4e1f30da63c41701e237f92d55171c7d5b927,6.4,6.3
142,16ef824afc30f2d8e9578abe8ba7422a69de28e2,a6dc9b83a3c63927968fdb852efc92b3fa71398b,8.2.0.32929,7.6
143,9eb83a4ee9e247c4ab8af35b8e30c2f8c220ca68,fd7a43bbe280cf832976f3696776ff5df08de72e,6.1,6.1
144,61d27599390f01279a25241daa5d361fcb362803,179311a789bbfb5025f446d3259c9ae0bac2cc95,6.7,6.6
145,f2bf93dff30ed93fbce24dcf2078801e2544d008,4882ea80f8b10706fef9d6b9a325f8820dde75e3,8.3.0.34182,8.2.0.32929
146,7f61d01d4fee20274e53f93c8fcbfd29f6f273be,422912b59e4ffd99d05f45eae4b9289f2e7f6646,6.7,6.6
147,f19752352309f50f99510a5d44c2c6f3d2f63ec9,6609543936253149851cbbcbb89d197a89eb2392,5.6,5.2
148,5d3d62b840255f41ecb079271f6c3df3187da468,2704d7b445807d96e62ab8bd51382f2069e9875b,5.6,3.4
149,b8ef8b4f80219e756f9a0f6a84243104b51387c7,0f906cccf16b98864d8f2dd1ae3966b60fb8ac4a,5.6.1,5.6
150,dd51ac2553e1613e7ea3cd5e8c41cce2803f488c,07bb9501605ea5c708eb178d19b4770b34a71d60,6.3,5.3
151,8f24ad80368cc005c78eb9fc83e4f23823048e16,744cc2a6ccac1348c1bb21e7807eb063f7d3134e,5.6,5.2
152,527a13d12e2457845d2631e2615181f6173c13bc,628a25dc393859c3e0aa6a4ceec8047a223ab28e,6.7.1,6.5
153,fe5472dfe520e0681034fbd9996ccd030627b09b,df81c0dd7ca62b44441269d67d6b4a174b8f2f76,7.5,7.5
154,2c36adcf2180253e3cd6832d6fb454e580a42cd2,913c82c8772fd4747626a1fbe665ccda2e5ca9f1,7.5,7.5
155,a22bc323f8d43fb243031ead669c5ff876f75c0a,cebce15815204aa189f63f9e1b86143b258898d2,7.5,7.5
156,861645c8498ef6b1782fa0b3ad1537d5226f1e41,1eea485b14b3af360250a2302e9557dd615ef492,5.6,5.2
157,75ce835beb9f2140bb0fe14b8cb88452520a6946,139261bbc13192621ef795d6d45298e1d8e1b7f3,6.7,6.4
158,116d1f01a872b83be5aedf8a700be10556c091d8,5d148ea07dc451cb3ebc39ee1fc334830048a4a7,5.6,5.5
159,6a75aa3940a17341042dcd031af70eec5dd85dde,2d9bae8c4d2d03c0cccd77d567678af84ed271d5,6.1,5.6
160,6ea16bffd566b4790f26b492860f01d9f2cda5e9,92b68fdb6bca9347e153424fb4f79ceae400fc3d,5.6,5.3
161,750fd412e0b11a071c5a3d2677cda289713d82e2,99aa7e8a80ba86da975059a59295c07666240d4a,6.3,6.0
162,96651c2341184362a22b89fe7a8e24b2a23b4695,e2a31e0005be87b109c7d6a8e1ae4964c14c08a4,5.1.1,5.0
163,4cb268769ddfce3f001a9587218594b65697f1bf,8f5397c85462d74c0a55294d19f5e26add5ea391,8.0,8.0
164,652bcc1cd8f6cb2d6281694a74300ef3b24fbc11,cf02910d825009883b2c741b80c4a7175c74bb74,6.7.2,6.6
165,79625d0c9161e02c3c718c546a51538d2221bc4b,0ed8bdfe035f8de4b907d0f0ec6326cb5e5b3f02,6.1,5.2
166,f128c2dafa50eff8c5d5c94afef561da4d2f7a73,b53cc3cb38c77de88c1d55377968a13c7ab4df66,6.4,5.5
167,1d8a83568656e0f934d3eee71df5776d411a1fec,94f500e0091bc438c306ee76454c5395d223fe30,6.7,6.6
168,bba83de69a5b421c0f31e7c9bf08401dcecc8581,ae44cac7ac77b98df301e03ba3e386cff298aba6,5.3,5.1
169,6392893e41bc802900c2023c87e64753c00ce887,7cf57c2495bd16c2e7056c0ff47fc962a8ff432f,5.6,5.1
170,64fa9230e6346dd4bacb1855705630e877fd9f17,2a5eea17c29c46566a13f84eead54b202a9bae83,5.6,5.2
171,aefa1e5ffb6e9348a5545872b48a81d470c87690,88189313e33c91d3b9f890740cd9fc3f4cb644c2,7.8,7.5
172,7fc68e34923e3fe08b1b0dc81f7def4ab76d2b1e,5a92a8bd1b28dde9f2a1f50af53dcc03cec383ab,6.3,5.2
173,29cdfd46a27145d44d14e5862be245aa9baf61b2,09b3d167fa8f399e18a37d56e7c8cbb61f68f97f,7.5,7.5
174,26c5dfb16763787a4ffe2219def80ebb3b20bdfd,f59052c8e1daed111d931893b2a08f9f5fa2a74a,5.5,5.2
175,a0b8503e9504a4e149ec076d34ea82dfb6b91f86,52a0578e61c4e9d8496b2e77ea5cabb95c1d5a72,5.3,5.2
176,a7575340afac655b86e8897258546fc9f55d6341,15b2160babc5c35ede960b7d0e133acbec8c6c51,6.1,5.3
177,fe77597e418fb06ce2e10fe786f9dfd667aa2c19,15b2160babc5c35ede960b7d0e133acbec8c6c51,5.6.2,5.3
178,68ac319d78630e20a13e6b540fee4a9011f40ef1,26abb6f79619dff256b758f9f3970dbceb1120a6,5.4,5.1
179,f9bb435740391633129ceee0732c531942e48115,dc1fd0df81856c9260e247ee3ae385df58d23916,7.5,7.5
180,5cb50b88707b28319bd457a2602b6bfc7445f8d9,7f1afd8ce4723dad04762837efec3b4b2525dff5,8.0,8.0
181,0b2bd218c88655f24bc541086dfee18d3364a9e1,ea4563b2077d57220ea77190d537f7cb3c8adf17,7.5,6.3
182,243c757d0aa23bd907aeedb39154458c3894b2a3,81645d024b9fbc057f0fe0cea9ebf3b43298f681,7.6,7.5
183,c0c77159e1a512a1724b73550f4ede36619d1560,ae3b5f5b5128b07eaf8896cf9fc52b809ca7cb51,5.6,5.2
184,91720513ee12439d09703cc8837c3f5d40668ef1,f280711447aef1c46827208bb999e480f68a340c,5.5,4.5
185,0f580cd4d12411346be5c5de801207c847457099,a79d83f7ee9092352cd4581caccf6a1b269935a9,7.7,7.5
186,80cd084762f29bce14dad599f441610c6f4fc514,a33103206a6787a4f85fb821cff8b5333f4babb3,7.5,7.5
187,92a5bd4f512a7d9db533d04b051b92c3a3bec6c7,929dcab3e90bc534193441f97cf6006d9495e448,6.6,6.3
188,3ee8ec8dec07179ea5eb72cf7e3a5cc584f5734c,726406c0d2b168abb40287f58e271934a42d072b,7.5,7.5
189,61686cb47293d5d6f5da78593676de662ac94e55,bf69f3f6b6c3f35582d17c2b6c344c5986f5b480,6.3,5.2
190,35d4defcf214eec9f04f00860538199f82f997c1,793e86fce66f356099792b7231c9a1d949ff875e,7.6,6.6
191,818a1ed6d1a180adc065b7aac6214255c4e7576b,b4f6625ff1b3a35d316306d695c8bc7e2a6d0b05,7.0,6.2
192,c26ae42214c23da0ced318d2a8bb9ce6589c72ff,8f8e96192f36aa13496ebfe7bbaf333de8a92e35,7.5,7.5
193,0359411125578632c70ccf458625d0163c2b8b16,9bf2ebf04d26e49c844b264f767a0345cce0be20,5.6.2,5.6
194,084e85d714534f8c22355f7744ce546ae982a7d8,c066c9818690903ca656e33060d4d77f36cbdc5b,6.6,6.4
195,417280ac3f309cc5ac019849a616c34ac042ccd4,c01e10ac1000017f3930193d42222e257155fc42,7.5,6.4
196,bb6bb844e6a8ac1bb2fd9fdafa73e4005c994806,3e190e0e5588f2e5c02d207423b131f1a2d7285b,7.7,7.5
197,3e9c3f32a1cddd69533815255e0b66f9325a4352,59b39aad8ace071053d09cb1dacc4e7ecf5ddde3,6.4,6.2
198,d8e27d0f4c166e5baea63c06d4bd2e19f5ceca70,b8a80269e55fee3e0590c925a5c37f8d18c5c932,5.6,5.2
199,90e2bc7b5149d2d64a1987a11cf50dfce1b8457d,079463397585df1bbdfe9a6d34e077a09f2bf706,6.5,6.4
200,88883041bd25b9772873612bd3a84cbbcde0a2c6,3142e872bcfa1eba2940efa4e4b45612bfc1dd64,6.7.2,5.5
201,a1b9bc1ced0bb2dd67e60583254f836cb477ed42,189fcc6532f1cec5f9b9619a9fbbf8f6e3efb921,6.6,6.2
202,3fcc98a73d6afb99388e39f46272909a6d6600b2,b0d5f026d7b3430edd6f076a90fbde0b370e1605,5.6.3,4.4
203,446a27fd0bb4c449db017760dc11ec92da35cb3c,ef410a968aac25dbefae21437e4db09eb9edf91e,8.5.0.37579,8.4.0.35506
204,f4bf76e488ab3d48cb12295d2aad77d9cf61cfb0,d665528c8751ead9ca93e3d18dd8600fac92834b,8.0,6.4
205,68776c0a9456b77f051baf474810e7a4e2c32694,a28a47c710081dc745f11890c9c96ab51a428128,7.5,7.5
206,5bf3e8320b4a341c2b47406dd1ca4772aa046b72,53170bebb544567dc9fb3fad2860a671032c7efb,5.5,5.3
207,8e325b86c9247da1659fbd23f5358156468dd795,52fcfd04b4671924baa73987a5b122dbe37b9fe1,6.1,5.5
208,e184f159ade71372942f2840b62f6b71eeefb4c5,ce00914d138c4d79a0a3bdb9e23504e6e4cfe9a7,5.3,5.2
209,8de6cde7ea0ff5aaf43d59e4dff13484f83b7cf8,605a62f9e0342e63b55b50e76db3260dee1ef748,6.1,5.1
210,dd207a8d9aba5a03af76dbc67bc451ece2afc35b,dfc395c2b6cd711677d9eae8118a9201484b2a2c,5.4,5.2
211,68eefa86f059bd37b25566e2a3f8ef7b9d72d0f2,a744a740f2a6a5646159391fb1994c3c7b098509,6.1,5.2
212,629f228080b114ea57d311e41d3b4c76cb493195,29fa51a5b900a29a5f7384c265d1ffe9c9140455,6.5,6.4
213,6b837953f06bfd5181580144c955284f168c844e,86db744a5fc2ac3c998fc5c126c1298e9c085df9,7.5,7.5
214,def7c630eb2d99ff42c819816f10289b99e3bc08,fd7a43bbe280cf832976f3696776ff5df08de72e,6.5,6.1
215,3df08566ce8ae085a6d785bf47b411f27247f55c,5469f3ac48fbfd377a246cfa77a19249132714b4,6.7,5.3
216,9538f9ae5502b33651f1d916ee69aaf74c121231,d936fa531cecfec3ef352d1132e67edca256512c,6.7,6.0
217,f2a73bce4278b987c7ad008a1ea83621a97550f5,1689d1f1ca71dfac66682fd87b4ce56ad58dfce0,7.5,6.5
218,464e95be6c8d4ed4e83dd4811b332047ec6dfee5,6ee67fb6f66b53ef3f4791fc937a10fecb6b0f60,6.4,6.4
219,fb15f6fc29a3c76008b153de2c37ad270398eabf,1df148803610cd54f182b8636f01c0e6ece92b19,7.5,5.2
220,8bdb9fde4be635c666ce0b09a851789a5ecfc870,1c0b9a97e3bc6d58c4697b4350b39adc81a6efc1,6.6,5.2
221,bc09582c5d9305cbe391fda11730a6c05a13fa5d,cebce15815204aa189f63f9e1b86143b258898d2,7.5,7.5
222,4df67277be75c9b41f5b434f03c2fbf6dbb8b426,b0d5f026d7b3430edd6f076a90fbde0b370e1605,7.5,4.4
223,2d9bae8c4d2d03c0cccd77d567678af84ed271d5,4e337f119df5ee05515f85a6f26075d3667d7707,5.6,5.2
224,585f3438a50dc49a31f05948451d1dd333268cbe,ab2a5de55004f8ac50a99fae9840da26ce125088,7.5,7.0
225,b7c7eac477c154b56c68c070629f852d5e13e8e0,6cdb0c5c809a86f69599f2006a6b2d1b29e24499,5.6,3.5
226,b28968aad154ea722ec2a37333f4ee243836dfb4,f4bf76e488ab3d48cb12295d2aad77d9cf61cfb0,7.5,8.0
227,eb64f5e0e1e9abcd2701ab7a02624341b3d8960d,5de4905238544859c5abcc87acde1f6a0fa2459d,5.4,2.13
228,4fa52cd10f951bd2a0e66acd480e49158099c435,b8a80269e55fee3e0590c925a5c37f8d18c5c932,5.6,5.2
229,f419b7847f39d9d8e80d4a766904ccd4f5bd6010,451eec53f11c3f64787b488d06a415b5139055c7,6.3,6.0
230,0b8e4aad2693dbea56400bacd43fd8a4aec72389,5e1cfb7c9fc843d45acffce74fa60719c3083095,6.7.2,6.7
231,9dcc70602f4222e167dc12a084db38ded895845f,6c37e7a9c7ef1b048c2067250235e24b386f4fc9,8.0,7.8
232,1e175c1f25b46050a4be209688eff36c71ad6c6e,c85249a0cabf07007a3b52253873c6ceaadf9c48,8.0,6.6
233,2ec01b5375b038baae335785a2622c439de2d399,9a7dcc5b3ce82c75de74ea3fc20e8d69f8e43a24,6.6,6.5
234,6cd23f9e6c49c4731da4c878c9891dd3cec8d08d,80b9f52b80c5ae3fcc81b8b8cc3209000a886b7f,5.3,5.2
235,6225c854d869db28adc7c74f0b18e0dfdefebff6,15b2160babc5c35ede960b7d0e133acbec8c6c51,5.4,5.3
236,6f6f00faf62ea79215031534671bc4f1d9a55856,d172a42d012bc511fdbf43d9de826d0c69388fe5,7.5,5.2
237,337a26aea27d440e56e1a34ef660be0edadd629c,7515f738fb15473d144dd376fac2a1562486c049,7.5,6.6
238,9391fdfd8207d9fb3adba94024528dd3890ceee3,f9a8849bcd13d9a418306afa0037136be1e4d56f,5.6,5.2
239,e481af9138fa10ce01b0dfe9f7b0bd961f8408d7,269c963c54bd2234bc52ec3a30ba73ebd30b44ed,7.5,7.5
240,0d7956367e37a47c21cb05a52b118b38a2c17b66,6f107dcbe90b0fea564e1ecaa96643bfc539329a,7.5,6.5
241,3ed96a6b902132626d4f6f4a76139613d7cbb81d,33acda7596369ed1bffbcd25b8d0d590fa87be49,7.7,6.4
242,4214a7a047224ad450230ce914598c6b5e137392,3618f6417ade2a02a139c99b2add0967ca647288,7.5,6.5
243,7baab045db52d14f103bcce623caa12a6dd19101,44a34aca80bb01c3a7689fe02d34f17718bf9293,5.5,5.2
244,9a62922f872af2d3dbbe514cd9c47137d66acded,024672b883d5b81af0838106fe53df31365444f2,5.3,5.2
245,72f20e1066197e64b7e5d348d9f1bc2466073f2e,079463397585df1bbdfe9a6d34e077a09f2bf706,6.5,6.4
246,49ee415f4a13e435f5d86a125666532b8fb029a9,1274e4f398ab05aceaedcaa9fd5453ca5b7732a3,8.5.0.37579,8.2.0.32929
247,b226884e6334d06b73005852500a16074e2b3495,efa7cbf67fc688806609b21eb78f560e2102c5ec,6.7,5.2
248,e6fea33be6dd9333abdd82444317a708804d2f85,8f66d37bf9687f52532816e1842eda36a19078c4,6.7.1,6.3
249,f463897daea037addd0ee5d1a45c046b784e1fc5,ef9869ca12457efb552c7abd4517c334ed839c66,5.3,4.5
250,4ecd4bdcbc24f97a2d77aafb6273ce805976baaf,1cacbb1d2ed72d720058580746d678ba8da1b453,7.5,7.5
251,5c78e445609eaf1c6bb00b0c863623ea497237a0,36a39747d81b74279448e001a301a3726f5b4638,7.5,7.0
252,14fde3c0c46e717ac44a0b482f21f82149e2e837,7370c19e9acfefb2b9ac1fb3aeea7fd73f5a5fc3,5.4,5.2
253,ca42beccae145e371dd465cf5db2e34f1469b46c,10e686608dd3c963ec88dfd7968424331330d584,6.7.1,6.4
254,2022f77214c6456941f10591e435db8ebead08c0,f79030e299ce766ec510ce2019c7b5e77105a1cd,6.7.1,6.1
255,4a5eaf2240d43f26441b0028ebd7e753ade22293,99aa7e8a80ba86da975059a59295c07666240d4a,6.4,6.0
256,6cedf507a95545611c31813a427f43291beeadfc,e606937326a6f2c9d83d7d2509d73bb237a94356,6.6,6.3
257,51fe1d71e419026cf331f6f0ddac3cfac2f6b0cb,129962bb39832f0312884c9d2bb4c61dd77111e3,5.6,5.2
258,af92d629474b292b231724ce179c58565650cdf0,7b757f90537d99f1863407dfd2667874561d53aa,7.5,7.0
259,0928b5632fd08edb53614a125bc52b3f5bee2b7d,75abdef0c27dc443aaa4f05c2e868119887afb3c,7.5,7.5
260,364d28538c3560e555dd40874ab52e8f041c5829,2a0b90ac049f9bfca1c18b25eeb2146ebe09bf76,5.6,5.2
261,7bbdfa88edf67c8c118aa1900f71a4ddf7163db1,42a37b782d64055db065900ec04a1e837d068e87,6.7,6.5
262,57fe683ca1f0cc1307a601e44ae367159257a66d,139261bbc13192621ef795d6d45298e1d8e1b7f3,6.6,6.4
263,3ba0210407680ae481d91658f0b623d5353a2663,52fa8aca6f574afb1364c727938a4b7230fe86dd,7.5,6.4
264,87f55940473777bd4080595a8369a7cf958745c4,ba93a1a0ed121bd331d87636b733e3e31f0b2d89,6.7,6.4
265,e4535bb930c1dc1e2383c3815fa34aceec2f1e02,d2da7f30d512284c943b82abc135483b59b85536,6.6,6.1
266,ad082b3d7b15c604eabe253087d9c1a33464f637,d2dd76f34d2cce8162a1c408322e18299c14e6e1,8.0,7.5
267,57606ff108c1c541f3e152a31bbbfdc0261b2dc6,0ef5d6d8e1f265622bb7671b67de8a661316105c,6.7,5.4
268,8b36b92c75be2da2d16e9d14e3fe2254f6dc4368,dd2c4c54c3d18939cdf92d86ce6a1576768bd567,5.4,5.2
269,6ec3fcf19a77c31b9fe137eabc56334948d39ac8,7fb14c3d55ba19b85e7361577a92ee5a0f8ccefc,5.3,5.3
270,df64c184d1427f74592459b42093e8b0b6878c98,9824b94f16109305b4847a611379029695823427,8.5.0.37579,6.4
271,95d91e6fff76d8561e5d9dd71379dde8bc6258fa,d7d20c58c771f3be6cc44b37dc5b741443beca03,6.7,5.3
272,db035e56b216401f4fb27bc74bc8861cb4874802,1de32aa4798f3246861214ec7f52bfc5f76fd0bb,7.0,5.3
273,b70f2903e70aad17ed54153f11dc0ab7e325e930,6b1c892c3b40a9fd5e3210cf5c6c411ff3165236,5.6,5.5
274,8f9cf4f2994f90fa69c2dd4f2b49a81ae98a6a25,ba93a1a0ed121bd331d87636b733e3e31f0b2d89,6.6,6.4
275,279deef3e8534bba914245ccf10610a459073640,458617e27f0f052697b2b58ab281a0727b089d2c,8.2.0.32929,7.5
276,a280429889a21f2f258041caa42264570017c31a,0847774db59344316629a7171c3943dbfaa3f52d,5.5,5.2
277,1ec8e8ec1c3bf3b1f687036b94bbe963fb91cc44,594e71c5ece90e920a5cd2e17450c91c7bd6867a,5.5,5.5
278,387eec46dbf1ecf3fd0bfc37e156b1475bf5546d,9bc7557e4c6022e9a352e659e99c4a952bcaea3f,6.2,6.1
279,06310fbb1aff7750fa55a4eebd6fc8eada97f95a,42688d94dfe659f91cb074afb2f50681196350f7,5.3,5.1
280,0ec0be546e4a0bf1956b016a986e1f57ca465618,359547e4d6ca79786d9df319f85c17d20806cad4,5.6.2,5.1
281,6d95cb9f19193a9d6eb4424d1ff6dba7efd75c3f,cf645d53f903ebfa6a6c36001a59636a28b8e389,5.5,5.3
282,9cfe6672bc793eb5775e8cd137b735837b3a2787,eb64f5e0e1e9abcd2701ab7a02624341b3d8960d,5.3,5.4
283,79ad08c967c32f5c68d6b5a4844b2213b5f3015d,bed7d7f1897ab5f0e2bfa0e4e6ac61e3d413c5dc,5.6,5.3
284,9d6442856e3b66df0c02831c8108780d4d738bfe,2b702eaff6c12860cbfe38699affb206ae0c03a2,5.3,5.2
285,f0956c6ec3826e73e40313e7edb06a87c1570c6f,890ab0b59cdb3902f4869eabf8ca534814f1b3dd,6.1,5.2
286,5620329e9393d7afc4d23835df8b585196df9757,913c82c8772fd4747626a1fbe665ccda2e5ca9f1,7.5,7.5
287,52d805b3ab00fb499546f79fba0a852e893fea79,079463397585df1bbdfe9a6d34e077a09f2bf706,7.0,6.4
288,434c61ad74dc6ddeeb21477a8754064db95b4b5c,db6ad16520b210083bd9026a3648bb5211c10c28,7.5,6.6
289,947685909fbdee4146a59c67cc706b5e7f530876,3079907d1f13a509709c72a5dade87d129a4eb5c,8.4.0.35506,8.0
290,56826fb52dbddbe6166f7a1e80065bddc7fd254a,3b7745121f384577dec62d760c214b96de1a8b5c,8.5.0.37579,7.8
291,00d449d02ed7525705d29769d6a9d282337e117c,6834c9f826ed3901d981763cae93eaf816bd25fd,7.9,7.5
292,bba4533a8756e66a65656861507720b4c535194b,26e6aab3da5364bcb31fa8b23766610464a8781c,7.8,7.5
293,2ce4dce9c220bdde53d7d22278f24b36490deffc,4411bd57b286b519f13017d061539b9789ae0f83,6.6,5.2
294,34f18002b369c8b35f4331347fc5529c9cac4f28,d7ce42f81b9ce387128df86363a6fabb463fda55,6.4,6.4
295,eabdc54edbad6ef9dea9b8521d544817c0f90c2a,f09ee6b610528aa37b7b51be395c93524cebae8f,7.5,7.5
296,ff20b3c6df653a9e57b80735c7084b8f38373d7d,72ed026449d0ce330746e0993993bb3bf1ed434a,6.2,5.3
297,7ae93382eb4a2f4d364beb529b15140d53791ce7,1ca69cefbef27f8f772650de4af6e6018ef85351,8.0,6.6
298,a35c677063a62e426b5412572b712240d410a357,822405efd0ddde6b1e123c40cc1255e9b57c05f8,8.3.0.34182,8.2.0.32929
299,a8a990b0170b730b642f44d683376dd710b47110,a23cea9726fdcbfb4348a9c2335ae82ecab85c79,6.3.1,6.3
300,4ce3f21921ceda09e54d4c43e7b09169ab375df9,5686fcc7cc310e5603c4620d74e8cf679a38eeb2,7.5,6.3
301,a6889467a2d97739df4329d41e7969327da2b8f8,3065f6824c72d504c8e317c7d2d6a2c682081c4f,8.5.0.37579,7.5
302,492942631b3c2612fd8ed9b03bd7db3261a38e58,0b11b278fde4daaf3c928a24a2aa3bab21a9982c,7.5,6.6
303,4e2c7f4e37f3f1263a44a5e7fd612f553ec916ed,85b940dd935f57860f26dff7f1bfaa9de1ba8af2,8.5.0.37579,8.4.0.35506
304,72f64c95fdef18ec950d341c1a9093f30087e1c1,91a64d837bd83d293ea98a9aa630cc7ba0aadad5,6.7.2,6.5
305,0e5d51d8b22f08bc83953e039e762c3d69ae34cc,0b9d353145660ea802d50f2c3e177976ac26724c,7.8,6.7
306,b8a687d4de61a78ba5529ad5554b7a10b10dc674,af51c229c26e644b2377e11173a33abddd7ea887,6.5,6.4
307,f892d78c31867ce944e85086e118148e5350024a,079463397585df1bbdfe9a6d34e077a09f2bf706,6.5,6.4
308,0d76849de3972733bf0105eda59870cb16560dc5,af09abd297eee6694b088437f7f33bea210b82f0,7.9,7.5
309,d8f8e347f9bb4ff6124556e7cef766d695cbaa2a,ec1f6fbe740e121bbf14d4138663e353144d54a2,8.3.0.34182,8.2.0.32929
310,d2dd76f34d2cce8162a1c408322e18299c14e6e1,e31a01aedd82182ca124964325ddf73e32c71f12,7.5,6.6
311,dda0900b46b558e6cfe0479552852fc5c9456a22,15705813665581d67d67bff133d31d235dd16535,6.7.1,6.6
312,47901d1f6ef2aebc0f72972fccf3d680ea9d2a7d,dae4348f09a1364904a2e63caebf2dd9f205752b,7.5,7.5
313,a7945437d456d5c1d0bfe58f38a53f4239f109e1,af30430e1577d2284a1fce12f8a8a43652627461,6.7,5.2
314,10eae4b03f57e7b622fef0606553481f8a5ac812,2c7eb4eebfa11ab66a9d09529ba0c2f40f5f53ef,6.7,5.3
315,ac411892a8fd09a4a422218efafb6f9f233a7f90,8f017cb26a891a6776c004fc838f22de9507a157,6.6,4.3
316,cefae4aca32d702db0effe3779dfd0a1e976f8cb,991c93480ded1d1a3c5cabb34722c9736ac2affc,7.5,7.5
317,b7976ff3de0187d28cbe371a858d51af32913853,61cde2b2b9685a17b4519e67cd056fd3f6430b77,7.5,5.2
318,78ac82da528beca83055beba26e9d96aec79d80e,5069a9f3a9e1a675ccc929e92d58412eb3641015,7.8,7.5
319,97a5d22de4b91ead6a8d09931d176f5fe26c840d,3e72937a66a0ca25d8cf2872f614b8edf179c2a8,7.5,6.4
320,899f67cdb2937a8d209be318ef7caa2a2fdc0cf6,93ece4c32cb488af46855b3ee9d53d7fd9e787b8,7.5,6.5
321,c345192e089434be630c4b52579388a6e517c9b9,f94bc6f1b9be3b9180aef88abe1804b4aaaa194a,8.2.0.32929,7.5
322,03924a62688e3e4510ff0f81e7fa463609fb6fdb,a27db900edf9672df8e692cfdf9a7db9b8badf8f,6.2,6.0
323,0caa8ba6650b2ecc7538c3bbc6443e69069bc3e1,99aa7e8a80ba86da975059a59295c07666240d4a,6.3,6.0
324,190f2755be5186d7a410a5847242a67d6b4bd22c,62a465c3e954105b359a0046dc0bf893ccaa324a,7.5,7.5
325,436296b4cdf93e71a6195ab116853504202cab08,5880d0c5b446408b2bc50bdb587643eeff0ae99c,7.9,7.0
326,724cf4fa763199ea4a0c04d9596cdbc73070b554,0832a517c9b7cb70d51ba6557094a605a8a9efdc,6.5,6.3
327,1055024bf5bbfd50b26e4be8dc5a1fc52990dfed,6585cb549530ef4ecfbefc28670799cf7517341a,8.5.0.37579,8.2.0.32929
328,93598d6f84ba12c14150f160604605c68b568272,1a45e47fdeca85e1884775243187e32ab294c8e3,5.3,5.3
329,0f5624e59711578884518b4438c9c7e5c47ade68,af09abd297eee6694b088437f7f33bea210b82f0,7.5,7.5
330,6885b465d9fffa09f8c03b03ebd792f8669f9685,17bbc381c796efc51326c96e77c0fe7294c6a010,8.5.0.37579,7.8
331,1b9c1f105c34d97090bbd4966105ea132b17c3dc,2d9e5533515dd5969897ba1ad3435fea27da28f0,6.5,6.4
332,bf04befb58c2208d7b535ab87a1e7a62df2f4030,1fccf4779bbf4d1c125fd65ed3972b57b3c1be6e,7.0,7.0
333,a4bb18bf2e7dee17af8ae2974f47a9f8909a638b,46337152f44def08a125acd8460007cfdd210de3,6.7,6.4
334,fd961a51b94ebcc2811e833a683ca2a538cace02,b9d7623d0ce7d804f0c5a6dcfc476ae96c9b8518,7.5,7.5
335,cb17989ed82948611a3bf912a9fbe4f9713073f5,d665528c8751ead9ca93e3d18dd8600fac92834b,6.7,6.4
336,b3cf89af7b9fede43d0b23739b28dc762eb3e2ad,329a3c594a5f5b39858d3f587249c8d6accb072f,7.5,6.6
337,4c9807a6d016bd7da4419f21c8a736f5f014493d,5fac9ad9ac653dba89f5f53457c8d17959cef7cc,6.5,6.1
338,81f6a5ff6a1b372fa401d31e98de2e50600a7cbe,f8422ab807d32b342a69e1dbb17137a3985be891,8.0,7.9
339,a9a04c4793e1909eb96a489d4ab56c43aca44427,46337152f44def08a125acd8460007cfdd210de3,6.7,6.4
340,d13e2d9a08ea6fc3cb29bcf4add0c4f2f12cc3b8,fd7a43bbe280cf832976f3696776ff5df08de72e,7.5,6.1
341,99af758e84e5cc84f304e84e714ee0613fc32e59,5a5c9bfb9fb4c3591759ef444524c7d8097198a6,7.8,7.5
342,708f380fc38b072c86bd451b8dff118d85688266,070c3e240aec5697ef7e715fc18bacdb14fce9ef,6.0,5.1
343,282c729e2aed2e3362c89e60ada017dbdf51f6dc,de4365079bad2df3bdee2133576dc913ffbf1ab2,6.4,6.4
344,8f6fd0a83ebd1d1ea5fc8772502172a2bd75cce8,847b1833f8f86657e9ddc206fab04e29ec5dbdc9,7.5,6.7
345,42cf60a64a18c941b0c844ad3cf4ecd8f86a9612,890ab0b59cdb3902f4869eabf8ca534814f1b3dd,5.4,5.2
346,fceb5ee46cf3abbf80eb8e40f96422c262953540,f6df5fd53b68e63731fdec370778f827cddd6a7b,8.1.0.31237,7.8
347,eb17d0d2279c9d125f494525bfa4c4ab3692a0e1,f6554b56731131f5d97b6d2f22801237250d8920,7.5,6.4
348,91f37bb55b79523a00ab02f5b180c9a3b12a5b9a,2c540713f9289d8cfd14a65f3b4c3c33a4696e20,7.8,7.5
349,6c9938e19c97a44e8cec9a33fa6f9b0acbc7609a,97e15208790028ed50187e58cd4580e6cef8e6b3,8.3.0.34182,8.0
350,3f20a128d9068f85965a63f4e5e28f0b6f17c230,47ab4975909b4c1b2bb0afdfdd90475e61d855b7,5.2,5.2
351,6794de31803c2fcbb420f46c21030c94ae169ab4,e52aa133123efef9ae7b9099b1a620bad795e010,7.5,6.6
352,2af0a2dd2bff90fb3a7cdcb531271d537f5c8b57,e59a159c447807f3793bc093c73b6307c4a26251,6.4,5.3
353,ec384a1e6926c801dc5167807f26b1f2ef6baf84,bf7776ff7da0661c5a966a869e7dae1760fce038,8.3.0.34182,7.8
354,13728b3b2196021e1cc7fa1d4cdec05a204273c6,119cacc37ed66c5fcf08c7a3bf4197db79c58c39,7.5,7.5
355,20a1224a63f0d1132ecc14e61eb13c07b8d91c31,d7a1e09227716e47223245ea0d60522b8661ec91,7.9,6.2
356,0a2f324b94e66acc9183cfd98ede1802667d525f,de4365079bad2df3bdee2133576dc913ffbf1ab2,6.7,6.4
357,c2cd8b4fccf2665d25db30a372c6385da29152f2,de4365079bad2df3bdee2133576dc913ffbf1ab2,6.4,6.4
358,a56e60d168802ff9dc23ffec978bb412fd501f97,1df148803610cd54f182b8636f01c0e6ece92b19,5.6.2,5.2
359,5d8830fa08d4fd4280a029d7a9b7fbd0d7bc3fca,4fe6138068042a2f8b1eaae4ef153def58a1a829,7.5,6.7
360,c5f4811ce2b4ee1f373c31d104acda9c73a476b9,ef39ea00c5822b114d728f73d92eed6635437b98,5.6.2,5.5
361,2e95a6d9729ad591ef16c950453529a704d534db,d8081f847f92247a64166572605876e67e9a34ed,8.5.0.37579,8.3.0.34182
362,77ac9136fa46b471bac80420680e661343fcb495,bc298f995099795d8b280baa80eb579096dfcecb,7.5,6.4
363,2beaf73c2d10dcaaf3949889af53579e7d5aba13,965717195e58808778753edd0daa0e3d9e831cdd,7.8,7.5
364,d835fdaa1d594451b554af805db9869134c716df,fbc932a882b6dec72900f5242d0cead7ff03e4b2,7.9,6.5
365,9155f18ee43b7447aaf1665f17ef4cd668f0e618,26a0ddd444595027c8fdf1e143173cff69828316,7.8,5.5
366,38218bf026f2ca74dbdddb30ddc85d6d9e2f2502,7bd31bc52d296c558803ee633c49851afe13e9ff,7.5,7.5
367,9d783bdcacbca512660880509fb092a181a54cf4,8a2cea457ed4b0ac15f6303cd7eb48ce0d5e84d9,6.4,6.3
368,cc10a68715444305f7a8d8e1181b39b5a79a2343,dc20a55e40201b804499a70b11158c430e464efc,8.5.0.37579,5.3
369,d98c3ab5b4bc3615b10ca984681b809e98556450,601fafa4f5e03a83c0fd48a1f88b5ae9fae2e20d,7.5,6.6
370,e22000509bf6734f602c21af925ed372ab7b8b8f,847b1833f8f86657e9ddc206fab04e29ec5dbdc9,7.5,6.7
371,d662d0c0269e1a12da0c3ecdb8f9d33b765ccdcc,74c8a8ac5e83144fab7291b9ad57c14742fe8bbf,8.3.0.34182,6.6
372,f2f3ede233eca98118c026c7cf151145eb0dfa99,299cebedac5ef4a6a17dd18782c2b1a2a79f08d5,7.8,7.5
373,29d4206d4d69d5c36e8153bf1f0f52d47418799c,d3608358d7838429a4c0e068d82b37bec74e5d87,5.2,5.2
374,b64932e6d07560db391a4fe3c849529fd223eb75,01f2c2e66d698a60ad1f303cf7aafaf64852e7a8,7.8,7.7
375,c13aab927fa11aa451a188bf3f6b183589394bf7,10a1454ce0e0b97f00e2792942f1e2131bc877db,8.1.0.31237,8.0
376,77547b4944e0e86dfe27cd98e1811e18d770da9c,73f1d70da8d52101c39ef41c14e2303c497b0c57,5.2,3.2
377,baf8ce1ddc8136eaf3dac8424830b8960991ee21,ac73ac876fae3d027b9ffc83a79b8d324d409a04,7.8,5.6
378,56844138c6d4b5a0a0365c08fd44d94135395154,0b0bf09d855d98b14c030b63661d459cff12ad49,7.5,6.6
379,71a9ed4535dd3b0d424ac4390d4a4c5a2d60bfde,374f6666261ba5245016c467542f592b7b3c83d0,6.1,5.2
380,a100aef8cfcc0578e18ef1b5839a75bf0d915423,bbff7949d06677e808d7c6f2cf4fd7cfc1f1a079,7.9,7.6
381,371a6747cde5bcc9d21a70588b7035a99d6d7e9c,20245b9a34839033be4788155601204bdf054478,7.5,6.6
382,84c3c4c71a7fadb52b7214b9514f5227835c2cac,0021e9357ab965230305a8e2fb0a1494ea45ef13,6.4,6.2
383,17968cf78d5f505c1ce3fb3ae5c8be6bf22684cd,13e4562536570e5f0b2691c8aa09ae14ed4a3f0a,7.5,6.2
384,40f9260e999f65532a82096a7995f14fad8f695f,a670d389488e9e451aa03413b37495e6d4f93e95,7.5,6.3
385,f64450ef7cf35b30c4730491e9f30f31f688b98b,de4365079bad2df3bdee2133576dc913ffbf1ab2,6.4,6.4
386,ee8183913dd87fb6abbc73cc3d1cd2dcc77c93d9,64c191d947c46df80bc3ac2ce7a0dce8a7cfef09,6.6,6.6
387,340950d96f60bd730962296784c2465da2e3dc23,913c82c8772fd4747626a1fbe665ccda2e5ca9f1,7.5,7.5
388,9caa226fd480041bd57a3db46d8be4a81a55840d,47fe6783ed4a60118230ae81d2e95619e7be2080,6.3,6.1
389,cdfee0b5b7ec3074e16c9f94c8b4fb7ea1fea274,5e691b5d2c39e58a626b8ed29207cdcab1bb1223,5.6.2,5.1
390,9d95a6b0e9d0b84d2a3d76ae1a6c002a0f812b84,5d86804718150a4b801e4afe2f96fc3b2ed34f8a,7.8,6.2
391,0dcc152f6804e619c042cea729c166c37e897607,03692a7deed5cd6d3558946458c3e4af95248b1b,8.1.0.31237,7.5
392,b727216b31e7e06559e5f38ccfab41c50245c6d4,99aa7e8a80ba86da975059a59295c07666240d4a,7.8,6.0
393,0f906cccf16b98864d8f2dd1ae3966b60fb8ac4a,11c9d4f6e496041a0dee7b7f637890a51f2a8632,5.6,3.7
394,357067b1cb44bcb96e1f8c29d54a4f2da536d921,fc37d5310d47c9ac50cfec06227df91e69f712fe,7.5,7.5
395,376544a07a2259a0399d7f2d179c3c1c42a443a9,b64932e6d07560db391a4fe3c849529fd223eb75,7.5,7.8
396,c24345328a3d90bae66586bcf0a411eff7619c2d,b64932e6d07560db391a4fe3c849529fd223eb75,7.5,7.8
397,d113da5007fe057294baca5d86571cd33b953255,b64932e6d07560db391a4fe3c849529fd223eb75,7.5,7.8
398,5073eb0f98e99ab0efbdd3f34b07a97f11e1d26c,b64932e6d07560db391a4fe3c849529fd223eb75,7.5,7.8
399,4b95ba35055b4177816a4857fad6413ea12def73,b64932e6d07560db391a4fe3c849529fd223eb75,7.5,7.8
400,61b01c89dfbe4bae2afc5e92c14cb9781b0ff011,b64932e6d07560db391a4fe3c849529fd223eb75,7.5,7.8
401,1d098d7f3bf8bdb16edb7422a00128adfc25b423,b64932e6d07560db391a4fe3c849529fd223eb75,7.5,7.8
402,e5a7b62cb7ceef25cf656d9423e4a4b46fec8afa,44545af5e1f35e18525c05672c3e1c68b1a8dbd4,5.2,5.0
403,47fe6783ed4a60118230ae81d2e95619e7be2080,54c2d3d51d429441b6927edd477875a550c7f8c7,6.1,5.3
404,af61ada2bb75d85926229dfd7d23596057c325f0,54182e421c652e100091196e45ff2474b2cc9608,5.6.1,5.6
405,b6b8ad459a289ad305c87ec525bfff8cda7a7ea4,47c34064dd5279ed517c30af01ef5488d0c4bcb4,5.6,5.2
406,729d76da74339dd267cfad768e7b72ec805e6c51,07bb9501605ea5c708eb178d19b4770b34a71d60,6.1,5.3
407,291509ecd95f3fcfb218d755f6eefbaec1bf4cb8,5e424b6e964cf798e7ecb674b2fff82d5fbebef4,6.1,5.6
408,2715a0716e230a7cf92d6d4414af99ad98d7830c,890ab0b59cdb3902f4869eabf8ca534814f1b3dd,5.6,5.2
409,5bf0d2cb3e25a4c629e49110b6bba0fb8c40959d,6805619766655e0e2e0d375503d65d5818c0c6a6,7.5,7.0
410,7a59b82ec1d9c7b18b067ede96076b2a3bdd5e05,52a0578e61c4e9d8496b2e77ea5cabb95c1d5a72,5.6,5.2
411,a27abe36c63f21ed0e8c4b5adf05c36187da7f4a,99aa7e8a80ba86da975059a59295c07666240d4a,6.7,6.0
412,e0c834ebf18b722009ae5940e98b5916c8bbea71,36d3e10c63ac339321cd4e1b6ae3efebdd5c4d9c,5.6.2,5.0
413,2cc874a266bae362d26b69ce0e8e8ed0d0708b67,83dc6f4034f380c3286b84d0e221660be9acab75,5.2,5.1
414,23ee784e6d44f8462c8d160c7a113a64424bfb67,e08827e2b700cd4c76574316a54f8c116e64ccb3,5.6,5.0
415,95889c7f11fa494e0432c1e64906f9d0cdef2946,1d5992601787c395f23bc82d658fe15adbe9a146,7.5,6.6
416,b4201256a7e4d8b153ecf0cb074f6e264df67f17,fea8ca015b0753effb029eeb55966e52e38e64e6,5.3,5.1
417,6d6d5f77cb72d1a4cb66d15da9c2a786d46a7e85,ec881e76de838c350c3447184f64267b507a5b02,5.6.1,5.0
418,6cf8d48fe9ffbe43299c4d774336866f12a43138,40b5c0d064fb0d553c880c03976df39902ed52bc,6.3,5.3
419,6658ba9fc4cc8cf99c95ad33c0be6786e15348e8,6174a743c08efb56d1f58a61483391ca516d2900,6.7,6.6
420,84d384a1dcf882eee912033382831968f6949cce,a52cf1d675054d5fea7c8025d60a3aa7e9308369,5.6,4.5
421,a80e6c126c0a99b7cb13bf2ce6672c936c69b172,ffaaad24e66cddf1a391caec64920629ef2a7131,6.1,5.3
422,a26c8cf3d00955a807ade179d24e68b66aaf669f,043c278c2844bd09ce9bd5add89d67eb7311a21f,5.6,5.0
423,d87f9c38b93c4078a4d43689e7decca87e527a86,bdd8275ef883cee9efbf20b8b68b1ae2ea70ab36,5.2,5.1
424,5a5a4877386e11a465fc61abfc59bee4759b5861,1e5830fb652fda2da6f18460c92f82d93c52130c,6.4,5.3
425,8813433bbee5e54f99224e3fb072019e894ae7d3,eb849e55a39f19d0b7333da65331c3fb5c4a314d,5.6,5.3
426,e6203dbc6e7e1d8516dc8243afdaf3a7c41270a6,2fdae0c4a7b913f9476502998b8645ab07c730bf,5.6.1,5.4
427,1ef10758eb1c939a60e159758de2603b87ec859d,2ccd693c8ccefb423ab10368ac93fff2eccc1b1f,5.1.2,5.1
428,b007b2589ac52fad5a09bb53936aa9486fd1d8b5,3c1bd7bb65c3c7cdb788585ce6cbaf40c0c39ccf,6.4,5.2
429,d1efd83084b271eb1ae3d1bc60f744fe8372b1ab,448166882ad4556b3207fc45315c42546707baa3,6.1,5.4
430,eb647d194313e80e70701a5081fd8f5d615b7a00,37e32de9c0fb62c14bff9f750332324d542c9cee,5.6,5.5
431,4c358f8ee89cddc977c8f1d9329c5ae22a0475c9,e78b3b9dd0ea04e0c194af97753fa2ea8b97a3ac,5.2,5.1
432,f5b953bccffd20a4d65b61d13f5f86e5ccbd5072,e86cda0722498eef2b8bea573b7833cb48dd99ca,5.2,5.1
433,00056ffb7e4bb18ad4ce36b98d2671fd3902fad3,793e86fce66f356099792b7231c9a1d949ff875e,7.5,6.6
434,52c881f7c12e803379a71e6d539a87e9112145e5,e8f492a694c6868128d84d4a75f56f4e8cac0224,5.2,5.1
435,04c13b353fcb16dc53b1287f301301dad8d79abf,1a536a9512d7507cfbfc873c2e577797b7a425d4,6.1,5.5
436,62c010110229b99c4125a961453deadbd45d6814,c54d9160675527e5b95c6af914be0bbaeb657627,6.3.1,6.3
437,72ac5447a32d6537e805374116cbf369f7a65038,fd7a43bbe280cf832976f3696776ff5df08de72e,6.3,6.1
438,a7243098e4d10f492c88a7c2bd28a7cea1164023,f661a14e2a03a44a9adfe18bb55f76754c9eabda,6.0,5.5
439,d686c696d9cebbb533e609551c959d6f4eb8cba9,18fc4ec578351a30fcb16e50a30889e47104300f,5.2,4.4
440,dae4348f09a1364904a2e63caebf2dd9f205752b,dccf95202c171899a045fd414f256e7ca22dadc2,7.5,6.6
441,8557587c5a9622113071e2e968ef6dd3e8c279e6,391b4f992e44db1ed4f1f05ef62ed3b4c60a24bb,6.0,5.5
442,c0a188703aa8ae849998dcfec016dd1d64d32107,893b47cda8755709cd982baa1f7da4aa46e9f37e,5.2,5.1
443,67c3ad2d32d37a24cc9b030baa39cde7d3f8507b,914778df852bc2bcc9e4274045820435923f4793,8.3.0.34182,8.2.0.32929
444,5025dd99bfcf1233844199e978e4fea8117b4fde,2f5d0cf228a0df8301ffd5a555b50bb38afc0817,6.0,5.5
445,d5302c2e5cf81f2794294ae49c1996538b38e8d4,188fb3892041b1cf49a7947f90a117a441e09c9c,5.2,5.2
446,087f4fc5eafaeb07757db27179bd61263fd87f8a,f03608a456d29d7eb85f5728ebc5d490cf60ae07,7.5,6.1
447,8e95c83dd117559e9d0f87c6133e04bbf801d982,2a93e40d9ce602185afc37dcee2d5483f9b4e063,5.2,5.1
448,cab459c9dceb0fcc47ae83d20a369bd53d50d4dc,3ac9340f013701017f8dbab5b0686d2682f1768f,7.5,6.6
449,f91cf3ea0050655c715dc20465118a0568d4ec83,cebce15815204aa189f63f9e1b86143b258898d2,7.5,7.5
450,593c7f08b8afa34f5bb683a34265f81b11094a62,0242e1da3fea5a96a9f0632156b1cacdd89b9ace,6.1,5.4
451,d761e6fb62e79902569219090402e529bc373c3d,331558e106bc9bda51dfa39cc9a5874aa62c236c,6.4,6.2
452,770be1eac18e8a7f99f0596938f38054e2abfb40,1df148803610cd54f182b8636f01c0e6ece92b19,5.2,5.2
453,2e79ddbc769ea669173acbafcacf93eb4a088cc4,451eec53f11c3f64787b488d06a415b5139055c7,6.1,6.0
454,e5f5ca562f10727eead9e0de8fe1a090dea8399d,c48df2071b574960266e483f7359ed1e2434130b,5.3,5.2
455,d78878cddfb2ec620153f14d11383b17a4315e69,2b881f44742dbb0ff5b8f651f81ced85e2bebed1,6.7,5.4
456,939fb2453e19774469729f2ced0de7daee67bbb7,7534b360dac6e9e139bd148613fe6a9930dfffa4,5.2,4.5.1
457,014f2053e5360baa98762f163f11e88843eed9a8,f4c7830570b522ad83ec9168cf12755e58192d26,5.6.2,5.4
458,595a86b1947d2e4cdb5f6a083eacd497627b4025,abcce903fa73b67812b7de04a0414f0ea44b0e58,7.5,7.5
459,59e1f8eca37d7a37e0837e437ab3e6eb38a7dfea,e1c3a706319c397b436a28b7921b695baf712063,5.2,5.0
460,7a230c2fa98532eb79d2efcd30c31d608f9fa108,de4365079bad2df3bdee2133576dc913ffbf1ab2,6.7,6.4
461,c83b447f68dd01cfd44641356bd0f2ad25507877,d5302c2e5cf81f2794294ae49c1996538b38e8d4,5.2,5.2
