,issue_id,subtask_key,subtask_id
0,99379,SONAR-14134,99380
1,99379,SONAR-14135,99382
2,99379,SONAR-14136,99383
3,99379,SONAR-14137,99384
4,98843,SONAR-14098,99040
5,98843,SONAR-14109,99112
6,98841,SONAR-14099,99041
7,98841,SONAR-14102,99053
8,98841,SONAR-14105,99108
9,98840,SONAR-14095,99037
10,98840,SONAR-14096,99038
11,98840,SONAR-14097,99039
12,98840,SONAR-14103,99054
13,98840,SONAR-14106,99109
14,98840,SONAR-14107,99110
15,98840,SONAR-14108,99111
16,98840,SONAR-14158,99562
17,98840,SONAR-14168,99609
18,98820,SONAR-14144,99437
19,98820,SONAR-14145,99438
20,98784,SONAR-14142,99435
21,98784,SONAR-14143,99436
22,98734,SONAR-14034,98735
23,98734,SONAR-14035,98736
24,98734,SONAR-14036,98737
25,98734,SONAR-14037,98738
26,98734,SONAR-14040,98763
27,98734,SONAR-14041,98767
28,98734,SONAR-14080,98963
29,98734,SONAR-14138,99400
30,98734,SONAR-14169,99621
31,98658,SONAR-14126,99319
32,97141,SONAR-13981,98311
33,97141,SONAR-13982,98312
34,96440,SONAR-14100,99047
35,94616,SONAR-13435,94617
36,94616,SONAR-13437,94619
37,94604,SONAR-13430,94609
38,94604,SONAR-13431,94610
39,94601,SONAR-13428,94607
40,94601,SONAR-13429,94608
41,94601,SONAR-13432,94611
42,94601,SONAR-13433,94614
43,94601,SONAR-13465,94807
44,94601,SONAR-13466,94809
45,92884,SONAR-13256,93294
46,92744,SONAR-13169,92800
47,92744,SONAR-13170,92801
48,92744,SONAR-13171,92802
49,92744,SONAR-13172,92803
50,92744,SONAR-13173,92804
51,92744,SONAR-13174,92805
52,92744,SONAR-13175,92806
53,92744,SONAR-13176,92807
54,92744,SONAR-13177,92808
55,92744,SONAR-13179,92810
56,92744,SONAR-13180,92811
57,92744,SONAR-13274,93432
58,92231,SONAR-13916,97972
59,92231,SONAR-13917,97973
60,92231,SONAR-13918,97974
61,92231,SONAR-13919,97975
62,92100,SONAR-13043,92065
63,92100,SONAR-13063,92137
64,92100,SONAR-13064,92138
65,92100,SONAR-13065,92139
66,90898,SONAR-14127,99320
67,90668,SONAR-12795,90748
68,89527,SONAR-12705,90325
69,89527,SONAR-12706,90326
70,89527,SONAR-12707,90327
71,89917,SONAR-12700,90278
72,89917,SONAR-12738,90442
73,89917,SONAR-12742,90455
74,89917,SONAR-12744,90483
75,89914,SONAR-12743,90456
76,88892,SONAR-12525,89177
77,88892,SONAR-12528,89180
78,88892,SONAR-12531,89183
79,88145,SONAR-12431,88146
80,86232,SONAR-13388,94400
81,86232,SONAR-13389,94401
82,84207,SONAR-12037,84197
83,84207,SONAR-12054,84237
84,84207,SONAR-12065,84256
85,84142,SONAR-12205,85511
86,82474,SONAR-11799,82524
87,82474,SONAR-11809,82652
88,82474,SONAR-11810,82659
89,82474,SONAR-11826,82860
90,82473,SONAR-11827,82861
91,82085,SONAR-11837,82964
92,82085,SONAR-11838,82965
93,82085,SONAR-11839,82966
94,82085,SONAR-11840,82967
95,82085,SONAR-11841,82969
96,82085,SONAR-11842,82971
97,82085,SONAR-11843,82972
98,82085,SONAR-11844,82973
99,82085,SONAR-11852,83087
100,82085,SONAR-11865,83214
101,80637,SONAR-11627,80638
102,80637,SONAR-11628,80639
103,80637,SONAR-11652,80824
104,80637,SONAR-11654,80837
105,79133,SONAR-11540,79366
106,79132,SONAR-11527,79247
107,77901,SONAR-11376,77943
108,77901,SONAR-11378,77947
109,76426,SONAR-11242,76427
110,76423,SONAR-11232,76417
111,76423,SONAR-11233,76418
112,76423,SONAR-11234,76419
113,76423,SONAR-11235,76420
114,76423,SONAR-11236,76421
115,76423,SONAR-11237,76422
116,74861,SONAR-11056,74888
117,74861,SONAR-11074,75074
118,74861,SONAR-11075,75075
119,74859,SONAR-11055,74887
120,74859,SONAR-11057,74901
121,74858,SONAR-11054,74882
122,74858,SONAR-11060,74911
123,74858,SONAR-11061,74913
124,74385,SONAR-10993,74393
125,74385,SONAR-10998,74434
126,74312,SONAR-10981,74313
127,74312,SONAR-10982,74314
128,74312,SONAR-10984,74316
129,74312,SONAR-10985,74317
130,74312,SONAR-10989,74353
131,74310,SONAR-10988,74337
132,73474,SONAR-10897,73756
133,72742,SONAR-10718,72913
134,71831,SONAR-10626,71847
135,71831,SONAR-10645,71915
136,71828,SONAR-10615,71829
137,71828,SONAR-10617,71834
138,71828,SONAR-10618,71835
139,71828,SONAR-10620,71839
140,71828,SONAR-10624,71844
141,69428,SONAR-10425,69441
142,69428,SONAR-10426,69443
143,69428,SONAR-10436,69547
144,69428,SONAR-10448,69838
145,69428,SONAR-10449,69841
146,68684,SONAR-10320,68685
147,68625,SONAR-10303,68604
148,68625,SONAR-10305,68610
149,68625,SONAR-10306,68612
150,68625,SONAR-10312,68624
151,68618,SONAR-10309,68616
152,68180,SONAR-10278,68291
153,68180,SONAR-10279,68292
154,66883,SONAR-10104,66937
155,66883,SONAR-10105,66938
156,65831,SONAR-9985,65718
157,65831,SONAR-10004,65833
158,65831,SONAR-10005,65834
159,65831,SONAR-10009,65853
160,65821,SONAR-9997,65822
161,65821,SONAR-9998,65823
162,65821,SONAR-9999,65825
163,65821,SONAR-10001,65828
164,65604,SONAR-9990,65756
165,65592,SONAR-9960,65626
166,65589,SONAR-9988,65750
167,65583,SONAR-9944,65596
168,64720,SONAR-9804,64723
169,64720,SONAR-9805,64724
170,64720,SONAR-9806,64726
171,64720,SONAR-9807,64727
172,64415,SONAR-9760,64412
173,64415,SONAR-9761,64413
174,64415,SONAR-9797,64651
175,63744,SONAR-9662,63745
176,63744,SONAR-9663,63746
177,63744,SONAR-9664,63748
178,63744,SONAR-9672,63790
179,63744,SONAR-9679,63825
180,63429,SONAR-9609,63432
181,63429,SONAR-9611,63434
182,63429,SONAR-9613,63436
183,63429,SONAR-9615,63438
184,63429,SONAR-9634,63585
185,63429,SONAR-9635,63586
186,63429,SONAR-9636,63587
187,63429,SONAR-9637,63588
188,63277,SONAR-9576,63280
189,63277,SONAR-9577,63289
190,63277,SONAR-9586,63341
191,63277,SONAR-9600,63398
192,63277,SONAR-9601,63401
193,63277,SONAR-9602,63402
194,63277,SONAR-9607,63428
195,63277,SONAR-9619,63501
196,63277,SONAR-9620,63502
197,63277,SONAR-9621,63503
198,63234,SONAR-9569,63259
199,63234,SONAR-9570,63260
200,63234,SONAR-9571,63261
201,62933,SONAR-9547,62981
202,62933,SONAR-9548,62982
203,62933,SONAR-9549,62983
204,62456,SONAR-9492,62489
205,62456,SONAR-9493,62490
206,62454,SONAR-9491,62488
207,61946,SONAR-9413,61901
208,61946,SONAR-9415,61903
209,61891,SONAR-9501,62575
210,61891,SONAR-9502,62576
211,61891,SONAR-9503,62577
212,61890,SONAR-9411,61899
213,61890,SONAR-9420,61950
214,61889,SONAR-9406,61894
215,61889,SONAR-9407,61895
216,61889,SONAR-9408,61896
217,61889,SONAR-9409,61897
218,61889,SONAR-9419,61948
219,61889,SONAR-9438,62099
220,61672,SONAR-9365,61685
221,61672,SONAR-9370,61697
222,61672,SONAR-9371,61698
223,61672,SONAR-9372,61701
224,61672,SONAR-9382,61765
225,61672,SONAR-9424,61977
226,61671,SONAR-9360,61678
227,61671,SONAR-9361,61679
228,61671,SONAR-9362,61680
229,61671,SONAR-9363,61681
230,61671,SONAR-9364,61682
231,61304,SONAR-9269,61123
232,61304,SONAR-9271,61125
233,61304,SONAR-9272,61127
234,61304,SONAR-9273,61129
235,61304,SONAR-9275,61132
236,61304,SONAR-9277,61134
237,61304,SONAR-9278,61135
238,61304,SONAR-9308,61297
239,61068,SONAR-9255,61056
240,61068,SONAR-9261,61069
241,61068,SONAR-9290,61199
242,61027,SONAR-9246,61028
243,61027,SONAR-9247,61029
244,61027,SONAR-9248,61030
245,61027,SONAR-9249,61031
246,61027,SONAR-9250,61032
247,61027,SONAR-9257,61058
248,61027,SONAR-9258,61059
249,61027,SONAR-9288,61196
250,61027,SONAR-9309,61298
251,60872,SONAR-9321,61379
252,60872,SONAR-9324,61403
253,59866,SONAR-9102,59890
254,59866,SONAR-9103,59891
255,59866,SONAR-9104,59892
256,59866,SONAR-9108,59896
257,59866,SONAR-9109,59898
258,59866,SONAR-9136,60086
259,59866,SONAR-9140,60106
260,59866,SONAR-9159,60377
261,59866,SONAR-9192,60709
262,59860,SONAR-9090,59867
263,59455,SONAR-9040,59456
264,59455,SONAR-9041,59457
265,59376,SONAR-9326,61405
266,59376,SONAR-9327,61406
267,59376,SONAR-9328,61408
268,59376,SONAR-9334,61477
269,59376,SONAR-9346,61572
270,59376,SONAR-9350,61599
271,59274,SONAR-8866,58246
272,59170,SONAR-8985,59159
273,59170,SONAR-8986,59163
274,59170,SONAR-8987,59164
275,59170,SONAR-8988,59165
276,58615,SONAR-8790,57600
277,58245,SONAR-8867,58247
278,58245,SONAR-8924,58693
279,58245,SONAR-8949,58845
280,58245,SONAR-8950,58846
281,58245,SONAR-8951,58847
282,58245,SONAR-8952,58848
283,58245,SONAR-9038,59429
284,58245,SONAR-9052,59520
285,58211,SONAR-8859,58220
286,58211,SONAR-8888,58500
287,58211,SONAR-8889,58501
288,58211,SONAR-8925,58705
289,58211,SONAR-8926,58714
290,58211,SONAR-8932,58762
291,58211,SONAR-8933,58785
292,58211,SONAR-8940,58810
293,58211,SONAR-8942,58824
294,58211,SONAR-8943,58825
295,58211,SONAR-8944,58826
296,58211,SONAR-8945,58827
297,58211,SONAR-8946,58828
298,58211,SONAR-8947,58829
299,58211,SONAR-8948,58832
300,58211,SONAR-8971,59037
301,57833,SONAR-8818,57835
302,57833,SONAR-8819,57836
303,57833,SONAR-8820,57839
304,57685,SONAR-9228,60971
305,57685,SONAR-9231,60984
306,57685,SONAR-9233,60989
307,57685,SONAR-9234,60992
308,57685,SONAR-9237,60995
309,57685,SONAR-9239,61001
310,57685,SONAR-9240,61002
311,57685,SONAR-9347,61578
312,57685,SONAR-9558,63174
313,57685,SONAR-9588,63352
314,57685,SONAR-9590,63355
315,57242,SONAR-8745,57296
316,55853,SONAR-8553,55866
317,54082,SONAR-8351,54088
318,54082,SONAR-8352,54089
319,54082,SONAR-8353,54090
320,53377,SONAR-8301,53378
321,53377,SONAR-8302,53379
322,53377,SONAR-8311,53512
323,53377,SONAR-8317,53576
324,53007,SONAR-8239,53076
325,53007,SONAR-8240,53077
326,53007,SONAR-8241,53078
327,52439,SONAR-8159,52552
328,52439,SONAR-8166,52561
329,52439,SONAR-8168,52573
330,51754,SONAR-8074,52190
331,51617,SONAR-8045,51865
332,51419,SONAR-8002,51615
333,50416,SONAR-7889,50711
334,50090,SONAR-7803,50091
335,50090,SONAR-7804,50092
336,50090,SONAR-7805,50093
337,50090,SONAR-7806,50094
338,49891,SONAR-7888,50710
339,49545,SONAR-7720,49544
340,49545,SONAR-7723,49563
341,49545,SONAR-7724,49564
342,49545,SONAR-7726,49566
343,49507,SONAR-7689,49493
344,49507,SONAR-7690,49494
345,49507,SONAR-7691,49495
346,49507,SONAR-7705,49510
347,49507,SONAR-7778,49894
348,49507,SONAR-7779,49895
349,49507,SONAR-7780,49898
350,49507,SONAR-7786,49975
351,49507,SONAR-7800,50077
352,49507,SONAR-7807,50120
353,49506,SONAR-7688,49492
354,49506,SONAR-7692,49496
355,49506,SONAR-7693,49497
356,49506,SONAR-7738,49638
357,49357,SONAR-8525,55567
358,49357,SONAR-8526,55568
359,49357,SONAR-8527,55569
360,49357,SONAR-8528,55570
361,49357,SONAR-8529,55571
362,48923,SONAR-7635,48927
363,48883,SONAR-7624,48884
364,48883,SONAR-7625,48885
365,48877,SONAR-7620,48878
366,48877,SONAR-7621,48879
367,48085,SONAR-7588,48722
368,48085,SONAR-7601,48840
369,48085,SONAR-7605,48844
370,48085,SONAR-7606,48846
371,48085,SONAR-7609,48857
372,48085,SONAR-7610,48858
373,48085,SONAR-7613,48862
374,48085,SONAR-7616,48868
375,48085,SONAR-7641,48972
376,48085,SONAR-7653,49128
377,47053,SONAR-7423,47080
378,45509,SONAR-7319,46448
379,43876,SONAR-7269,46172
380,43573,SONAR-7050,43576
381,43559,SONAR-7051,43577
382,43556,SONAR-7052,43578
383,42991,SONAR-6999,43259
384,42493,SONAR-7104,43961
385,42425,SONAR-7090,43848
386,41657,SONAR-6821,41661
387,41657,SONAR-6822,41662
388,41657,SONAR-6823,41663
389,41657,SONAR-6864,42186
390,40982,SONAR-6785,41086
391,40859,SONAR-6761,40860
392,40859,SONAR-6762,40861
393,40859,SONAR-6767,40866
394,40859,SONAR-6775,40958
395,40855,SONAR-6758,40856
396,40855,SONAR-6759,40857
397,40738,SONAR-6769,40873
398,40738,SONAR-6827,41711
399,40658,SONAR-6732,40660
400,40658,SONAR-6737,40667
401,40658,SONAR-7435,47215
402,40658,SONAR-7436,47216
403,40658,SONAR-7441,47228
404,40658,SONAR-7510,47804
405,40219,SONAR-6605,39014
406,40219,SONAR-6645,39534
407,40219,SONAR-6676,40052
408,40219,SONAR-6677,40053
409,40219,SONAR-6678,40054
410,40219,SONAR-6679,40055
411,40219,SONAR-6680,40056
412,40219,SONAR-6681,40057
413,40219,SONAR-6682,40058
414,39551,SONAR-6648,39552
415,39551,SONAR-6649,39553
416,39068,SONAR-6627,39317
417,39068,SONAR-6633,39396
418,39068,SONAR-6634,39397
419,39058,SONAR-6608,39055
420,30027,SONAR-6770,40874
421,30027,SONAR-6879,42326
422,30012,SONAR-6554,30020
423,30012,SONAR-6555,30010
424,30012,SONAR-6557,30004
425,30007,SONAR-6755,40824
426,29963,SONAR-6521,29948
427,29963,SONAR-6522,29973
428,29963,SONAR-6523,29944
429,29880,SONAR-6952,42989
430,29854,SONAR-6447,29876
431,29872,SONAR-6446,29873
432,26991,SONAR-6326,29643
433,26991,SONAR-6327,29634
434,26991,SONAR-6328,29637
435,26991,SONAR-6329,29633
436,26991,SONAR-6330,29638
437,29614,SONAR-6988,43177
438,29614,SONAR-6989,43179
439,29614,SONAR-6990,43180
440,29614,SONAR-6991,43195
441,29614,SONAR-6993,43208
442,29614,SONAR-6994,43209
443,29315,SONAR-6410,29806
444,29315,SONAR-6411,29801
445,29315,SONAR-6412,29810
446,29315,SONAR-6413,29814
447,29315,SONAR-6414,29809
448,29315,SONAR-6416,30062
449,29315,SONAR-6418,29802
450,29310,SONAR-6254,29333
451,29310,SONAR-6257,29337
452,29310,SONAR-6258,29343
453,29310,SONAR-6259,29336
454,29310,SONAR-6260,29338
455,29310,SONAR-6261,29331
456,29310,SONAR-6262,29332
457,29310,SONAR-6274,29411
458,29310,SONAR-6275,27734
459,29310,SONAR-6276,29400
460,29310,SONAR-6277,29406
461,29310,SONAR-6278,29405
462,29310,SONAR-6280,29403
463,29310,SONAR-6281,29398
464,29310,SONAR-6316,29603
465,29310,SONAR-6317,29607
466,29310,SONAR-6318,28763
467,29310,SONAR-6319,29605
468,29310,SONAR-6320,29597
469,29310,SONAR-6321,29606
470,29310,SONAR-6338,27850
471,29310,SONAR-6339,27849
472,29561,SONAR-6247,29317
473,29561,SONAR-6248,29322
474,29318,SONAR-6244,29520
475,29318,SONAR-6245,29321
476,28323,SONAR-6118,27063
477,28323,SONAR-6119,28218
478,28323,SONAR-6120,26879
479,28323,SONAR-6121,26900
480,28323,SONAR-6122,26899
481,28323,SONAR-6123,26904
482,28092,SONAR-6741,40701
483,28092,SONAR-6771,40882
484,30119,SONAR-6047,30179
485,29720,SONAR-5954,29722
486,29720,SONAR-5955,29728
487,29720,SONAR-5956,29723
488,29720,SONAR-5958,29741
489,29720,SONAR-6071,27743
490,29720,SONAR-6072,26683
491,29720,SONAR-6073,26678
492,29720,SONAR-6074,26675
493,29720,SONAR-6075,27752
494,29720,SONAR-6076,28392
495,29695,SONAR-5945,29693
496,29922,SONAR-6012,30125
497,29922,SONAR-6014,30126
498,29922,SONAR-6060,26526
499,29922,SONAR-6088,26758
500,29661,SONAR-5934,29662
501,29661,SONAR-5961,29725
502,29679,SONAR-5918,28835
503,29679,SONAR-5919,28999
504,28604,SONAR-6137,28615
505,29625,SONAR-5941,30139
506,29625,SONAR-5942,29686
507,29625,SONAR-5943,29684
508,29625,SONAR-5952,29707
509,29596,SONAR-5568,29246
510,29596,SONAR-5852,28546
511,29596,SONAR-5853,28543
512,28563,SONAR-4089,26974
513,28563,SONAR-8007,51643
514,28563,SONAR-8008,51644
515,28563,SONAR-8014,51689
516,28563,SONAR-8026,51748
517,28563,SONAR-8027,51749
518,28563,SONAR-8034,51780
519,28563,SONAR-8054,51902
520,30989,SONAR-6008,30122
521,29715,SONAR-5973,29755
522,29715,SONAR-5974,29768
523,29715,SONAR-5975,29754
524,29715,SONAR-5976,29756
525,29715,SONAR-5977,29766
526,29715,SONAR-5978,29765
527,29715,SONAR-5979,29764
528,29715,SONAR-5980,29772
529,29715,SONAR-5981,29769
530,29715,SONAR-5982,29762
531,29715,SONAR-5983,29774
532,29715,SONAR-5984,29763
533,29715,SONAR-5985,29761
534,29715,SONAR-5986,29779
535,29715,SONAR-5987,26605
536,29715,SONAR-5988,29773
537,29715,SONAR-5989,29760
538,29715,SONAR-5990,29771
539,29715,SONAR-5991,29767
540,29715,SONAR-5992,29778
541,29715,SONAR-5993,29757
542,29715,SONAR-5994,29775
543,29715,SONAR-6001,30121
544,29715,SONAR-6002,30114
545,29715,SONAR-6010,30127
546,29715,SONAR-6017,30141
547,29715,SONAR-6019,30131
548,27887,SONAR-5801,27690
549,27887,SONAR-5802,27740
550,27887,SONAR-5803,27745
551,27887,SONAR-5804,27701
552,27887,SONAR-5814,27841
553,27887,SONAR-5815,27845
554,27887,SONAR-5825,28156
555,27887,SONAR-5826,27933
556,27887,SONAR-5827,28690
557,27887,SONAR-5866,28692
558,27887,SONAR-5867,28695
559,27887,SONAR-5868,29611
560,27887,SONAR-5869,28709
561,27887,SONAR-5871,28865
562,26968,SONAR-5742,27000
563,26968,SONAR-5745,26998
564,26968,SONAR-5747,27022
565,26968,SONAR-5748,27033
566,26968,SONAR-5749,27034
567,26968,SONAR-5752,27029
568,26968,SONAR-5775,27485
569,26968,SONAR-5776,27800
570,26968,SONAR-5779,27571
571,26968,SONAR-5780,27598
572,26968,SONAR-5781,27568
573,26968,SONAR-5782,27590
574,26968,SONAR-5783,27587
575,26968,SONAR-5784,27582
576,26968,SONAR-5785,27599
577,26968,SONAR-5786,27572
578,26968,SONAR-5787,27561
579,26968,SONAR-5798,27630
580,26968,SONAR-5800,27633
581,26968,SONAR-5805,27699
582,26968,SONAR-5816,27824
583,26968,SONAR-5822,28684
584,28696,SONAR-5624,28112
585,28696,SONAR-5626,28110
586,28696,SONAR-5627,28622
587,28696,SONAR-5694,27419
588,28696,SONAR-5695,27356
589,28696,SONAR-5696,27421
590,28696,SONAR-5698,28107
591,26567,SONAR-5644,29427
592,26567,SONAR-5645,29417
593,27093,SONAR-5530,29227
594,27093,SONAR-5531,29226
595,27093,SONAR-5559,29244
596,27093,SONAR-5560,29387
597,27093,SONAR-5561,29236
598,27093,SONAR-5563,29229
599,27093,SONAR-5566,29230
600,27093,SONAR-5567,29228
601,27093,SONAR-5589,29285
602,27093,SONAR-5590,29284
603,27093,SONAR-5601,29300
604,27093,SONAR-5603,29314
605,27093,SONAR-5613,29294
606,27093,SONAR-5614,29530
607,27093,SONAR-5658,29551
608,27093,SONAR-5663,29515
609,29178,SONAR-5484,29194
610,29178,SONAR-5493,29169
611,28254,SONAR-8445,54939
612,28254,SONAR-8463,55061
613,28254,SONAR-8506,55286
614,28254,SONAR-8535,55639
615,28515,SONAR-5474,28261
616,28159,SONAR-5288,29012
617,28159,SONAR-5289,28861
618,28159,SONAR-5290,29021
619,28159,SONAR-5291,26841
620,28159,SONAR-5294,29003
621,28159,SONAR-5296,27171
622,28159,SONAR-5297,27489
623,28159,SONAR-5298,28843
624,28159,SONAR-5299,28845
625,28159,SONAR-5300,27347
626,28159,SONAR-5310,27560
627,28159,SONAR-5311,28991
628,28159,SONAR-5312,28988
629,28159,SONAR-5313,27671
630,28159,SONAR-5315,28985
631,28159,SONAR-5316,28995
632,28159,SONAR-5317,28983
633,28159,SONAR-5318,27417
634,28159,SONAR-5323,27525
635,28159,SONAR-5324,27595
636,28885,SONAR-6101,26850
637,28885,SONAR-6102,26849
638,28885,SONAR-6104,26851
639,28885,SONAR-6163,27921
640,28885,SONAR-6164,27919
641,28885,SONAR-6165,27915
642,28885,SONAR-6166,27923
643,27545,SONAR-5351,27315
644,27545,SONAR-5352,26702
645,27545,SONAR-5353,27422
646,27545,SONAR-5354,26710
647,27545,SONAR-5355,27404
648,27545,SONAR-5356,26713
649,27545,SONAR-5357,26719
650,27545,SONAR-5358,26718
651,27545,SONAR-5369,27274
652,27545,SONAR-5376,26843
653,27545,SONAR-5380,26838
654,27545,SONAR-5397,27336
655,28562,SONAR-5012,27319
656,28562,SONAR-5133,27496
657,28562,SONAR-5134,27787
658,28562,SONAR-5135,27011
659,28562,SONAR-5136,27153
660,28562,SONAR-5137,28442
661,28562,SONAR-5164,27325
662,28562,SONAR-5237,28469
663,28562,SONAR-5238,28464
664,28562,SONAR-5241,28466
665,28562,SONAR-5242,28473
666,28562,SONAR-5244,28488
667,28562,SONAR-5246,28468
668,28562,SONAR-5342,26617
669,28114,SONAR-5098,27314
670,28114,SONAR-5099,27317
671,28114,SONAR-5100,27309
672,28114,SONAR-5102,27308
673,32019,SONAR-4901,31921
674,27481,SONAR-5084,27295
675,27481,SONAR-5085,27291
676,27481,SONAR-5086,27282
677,27481,SONAR-5087,27297
678,27481,SONAR-5088,27287
679,31893,SONAR-4832,31901
680,31893,SONAR-4858,31900
681,31893,SONAR-4859,31910
682,31893,SONAR-4860,31015
683,32459,SONAR-4891,31940
684,32459,SONAR-4892,31930
685,32459,SONAR-4893,31918
686,32459,SONAR-4895,31965
687,32459,SONAR-4897,31958
688,32459,SONAR-4917,31955
689,31873,SONAR-4758,31851
690,31873,SONAR-4759,31843
691,31873,SONAR-4760,31834
692,31873,SONAR-4761,31846
693,31873,SONAR-4762,31836
694,31873,SONAR-4763,31890
695,32441,SONAR-4611,30987
696,32441,SONAR-4612,31831
697,32441,SONAR-4613,31812
698,32441,SONAR-4614,31791
699,32441,SONAR-4615,31741
700,32441,SONAR-4663,31830
701,32441,SONAR-4664,31774
702,32441,SONAR-4665,31787
703,32441,SONAR-4666,31775
704,32441,SONAR-4667,31582
705,32441,SONAR-4668,31773
706,32441,SONAR-4669,31806
707,32441,SONAR-4670,31767
708,32441,SONAR-4672,31772
709,32441,SONAR-4673,31777
710,32441,SONAR-4674,31769
711,32441,SONAR-4726,32439
712,28313,SONAR-6085,26762
713,28313,SONAR-6086,26759
714,28313,SONAR-6087,26757
715,28313,SONAR-6089,26622
716,31184,SONAR-4463,31567
717,31184,SONAR-4464,31608
718,31184,SONAR-4465,31572
719,31184,SONAR-4466,31566
720,31184,SONAR-4467,31565
721,31184,SONAR-4507,31614
722,31458,SONAR-4391,31474
723,31458,SONAR-4392,31469
724,31458,SONAR-4393,31496
725,31458,SONAR-4394,31476
726,29014,SONAR-5091,27341
727,29014,SONAR-5092,27357
728,29014,SONAR-5093,27302
729,29014,SONAR-5094,27859
730,29014,SONAR-5095,27986
731,29014,SONAR-5096,27313
732,29014,SONAR-5097,27160
733,31564,SONAR-4714,31814
734,31564,SONAR-4715,31801
735,31564,SONAR-4716,31859
736,31564,SONAR-4718,31304
737,31564,SONAR-4738,31821
738,31564,SONAR-4752,31816
739,31564,SONAR-4755,31833
740,26790,SONAR-7143,44295
741,26790,SONAR-7144,44296
742,26790,SONAR-7145,44297
743,26790,SONAR-7146,44298
744,26790,SONAR-7147,44299
745,26790,SONAR-7148,44311
746,26790,SONAR-7149,44312
747,26790,SONAR-7177,44628
748,26790,SONAR-7178,44629
749,26790,SONAR-7179,44632
750,32443,SONAR-4709,31792
751,32443,SONAR-4711,31828
752,32443,SONAR-4712,31807
753,32443,SONAR-4713,31840
754,32443,SONAR-4724,31841
755,31418,SONAR-4282,31429
756,31418,SONAR-4283,31245
757,31418,SONAR-4285,27657
758,31418,SONAR-4286,32411
759,31418,SONAR-4287,31378
760,31418,SONAR-4288,27654
761,31418,SONAR-4290,31436
762,31418,SONAR-4291,27717
763,31418,SONAR-4292,27691
764,31418,SONAR-4293,26890
765,31418,SONAR-4294,27629
766,31418,SONAR-4295,27632
767,31418,SONAR-4296,31325
768,31418,SONAR-4297,27673
769,31418,SONAR-4298,27648
770,31418,SONAR-4299,27646
771,31418,SONAR-4300,27682
772,31418,SONAR-4301,31519
773,31418,SONAR-4303,31133
774,31418,SONAR-4304,32409
775,31418,SONAR-4305,31520
776,31418,SONAR-4306,27710
777,31418,SONAR-4307,27712
778,31418,SONAR-4308,27698
779,31418,SONAR-4309,31440
780,31418,SONAR-4310,27708
781,31418,SONAR-4311,31430
782,31418,SONAR-4312,31427
783,31418,SONAR-4313,27680
784,31418,SONAR-4314,26877
785,31418,SONAR-4315,31508
786,31418,SONAR-4316,27703
787,31418,SONAR-4321,27719
788,31418,SONAR-4329,31406
789,31418,SONAR-4330,31419
790,31418,SONAR-4333,31343
791,31418,SONAR-4337,27662
792,31418,SONAR-4341,27696
793,31418,SONAR-4352,31438
794,31418,SONAR-4353,27686
795,31418,SONAR-4354,31421
796,31418,SONAR-4359,27697
797,31422,SONAR-4420,31331
798,31422,SONAR-4421,31434
799,26813,SONAR-5895,26732
800,26813,SONAR-5896,26736
801,26813,SONAR-5897,27099
802,26813,SONAR-5898,26738
803,26813,SONAR-5899,29648
804,26813,SONAR-5900,27101
805,26813,SONAR-5901,27103
806,26813,SONAR-5903,27108
807,26813,SONAR-5935,29664
808,26813,SONAR-5970,29742
809,31487,SONAR-4452,32388
810,31487,SONAR-4453,31553
811,31487,SONAR-4454,31552
812,31399,SONAR-4682,31788
813,31399,SONAR-4683,31837
814,27818,SONAR-3145,26789
815,27818,SONAR-3146,32102
816,30604,SONAR-2598,30692
817,30604,SONAR-2599,27976
818,30604,SONAR-2600,30288
819,30604,SONAR-2606,28331
820,31363,SONAR-2585,31362
821,31363,SONAR-2710,30835
822,27353,SONAR-4092,27001
823,27353,SONAR-4093,27071
824,27353,SONAR-4094,27084
825,30728,SONAR-2405,30256
826,30728,SONAR-2406,30210
827,30728,SONAR-2407,30649
828,30713,SONAR-2219,30716
829,30713,SONAR-2220,30717
830,30713,SONAR-2221,29517
831,30713,SONAR-2222,30707
832,30713,SONAR-2223,28346
833,29994,SONAR-6324,29619
834,29994,SONAR-6567,30033
835,29994,SONAR-6568,30053
836,29994,SONAR-6569,30049
837,29994,SONAR-6589,30068
838,29994,SONAR-6590,30064
839,29994,SONAR-6596,32475
840,29994,SONAR-6620,39078
841,29994,SONAR-6623,39292
842,29994,SONAR-6628,39324
843,29994,SONAR-6635,39409
844,29994,SONAR-6636,39445
845,29994,SONAR-6643,39532
846,29994,SONAR-6644,39533
847,29994,SONAR-6646,39535
848,29994,SONAR-6664,39876
849,32205,SONAR-2073,27768
850,32205,SONAR-3457,32214
851,32205,SONAR-3458,27802
852,32205,SONAR-3459,27807
853,32205,SONAR-3460,27843
854,32205,SONAR-3461,27775
855,32205,SONAR-3462,27811
856,32205,SONAR-3464,27801
857,32205,SONAR-3465,27803
858,30586,SONAR-6753,40798
859,30586,SONAR-6754,40807
860,31275,SONAR-2048,30596
861,31275,SONAR-2052,30598
862,31272,SONAR-1106,30170
863,32147,SONAR-1937,29569
864,32147,SONAR-1941,30489
865,31709,SONAR-2752,30867
866,28938,SONAR-923,28237
867,32142,SONAR-399,32141
868,28974,SONAR-384,28970
869,28974,SONAR-385,30092
870,28974,SONAR-390,26682
871,28974,SONAR-407,28963
872,28974,SONAR-408,26674
873,31020,SONAR-1936,29918
874,31020,SONAR-1956,31310
875,30362,SONAR-1095,31155
876,30362,SONAR-1096,30976
877,30362,SONAR-1097,29536
878,30362,SONAR-1267,30348
879,30992,SONAR-2589,30847
880,30992,SONAR-2590,28458
881,30992,SONAR-2591,30079
882,30992,SONAR-2592,31904
883,30992,SONAR-2593,31905
