,from_tag,from_author_date,from_sha,to_sha,ahead_by,behind_by,to_tag,to_author_date,ahead_behind_sum,diff_author_dates,diff_author_days,from_commit_date,to_commit_date,diff_commit_dates,diff_commit_days
2307,4.5.5,2015-07-30 10:02:58,cc8a9472c671598fb3158b51b15863448a477a50,12d931e5a31e1692a428bbb34ba11cd63aebf998,16,0,4.5.6,2015-10-16 09:31:18,16,77 days 23:28:20,77.97800925925925,2015-07-30 12:02:58,2015-10-16 11:31:18,77 days 23:28:20,77.97800925925925
2296,4.5.6,2015-10-16 09:31:18,12d931e5a31e1692a428bbb34ba11cd63aebf998,e2afb0bff1b8be759789d2c1bc9348de6f519f83,7,0,4.5.7,2016-04-08 13:44:39,7,175 days 04:13:21,175.1759375,2015-10-16 11:31:18,2016-04-08 15:44:39,175 days 04:13:21,175.1759375
2257,5.1,2015-04-02 08:09:45,4aa9af3a6a4362b61db365fba32eb0a55d411e7a,0a231d24c0f1e7ce1d200274b8e9bbe00f9f49fb,7,0,5.1.1,2015-06-02 08:34:06,7,61 days 00:24:21,61.01690972222222,2015-04-02 10:09:45,2015-06-02 10:34:06,61 days 00:24:21,61.01690972222222
2271,5.1-RC2,2015-03-23 15:22:47,dfc9f94b72103ee941cc11da6529623fa91df509,4aa9af3a6a4362b61db365fba32eb0a55d411e7a,17,0,5.1,2015-04-02 08:09:45,17,9 days 16:46:58,9.699282407407408,2015-03-23 16:22:47,2015-04-02 10:09:45,9 days 17:46:58,9.740949074074074
2242,5.1.1,2015-06-02 08:34:06,0a231d24c0f1e7ce1d200274b8e9bbe00f9f49fb,2a52a7106b2bfbd659c591c2d6fc09ad0ab2db5c,12,0,5.1.2,2015-07-27 08:03:21,12,54 days 23:29:15,54.97864583333333,2015-06-02 10:34:06,2015-07-27 10:03:21,54 days 23:29:15,54.97864583333333
2226,5.1.2,2015-07-27 08:03:21,2a52a7106b2bfbd659c591c2d6fc09ad0ab2db5c,d5dd7720eb79dc0cae1a1b38f83e757a031f8ca9,2762,0,5.2-RC1,2015-10-12 15:58:42,2762,77 days 07:55:21,77.33010416666667,2015-07-27 10:03:21,2015-10-12 17:58:42,77 days 07:55:21,77.33010416666667
2172,5.2,2015-11-02 08:56:19,f045be98be3ba032b6b19d71574038eeeb91803b,c979578645aaf77c447b250136db32a7067619a1,513,0,5.3-RC1,2015-12-09 12:47:34,513,37 days 03:51:15,37.16059027777778,2015-11-02 09:56:19,2015-12-09 13:47:34,37 days 03:51:15,37.16059027777778
2209,5.2-RC1,2015-10-12 15:58:42,d5dd7720eb79dc0cae1a1b38f83e757a031f8ca9,3d2b3bbd084ccf75d1921382315d3ac3037ed3bc,4,0,5.2-RC2,2015-10-13 10:06:23,4,0 days 18:07:41,0.7553356481481481,2015-10-12 17:58:42,2015-10-13 12:06:23,0 days 18:07:41,0.7553356481481481
2191,5.2-RC2,2015-10-13 10:06:23,3d2b3bbd084ccf75d1921382315d3ac3037ed3bc,ef358b002383f918448dcb5e8ac40b64a35a4c26,56,0,5.2-RC3,2015-10-20 13:47:33,56,7 days 03:41:10,7.153587962962963,2015-10-13 12:06:23,2015-10-20 15:47:33,7 days 03:41:10,7.153587962962963
2153,5.3-RC1,2015-12-09 12:47:34,c979578645aaf77c447b250136db32a7067619a1,29a84111f6cc9298f83df515830ff40a41d0976c,40,1,5.3-RC2,2015-12-17 16:02:01,41,8 days 03:14:27,8.135034722222223,2015-12-09 13:47:34,2015-12-17 17:02:01,8 days 03:14:27,8.135034722222223
2098,5.3-RC2,2015-12-17 16:02:01,29a84111f6cc9298f83df515830ff40a41d0976c,d7ea0a8b14b8649144f7bfbff055f207d954d6c9,53,0,5.4-M2,2015-12-28 12:01:19,53,10 days 19:59:18,10.832847222222222,2015-12-17 17:02:01,2015-12-28 13:01:19,10 days 19:59:18,10.832847222222222
2134,5.3-RC2,2015-12-17 16:02:01,29a84111f6cc9298f83df515830ff40a41d0976c,e735681d1b11ff0e90c254a3b5302e290ffa05a6,7,0,5.3-RC3,2016-01-07 13:18:48,7,20 days 21:16:47,20.886655092592594,2015-12-17 17:02:01,2016-01-07 14:18:48,20 days 21:16:47,20.886655092592594
2115,5.3-RC3,2016-01-07 13:18:48,e735681d1b11ff0e90c254a3b5302e290ffa05a6,8db783e62b266eeb0d0b10dc050a7ca50e96c5d1,2,0,5.3,2016-01-08 10:09:15,2,0 days 20:50:27,0.8683680555555555,2016-01-07 14:18:48,2016-01-08 11:09:15,0 days 20:50:27,0.8683680555555555
1916,5.4-M10,2016-01-28 16:10:59,bea2847df13b73c7364193419873e3e8b47b5b73,84d4f441879de01734bb9041fc0cdfbd461386ee,37,0,5.4-M11,2016-02-01 14:45:36,37,3 days 22:34:37,3.9407060185185183,2016-01-28 17:10:59,2016-02-01 16:45:10,3 days 23:34:11,3.9820717592592594
1895,5.4-M11,2016-02-01 14:45:36,84d4f441879de01734bb9041fc0cdfbd461386ee,ca8c711145a11e61a3c6571cef38cf8d53b5d423,61,0,5.4-M12,2016-02-03 12:52:05,61,1 days 22:06:29,1.9211689814814814,2016-02-01 16:45:10,2016-02-04 10:10:10,2 days 17:25:00,2.7256944444444446
1874,5.4-M12,2016-02-03 12:52:05,ca8c711145a11e61a3c6571cef38cf8d53b5d423,27858608f46ae9f1cd2c2269151e68f56f882417,28,0,5.4-M13,2016-02-05 10:17:45,28,1 days 21:25:40,1.892824074074074,2016-02-04 10:10:10,2016-02-05 11:43:32,1 days 01:33:22,1.064837962962963
1853,5.4-M13,2016-02-05 10:17:45,27858608f46ae9f1cd2c2269151e68f56f882417,6bb02b28a33282bda2b9ed6bc995a4aee68ff172,22,0,5.4-RC1,2016-02-09 11:54:50,22,4 days 01:37:05,4.067418981481482,2016-02-05 11:43:32,2016-02-09 12:54:50,4 days 01:11:18,4.049513888888889
1751,5.4-M14,2016-02-11 09:49:41,df6129a0913277db1ec8f8ac4b9cc0303b8c9c25,e8f951d9f2a99975e31f82d97fce68f47e9242d3,9,0,5.4-RC2,2016-02-15 15:38:37,9,4 days 05:48:56,4.242314814814815,2016-02-11 14:28:21,2016-02-15 16:38:37,4 days 02:10:16,4.090462962962963
2077,5.4-M2,2015-12-28 12:01:19,d7ea0a8b14b8649144f7bfbff055f207d954d6c9,0fddc5fa4ea33882b60e072eee51f0e1ea585b4c,17,0,5.4-M3,2016-01-06 09:52:46,17,8 days 21:51:27,8.910729166666666,2015-12-28 13:01:19,2016-01-06 10:52:57,8 days 21:51:38,8.910856481481481
2058,5.4-M3,2016-01-06 09:52:46,0fddc5fa4ea33882b60e072eee51f0e1ea585b4c,eaf7b87bb681e86ebef1778039de929c211b1f99,40,0,5.4-M4,2016-01-12 10:43:56,40,6 days 00:51:10,6.035532407407407,2016-01-06 10:52:57,2016-01-12 11:43:56,6 days 00:50:59,6.035405092592592
2018,5.4-M4,2016-01-12 10:43:56,eaf7b87bb681e86ebef1778039de929c211b1f99,0ad061c6a5c6a0e1c84511b1a2eb7db2f6764e35,40,0,5.4-M5,2016-01-14 07:41:56,40,1 days 20:58:00,1.8736111111111111,2016-01-12 11:43:56,2016-01-14 08:41:56,1 days 20:58:00,1.8736111111111111
2040,5.4-M5,2016-01-14 07:41:56,0ad061c6a5c6a0e1c84511b1a2eb7db2f6764e35,868e4d9403268e0f17235e1993496e92cb8883be,15,0,5.4-M6,2016-01-15 08:27:52,15,1 days 00:45:56,1.0318981481481482,2016-01-14 08:41:56,2016-01-15 09:27:58,1 days 00:46:02,1.0319675925925926
1998,5.4-M6,2016-01-15 08:27:52,868e4d9403268e0f17235e1993496e92cb8883be,366217e521da38a4b17f7e6ada0f4d6612475580,5,0,5.4-M7,2016-01-14 10:05:29,5,-1 days +01:37:37,-0.9322106481481481,2016-01-15 09:27:58,2016-01-15 12:19:47,0 days 02:51:49,0.11931712962962963
1979,5.4-M7,2016-01-14 10:05:29,366217e521da38a4b17f7e6ada0f4d6612475580,162d76a0e6964f1d42069b42ce0362fedd151f75,23,0,5.4-M8,2016-01-18 08:43:40,23,3 days 22:38:11,3.94318287037037,2016-01-15 12:19:47,2016-01-18 18:35:44,3 days 06:15:57,3.2610763888888887
1958,5.4-M8,2016-01-18 08:43:40,162d76a0e6964f1d42069b42ce0362fedd151f75,ed6f219718bdc9c6435e0cd32e4aa81d558fc302,37,0,5.4-M9,2016-01-21 08:29:19,37,2 days 23:45:39,2.990034722222222,2016-01-18 18:35:44,2016-01-21 09:29:19,2 days 14:53:35,2.6205439814814815
1937,5.4-M9,2016-01-21 08:29:19,ed6f219718bdc9c6435e0cd32e4aa81d558fc302,bea2847df13b73c7364193419873e3e8b47b5b73,36,0,5.4-M10,2016-01-28 16:10:59,36,7 days 07:41:40,7.320601851851852,2016-01-21 09:29:19,2016-01-28 17:10:59,7 days 07:41:40,7.320601851851852
1796,5.4-RC1,2016-02-09 11:54:50,6bb02b28a33282bda2b9ed6bc995a4aee68ff172,df6129a0913277db1ec8f8ac4b9cc0303b8c9c25,3,0,5.4-M14,2016-02-11 09:49:41,3,1 days 21:54:51,1.9130902777777778,2016-02-09 12:54:50,2016-02-11 14:28:21,2 days 01:33:31,2.0649421296296295
1797,5.4-RC1,2016-02-09 11:54:50,6bb02b28a33282bda2b9ed6bc995a4aee68ff172,df6129a0913277db1ec8f8ac4b9cc0303b8c9c25,3,0,5.4-M1,2016-02-11 09:49:41,3,1 days 21:54:51,1.9130902777777778,2016-02-09 12:54:50,2016-02-11 14:28:21,2 days 01:33:31,2.0649421296296295
1669,5.4-RC2,2016-02-15 15:38:37,e8f951d9f2a99975e31f82d97fce68f47e9242d3,8909ccd99b9bc5874f24395519d66e2bcb9bdacb,36,1,5.5-M1,2016-02-12 15:43:47,37,-3 days +00:05:10,-2.996412037037037,2016-02-15 16:38:37,2016-02-15 09:09:03,-1 days +16:30:26,-0.3121990740740741
1729,5.4-RC2,2016-02-15 15:38:37,e8f951d9f2a99975e31f82d97fce68f47e9242d3,19310ef05676362f6b88be6d1edc22a12af372b4,11,0,5.4-RC3,2016-03-01 09:36:10,11,14 days 17:57:33,14.74829861111111,2016-02-15 16:38:37,2016-03-01 10:36:10,14 days 17:57:33,14.74829861111111
1708,5.4-RC3,2016-03-01 09:36:10,19310ef05676362f6b88be6d1edc22a12af372b4,ca9cfe39623b1ae2fdab458348f1b92838b7f151,7,0,5.4-RC4,2016-03-04 16:25:47,7,3 days 06:49:37,3.2844560185185183,2016-03-01 10:36:10,2016-03-04 17:25:47,3 days 06:49:37,3.2844560185185183
1687,5.4-RC4,2016-03-04 16:25:47,ca9cfe39623b1ae2fdab458348f1b92838b7f151,7b02df9be3cd9448699b5857586e1c6e2b28c007,3,0,5.4,2016-03-08 15:48:19,3,3 days 23:22:32,3.9739814814814816,2016-03-04 17:25:47,2016-03-08 16:48:19,3 days 23:22:32,3.9739814814814816
1372,5.5,2016-05-02 14:09:29,5773a4aab0ef6c0de79d3038e82f8a051049d6d0,a28bb3e5d6988747f1bcd7896be07a6afe56914f,318,0,5.6-RC1,2016-05-20 11:21:25,318,17 days 21:11:56,17.883287037037036,2016-05-02 16:09:29,2016-05-20 13:21:25,17 days 21:11:56,17.883287037037036
1645,5.5-M1,2016-02-12 15:43:47,8909ccd99b9bc5874f24395519d66e2bcb9bdacb,1792451e5e318a0cfb2e0085115d4c68f8025828,32,0,5.5-M2,2016-02-17 14:21:51,32,4 days 22:38:04,4.943101851851852,2016-02-15 09:09:03,2016-02-17 15:22:01,2 days 06:12:58,2.25900462962963
1505,5.5-M10,2016-03-14 13:09:03,63e3178d2c454d17a7c507a0efca93770be40d41,c5be77384198f6dd7de51a6d275dd1b5ae036daa,159,0,5.5-M11,2016-03-25 09:46:57,159,10 days 20:37:54,10.859652777777777,2016-03-14 14:09:03,2016-03-25 15:02:45,11 days 00:53:42,11.037291666666667
1486,5.5-M11,2016-03-25 09:46:57,c5be77384198f6dd7de51a6d275dd1b5ae036daa,4aa44f864269fb77e1e57c54e15ba913359d383d,75,0,5.5-M12,2016-03-31 14:29:42,75,6 days 04:42:45,6.196354166666667,2016-03-25 15:02:45,2016-03-31 16:55:01,6 days 01:52:16,6.077962962962963
1467,5.5-M12,2016-03-31 14:29:42,4aa44f864269fb77e1e57c54e15ba913359d383d,c6c159847040bd5183c9ceb1df80553c6b2f3396,7,0,5.5-M13,2016-04-01 16:18:35,7,1 days 01:48:53,1.075613425925926,2016-03-31 16:55:01,2016-04-01 18:18:35,1 days 01:23:34,1.0580324074074074
1448,5.5-M13,2016-04-01 16:18:35,c6c159847040bd5183c9ceb1df80553c6b2f3396,0bac18d71ccd2504254cd82c89ea208320a5fb30,13,0,5.5-M14,2016-04-05 09:46:02,13,3 days 17:27:27,3.7273958333333335,2016-04-01 18:18:35,2016-04-05 11:46:02,3 days 17:27:27,3.7273958333333335
1429,5.5-M14,2016-04-05 09:46:02,0bac18d71ccd2504254cd82c89ea208320a5fb30,4c34f8c245f13967643c7ec5cd24d0d06903c44f,37,0,5.5-RC1,2016-04-07 13:38:57,37,2 days 03:52:55,2.161747685185185,2016-04-05 11:46:02,2016-04-07 15:38:57,2 days 03:52:55,2.161747685185185
1624,5.5-M2,2016-02-17 14:21:51,1792451e5e318a0cfb2e0085115d4c68f8025828,c096255c9f57d03a70e02fd99ba06e9e0d737fc3,6,0,5.5-M3,2016-02-18 15:47:35,6,1 days 01:25:44,1.059537037037037,2016-02-17 15:22:01,2016-02-18 16:47:35,1 days 01:25:34,1.0594212962962963
1603,5.5-M3,2016-02-18 15:47:35,c096255c9f57d03a70e02fd99ba06e9e0d737fc3,b94c3c5acca681d305e4a3cd93cdfafe4ad3cfeb,28,0,5.5-M4,2016-02-22 21:19:15,28,4 days 05:31:40,4.230324074074074,2016-02-18 16:47:35,2016-02-23 09:12:00,4 days 16:24:25,4.683622685185185
1582,5.5-M4,2016-02-22 21:19:15,b94c3c5acca681d305e4a3cd93cdfafe4ad3cfeb,26c5dfb16763787a4ffe2219def80ebb3b20bdfd,27,0,5.5-M5,2016-02-26 08:50:59,27,3 days 11:31:44,3.4803703703703706,2016-02-23 09:12:00,2016-02-26 09:50:59,3 days 00:38:59,3.0270717592592593
1562,5.5-M5,2016-02-26 08:50:59,26c5dfb16763787a4ffe2219def80ebb3b20bdfd,50cc345d65a5efa7321def634af7b1af130a5990,114,0,5.5-M6,2016-03-02 14:02:34,114,5 days 05:11:35,5.216377314814815,2016-02-26 09:50:59,2016-03-02 15:07:51,5 days 05:16:52,5.220046296296296
1543,5.5-M6,2016-03-02 14:02:34,50cc345d65a5efa7321def634af7b1af130a5990,dd17d404a9b1440d45f12e25ad41f294b6b56a34,24,0,5.5-M7,2016-03-04 16:01:31,24,2 days 01:58:57,2.0826041666666666,2016-03-02 15:07:51,2016-03-04 17:01:31,2 days 01:53:40,2.0789351851851854
1524,5.5-M7,2016-03-04 16:01:31,dd17d404a9b1440d45f12e25ad41f294b6b56a34,63e3178d2c454d17a7c507a0efca93770be40d41,122,0,5.5-M10,2016-03-14 13:09:03,122,9 days 21:07:32,9.88023148148148,2016-03-04 17:01:31,2016-03-14 14:09:03,9 days 21:07:32,9.88023148148148
1410,5.5-RC1,2016-04-07 13:38:57,4c34f8c245f13967643c7ec5cd24d0d06903c44f,23454578ad135cd6d2280d04198a4d5eacf20979,64,0,5.5-RC2,2016-04-28 06:45:25,64,20 days 17:06:28,20.712824074074074,2016-04-07 15:38:57,2016-04-28 08:45:25,20 days 17:06:28,20.712824074074074
1391,5.5-RC2,2016-04-28 06:45:25,23454578ad135cd6d2280d04198a4d5eacf20979,5773a4aab0ef6c0de79d3038e82f8a051049d6d0,3,0,5.5,2016-05-02 14:09:29,3,4 days 07:24:04,4.30837962962963,2016-04-28 08:45:25,2016-05-02 16:09:29,4 days 07:24:04,4.30837962962963
1315,5.6,2016-06-01 11:59:09,074f3d1169f9688d15af4aff67e7e672cbeed782,4f37a3f3b40da4bba953d1ed9a2b0d114869a8ad,32,0,5.6.1,2016-07-25 08:13:12,32,53 days 20:14:03,53.843090277777776,2016-06-01 13:59:09,2016-07-25 10:13:12,53 days 20:14:03,53.843090277777776
1353,5.6-RC1,2016-05-20 11:21:25,a28bb3e5d6988747f1bcd7896be07a6afe56914f,ad239bd651c1ccd555c4f84111416bb0b2aefe0b,24,0,5.6-RC2,2016-05-27 15:14:46,24,7 days 03:53:21,7.1620486111111115,2016-05-20 13:21:25,2016-05-27 17:14:46,7 days 03:53:21,7.1620486111111115
1334,5.6-RC2,2016-05-27 15:14:46,ad239bd651c1ccd555c4f84111416bb0b2aefe0b,074f3d1169f9688d15af4aff67e7e672cbeed782,7,0,5.6,2016-06-01 11:59:09,7,4 days 20:44:23,4.8641550925925925,2016-05-27 17:14:46,2016-06-01 13:59:09,4 days 20:44:23,4.8641550925925925
1188,5.6.1,2016-07-25 08:13:12,4f37a3f3b40da4bba953d1ed9a2b0d114869a8ad,41affbb82c5e897eea64f77538ce4b20322ba61c,450,2,6.0-RC1,2016-07-20 08:30:19,452,-5 days +00:17:07,-4.988113425925926,2016-07-25 10:13:12,2016-07-20 10:30:19,-5 days +00:17:07,-4.988113425925926
1296,5.6.1,2016-07-25 08:13:12,4f37a3f3b40da4bba953d1ed9a2b0d114869a8ad,9c1c190107023ffca5f67d6d0184ff5371c5347f,25,0,5.6.2,2016-09-19 14:34:40,25,56 days 06:21:28,56.26490740740741,2016-07-25 10:13:12,2016-09-19 16:34:40,56 days 06:21:28,56.26490740740741
1277,5.6.2,2016-09-19 14:34:40,9c1c190107023ffca5f67d6d0184ff5371c5347f,a68d912046cfbbe3f9d1493ab53414face1adae2,13,0,5.6.3,2016-10-03 13:56:53,13,13 days 23:22:13,13.973761574074073,2016-09-19 16:34:40,2016-10-03 15:56:53,13 days 23:22:13,13.973761574074073
1258,5.6.3,2016-10-03 13:56:53,a68d912046cfbbe3f9d1493ab53414face1adae2,52298794f1a34a4fd713ff8d441a0c13432e40a9,17,0,5.6.4,2016-12-12 10:11:54,17,69 days 20:15:01,69.84376157407408,2016-10-03 15:56:53,2016-12-12 11:11:54,69 days 19:15:01,69.80209490740741
1239,5.6.4,2016-12-12 10:11:54,52298794f1a34a4fd713ff8d441a0c13432e40a9,29a8d73d1b3fb39fd35c777bf07be40873391517,11,0,5.6.5,2017-01-18 16:19:42,11,37 days 06:07:48,37.25541666666667,2016-12-12 11:11:54,2017-01-18 17:19:42,37 days 06:07:48,37.25541666666667
1220,5.6.5,2017-01-18 16:19:42,29a8d73d1b3fb39fd35c777bf07be40873391517,05221592672b903c703c0424dc77458e615c106d,3,0,5.6.6,2017-02-16 20:34:26,3,29 days 04:14:44,29.176898148148148,2017-01-18 17:19:42,2017-02-16 21:34:26,29 days 04:14:44,29.176898148148148
1201,5.6.6,2017-02-16 20:34:26,05221592672b903c703c0424dc77458e615c106d,3de1bdeb3255fedc75885313205143f28aa89e9c,10,0,5.6.7,2017-09-25 10:46:49,10,220 days 14:12:23,220.59193287037036,2017-02-16 21:34:26,2017-09-25 12:46:49,220 days 15:12:23,220.63359953703704
1105,6.0,2016-08-03 09:19:42,8fd98eebd4c693bedae9c2ce45d6edc9ff2830fa,12e24a98549f51fc560d782a9d93164021feaccc,564,0,6.1-RC1,2016-09-19 14:58:22,564,47 days 05:38:40,47.23518518518519,2016-08-03 11:19:42,2016-09-19 16:58:22,47 days 05:38:40,47.23518518518519
1163,6.0-RC1,2016-07-20 08:30:19,41affbb82c5e897eea64f77538ce4b20322ba61c,f6e1edf894578320cfad5ef62e9820a10026238a,18,0,6.0-RC2,2016-07-29 08:11:06,18,8 days 23:40:47,8.986655092592592,2016-07-20 10:30:19,2016-07-29 10:11:06,8 days 23:40:47,8.986655092592592
1144,6.0-RC2,2016-07-29 08:11:06,f6e1edf894578320cfad5ef62e9820a10026238a,8fd98eebd4c693bedae9c2ce45d6edc9ff2830fa,9,0,6.0,2016-08-03 09:19:42,9,5 days 01:08:36,5.047638888888889,2016-07-29 10:11:06,2016-08-03 11:19:42,5 days 01:08:36,5.047638888888889
1085,6.1,2016-10-11 07:02:29,442f1a11b2365618f58f3f456a756995a6318225,6a70cefe40b1b8127eb4e7ef3436a5c43fe938b4,4,0,6.1.1,2016-11-17 19:45:38,4,37 days 12:43:09,37.52996527777778,2016-10-11 09:02:29,2016-11-17 20:45:38,37 days 11:43:09,37.48829861111111
1125,6.1-RC1,2016-09-19 14:58:22,12e24a98549f51fc560d782a9d93164021feaccc,879e50736fb84d12259e23bd8ea0d2293dc43046,24,0,6.1-RC2,2016-10-03 07:39:32,24,13 days 16:41:10,13.69525462962963,2016-09-19 16:58:22,2016-10-03 09:39:32,13 days 16:41:10,13.69525462962963
1064,6.1-RC2,2016-10-03 07:39:32,879e50736fb84d12259e23bd8ea0d2293dc43046,442f1a11b2365618f58f3f456a756995a6318225,4,0,6.1,2016-10-11 07:02:29,4,7 days 23:22:57,7.974270833333334,2016-10-03 09:39:32,2016-10-11 09:02:29,7 days 23:22:57,7.974270833333334
1044,6.1.1,2016-11-17 19:45:38,6a70cefe40b1b8127eb4e7ef3436a5c43fe938b4,e50f57556a830a9d0d527f68e6c106192acaa4b9,627,0,6.2-RC1,2016-11-21 11:08:08,627,3 days 15:22:30,3.640625,2016-11-17 20:45:38,2016-11-21 12:08:08,3 days 15:22:30,3.640625
960,6.2,2016-12-13 15:05:23,4a28f29f95254b58f3cf0a0871bc632e998403f5,8a667b2e3358144ea6d0affaf7673ebd290b0b78,21,0,6.2.1,2017-01-16 16:00:20,21,34 days 00:54:57,34.038159722222225,2016-12-13 16:05:23,2017-01-16 17:00:20,34 days 00:54:57,34.038159722222225
1023,6.2-RC1,2016-11-21 11:08:08,e50f57556a830a9d0d527f68e6c106192acaa4b9,b7608b6a0818d0b4372681d3cd224a930eb80410,49,0,6.2-RC2,2016-12-02 07:39:58,49,10 days 20:31:50,10.855439814814815,2016-11-21 12:08:08,2016-12-02 08:39:58,10 days 20:31:50,10.855439814814815
1002,6.2-RC2,2016-12-02 07:39:58,b7608b6a0818d0b4372681d3cd224a930eb80410,e52bc616764bb8cdcd53803f77119f19c6dbb2ce,12,0,6.2-RC3,2016-12-09 10:07:17,12,7 days 02:27:19,7.102303240740741,2016-12-02 08:39:58,2016-12-09 11:07:17,7 days 02:27:19,7.102303240740741
981,6.2-RC3,2016-12-09 10:07:17,e52bc616764bb8cdcd53803f77119f19c6dbb2ce,4a28f29f95254b58f3cf0a0871bc632e998403f5,4,0,6.2,2016-12-13 15:05:23,4,4 days 04:58:06,4.207013888888889,2016-12-09 11:07:17,2016-12-13 16:05:23,4 days 04:58:06,4.207013888888889
873,6.2.1,2017-01-16 16:00:20,8a667b2e3358144ea6d0affaf7673ebd290b0b78,534fc279a64c7b836f39d476d15192999944b9eb,936,0,6.3.0.18401,2017-02-14 11:06:25,936,28 days 19:06:05,28.795891203703704,2017-01-16 17:00:20,2017-02-14 12:06:25,28 days 19:06:05,28.795891203703704
874,6.2.1,2017-01-16 16:00:20,8a667b2e3358144ea6d0affaf7673ebd290b0b78,534fc279a64c7b836f39d476d15192999944b9eb,936,0,6.3-RC1,2017-02-14 11:06:25,936,28 days 19:06:05,28.795891203703704,2017-01-16 17:00:20,2017-02-14 12:06:25,28 days 19:06:05,28.795891203703704
800,6.3,2017-03-14 09:12:39,43ea4f4c43aa89d4c435017f86d0da254e115e6b,54be39f47d188340b14d4d9236bbf3d43b1db2ae,11,0,6.3.1,2017-04-11 12:44:29,11,28 days 03:31:50,28.147106481481483,2017-03-14 10:12:39,2017-04-11 14:44:46,28 days 04:32:07,28.188969907407408
919,6.3-RC4,2017-03-04 17:53:45,e23682d9e420ef59da282322ca9dc6e3fc59d75b,43ea4f4c43aa89d4c435017f86d0da254e115e6b,8,0,6.3,2017-03-14 09:12:39,8,9 days 15:18:54,9.638125,2017-03-04 18:53:45,2017-03-14 10:12:39,9 days 15:18:54,9.638125
815,6.3.0.18401,2017-02-14 11:06:25,534fc279a64c7b836f39d476d15192999944b9eb,3b673b37f88fc38b84244bd541d20ee9ac510486,10,0,6.3.0.18587,2017-02-16 16:38:40,10,2 days 05:32:15,2.230729166666667,2017-02-14 12:06:25,2017-02-17 15:47:10,3 days 03:40:45,3.153298611111111
773,6.3.0.18587,2017-02-16 16:38:40,3b673b37f88fc38b84244bd541d20ee9ac510486,7a8f38e05f2264d550c232cd89518abd1155870a,16,0,6.3.0.18800,2017-02-22 15:04:12,16,5 days 22:25:32,5.934398148148148,2017-02-17 15:47:10,2017-02-22 16:04:12,5 days 00:17:02,5.011828703703704
933,6.3.0.18800,2017-02-22 15:04:12,7a8f38e05f2264d550c232cd89518abd1155870a,e23682d9e420ef59da282322ca9dc6e3fc59d75b,24,0,6.3-RC4,2017-03-04 17:53:45,24,10 days 02:49:33,10.117743055555556,2017-02-22 16:04:12,2017-03-04 18:53:45,10 days 02:49:33,10.117743055555556
752,6.3.1,2017-04-11 12:44:29,54be39f47d188340b14d4d9236bbf3d43b1db2ae,84ad17dd4e53eae1221d1af96fb45d8997f2e2fa,7,0,6.3.2,2017-04-24 08:51:14,7,12 days 20:06:45,12.838020833333333,2017-04-11 14:44:46,2017-04-24 10:51:14,12 days 20:06:28,12.837824074074074
731,6.3.2,2017-04-24 08:51:14,84ad17dd4e53eae1221d1af96fb45d8997f2e2fa,04b7bf3ccc22daea116a67e6ba174237805e5ccf,1001,0,6.4-RC1,2017-05-16 15:00:32,1001,22 days 06:09:18,22.256458333333335,2017-04-24 10:51:14,2017-05-16 22:00:23,22 days 11:09:09,22.4646875
649,6.4,2017-06-02 08:32:25,ad64a17b531c0e1f6fef0ce7e4d0d0b060977754,25592161f1698d5be10311cab517cd4824445945,188,0,6.5-M1,2017-06-20 15:42:21,188,18 days 07:09:56,18.298564814814814,2017-06-02 10:32:25,2017-06-20 17:42:21,18 days 07:09:56,18.298564814814814
710,6.4-RC1,2017-05-16 15:00:32,04b7bf3ccc22daea116a67e6ba174237805e5ccf,8e826b1066ffea29958f8c5ac09244baa624dafd,12,0,6.4-RC2,2017-05-22 10:00:44,12,5 days 19:00:12,5.791805555555555,2017-05-16 22:00:23,2017-05-22 12:00:44,5 days 14:00:21,5.583576388888889
689,6.4-RC2,2017-05-22 10:00:44,8e826b1066ffea29958f8c5ac09244baa624dafd,1f978d91e82d8ddbe49806ee6d32bc93e8f6a42f,12,0,6.4-RC3,2017-05-29 09:55:18,12,6 days 23:54:34,6.996226851851852,2017-05-22 12:00:44,2017-05-29 11:55:18,6 days 23:54:34,6.996226851851852
669,6.4-RC3,2017-05-29 09:55:18,1f978d91e82d8ddbe49806ee6d32bc93e8f6a42f,ad64a17b531c0e1f6fef0ce7e4d0d0b060977754,11,0,6.4,2017-06-02 08:32:25,11,3 days 22:37:07,3.9424421296296295,2017-05-29 11:55:18,2017-06-02 10:32:25,3 days 22:37:07,3.9424421296296295
515,6.5,2017-08-01 11:58:54,ef2ca5b33e5795b841d45e0b20fef3cb90391719,868e9ce285262e5277c158ea3c2082c379e81943,1046,0,6.6-RC1,2017-10-10 17:03:23,1046,70 days 05:04:29,70.21144675925926,2017-08-01 13:58:54,2017-10-10 22:41:48,70 days 08:42:54,70.363125
629,6.5-M1,2017-06-20 15:42:21,25592161f1698d5be10311cab517cd4824445945,bcc8082815b493171a30ae32dfef9d9c278804a4,139,2,6.5-M2,2017-07-05 17:09:06,141,15 days 01:26:45,15.060243055555556,2017-06-20 17:42:21,2017-07-05 19:09:06,15 days 01:26:45,15.060243055555556
610,6.5-M2,2017-07-05 17:09:06,bcc8082815b493171a30ae32dfef9d9c278804a4,3861f8769afa40e556c63ff7f39a41f9f89f68fa,66,0,6.5-RC1,2017-07-13 17:11:40,66,8 days 00:02:34,8.001782407407408,2017-07-05 19:09:06,2017-07-13 19:11:40,8 days 00:02:34,8.001782407407408
573,6.5-M3,2017-07-13 17:56:59,ca28dd4ed34ab7c6e6066dd44820fe815c21b7a8,fa58d92ea7145838c8030fc4611a4bdefe94b5de,14,0,6.5-RC2,2017-07-24 15:42:40,14,10 days 21:45:41,10.906724537037038,2017-07-13 19:56:59,2017-07-24 17:42:40,10 days 21:45:41,10.906724537037038
536,6.5-M4,2017-07-24 16:45:48,4815ccb899b0cff352dd979024afd46db878b692,ef2ca5b33e5795b841d45e0b20fef3cb90391719,6,0,6.5,2017-08-01 11:58:54,6,7 days 19:13:06,7.800763888888889,2017-07-24 18:45:48,2017-08-01 13:58:54,7 days 19:13:06,7.800763888888889
590,6.5-RC1,2017-07-13 17:11:40,3861f8769afa40e556c63ff7f39a41f9f89f68fa,ca28dd4ed34ab7c6e6066dd44820fe815c21b7a8,1,0,6.5-M3,2017-07-13 17:56:59,1,0 days 00:45:19,0.031469907407407405,2017-07-13 19:11:40,2017-07-13 19:56:59,0 days 00:45:19,0.031469907407407405
553,6.5-RC2,2017-07-24 15:42:40,fa58d92ea7145838c8030fc4611a4bdefe94b5de,4815ccb899b0cff352dd979024afd46db878b692,1,0,6.5-M4,2017-07-24 16:45:48,1,0 days 01:03:08,0.04384259259259259,2017-07-24 17:42:40,2017-07-24 18:45:48,0 days 01:03:08,0.04384259259259259
477,6.6,2017-10-20 12:09:25,353296630a2d150f48c76183e82188dfcaa42df0,3f72c27bf24dcecfad0e0901797e6d166532de72,348,0,6.7-RC1,2017-10-27 14:27:52,348,7 days 02:18:27,7.096145833333333,2017-10-20 14:09:25,2017-10-27 16:27:52,7 days 02:18:27,7.096145833333333
496,6.6-RC1,2017-10-10 17:03:23,868e9ce285262e5277c158ea3c2082c379e81943,353296630a2d150f48c76183e82188dfcaa42df0,9,0,6.6,2017-10-20 12:09:25,9,9 days 19:06:02,9.795856481481481,2017-10-10 22:41:48,2017-10-20 14:09:25,9 days 15:27:37,9.644178240740741
439,6.7,2017-11-07 15:03:37,5d031d9d2ac3f69b4b9bc600d50563b1886c7d8b,426519346f51f7b980a76f9050f983110550509d,25,0,6.7.1,2017-12-20 16:32:02,25,43 days 01:28:25,43.061400462962965,2017-11-07 16:03:37,2017-12-20 17:32:02,43 days 01:28:25,43.061400462962965
458,6.7-RC1,2017-10-27 14:27:52,3f72c27bf24dcecfad0e0901797e6d166532de72,5d031d9d2ac3f69b4b9bc600d50563b1886c7d8b,25,0,6.7,2017-11-07 15:03:37,25,11 days 00:35:45,11.024826388888888,2017-10-27 16:27:52,2017-11-07 16:03:37,10 days 23:35:45,10.983159722222222
420,6.7.1,2017-12-20 16:32:02,426519346f51f7b980a76f9050f983110550509d,e3ae3ad6546d35ab9eb7c244352a58eea0a2f124,30,0,6.7.2,2018-02-22 16:56:57,30,64 days 00:24:55,64.01730324074074,2017-12-20 17:32:02,2018-02-22 17:56:57,64 days 00:24:55,64.01730324074074
312,6.7.1,2017-12-20 16:32:02,426519346f51f7b980a76f9050f983110550509d,b19047de0e815b1c6474770e8bc0fff41daa4d01,419,0,7.0-RC1,2018-01-24 14:36:36,419,34 days 22:04:34,34.919837962962966,2017-12-20 17:32:02,2018-01-24 15:36:36,34 days 22:04:34,34.919837962962966
401,6.7.2,2018-02-22 16:56:57,e3ae3ad6546d35ab9eb7c244352a58eea0a2f124,baa823c2ae6ed4dd406b2ef12bc5ac6201e466f9,15,0,6.7.3,2018-04-06 14:12:21,15,42 days 21:15:24,42.88569444444445,2018-02-22 17:56:57,2018-04-06 16:12:21,42 days 22:15:24,42.92736111111111
382,6.7.3,2018-04-06 14:12:21,baa823c2ae6ed4dd406b2ef12bc5ac6201e466f9,b62b59da1adf991c41ed0730684f813d4116f6cc,20,0,6.7.4,2018-05-30 07:23:04,20,53 days 17:10:43,53.71577546296297,2018-04-06 16:12:21,2018-05-30 09:23:04,53 days 17:10:43,53.71577546296297
363,6.7.4,2018-05-30 07:23:04,b62b59da1adf991c41ed0730684f813d4116f6cc,ec8ab77fa180a9edaf664075e8e76ae0b4a2d9f1,27,0,6.7.5,2018-08-06 10:17:09,27,68 days 02:54:05,68.1208912037037,2018-05-30 09:23:04,2018-08-06 12:17:09,68 days 02:54:05,68.1208912037037
344,6.7.5,2018-08-06 10:17:09,ec8ab77fa180a9edaf664075e8e76ae0b4a2d9f1,302f75de1ec5df6e983970f3c76b86ee02b1cd26,16,0,6.7.6,2018-11-19 15:51:14,16,105 days 05:34:05,105.23200231481482,2018-08-06 12:17:09,2018-11-19 17:49:11,105 days 05:32:02,105.2305787037037
325,6.7.6,2018-11-19 15:51:14,302f75de1ec5df6e983970f3c76b86ee02b1cd26,4aa6d928f960303eb990d50c275513a517c85e69,12,0,6.7.7,2019-04-16 15:38:04,12,147 days 23:46:50,147.99085648148147,2018-11-19 17:49:11,2019-04-16 17:38:04,147 days 23:48:53,147.99228009259258
2317,7.0,2018-02-02 12:20:31,3b827a9a9a4b133c9fbe168aec8db44d78efeaeb,ecdde3879059a41f229782061bdad49677dd63f8,315,0,7.1,2018-03-23 20:20:52,315,49 days 08:00:21,49.333576388888886,2018-02-02 13:20:31,2018-03-23 20:20:52,49 days 07:00:21,49.29190972222222
287,7.0-RC1,2018-01-24 14:36:36,b19047de0e815b1c6474770e8bc0fff41daa4d01,3b827a9a9a4b133c9fbe168aec8db44d78efeaeb,7,0,7.0,2018-02-02 12:20:31,7,8 days 21:43:55,8.905497685185185,2018-01-24 15:36:36,2018-02-02 13:20:31,8 days 21:43:55,8.905497685185185
2319,7.1,2018-03-23 20:20:52,ecdde3879059a41f229782061bdad49677dd63f8,d7828ea4d821aaceedd431004c83a196cea8b38a,500,0,7.2,2018-06-13 20:20:50,500,81 days 23:59:58,81.99997685185186,2018-03-23 20:20:52,2018-06-13 20:20:50,81 days 23:59:58,81.99997685185186
2320,7.2,2018-06-13 20:20:50,d7828ea4d821aaceedd431004c83a196cea8b38a,87c1e3d93bf8a583932c11d4e1b740e91f80ffa0,228,0,7.3,2018-07-20 20:21:18,228,37 days 00:00:28,37.00032407407407,2018-06-13 20:20:50,2018-07-20 20:21:18,37 days 00:00:28,37.00032407407407
2321,7.3,2018-07-20 20:21:18,87c1e3d93bf8a583932c11d4e1b740e91f80ffa0,86937350807da2beb38dcd4216eafea0009fb99f,101,0,7.4,2018-08-03 20:21:25,101,14 days 00:00:07,14.000081018518518,2018-07-20 20:21:18,2018-08-03 20:21:25,14 days 00:00:07,14.000081018518518
2322,7.4,2018-08-03 20:21:25,86937350807da2beb38dcd4216eafea0009fb99f,cb851ba202973bd468e070572c1e3b0b0437d2f4,657,0,7.5,2018-12-18 09:56:40,657,136 days 13:35:15,136.56614583333334,2018-08-03 20:21:25,2018-12-20 11:41:48,138 days 15:20:23,138.6391550925926
249,7.5,2018-12-18 09:56:40,cb851ba202973bd468e070572c1e3b0b0437d2f4,c2edd480f08c8a692757df5ce6c89cddb566b666,243,0,7.6,2019-01-21 15:04:13,243,34 days 05:07:33,34.21357638888889,2018-12-20 11:41:48,2019-01-21 20:21:01,32 days 08:39:13,32.36056712962963
230,7.6,2019-01-21 15:04:13,c2edd480f08c8a692757df5ce6c89cddb566b666,69bc562d207053ef21afd12c8bc9c5217b50227a,236,0,7.7,2019-03-19 16:29:12,236,57 days 01:24:59,57.059016203703706,2019-01-21 20:21:01,2019-03-20 16:29:54,57 days 20:08:53,57.839502314814816
211,7.7,2019-03-19 16:29:12,69bc562d207053ef21afd12c8bc9c5217b50227a,870ae4efbf5dcdbe59295eb5827b55a6a74c7b89,509,0,7.8,2019-06-18 09:08:04,509,90 days 16:38:52,90.69365740740741,2019-03-20 16:29:54,2019-06-18 20:21:07,90 days 03:51:13,90.16056712962963
192,7.8,2019-06-18 09:08:04,870ae4efbf5dcdbe59295eb5827b55a6a74c7b89,6502ec4ffee7e5a57498baaf330b80eb490d01c2,141,0,7.9,2019-07-01 07:56:26,141,12 days 22:48:22,12.95025462962963,2019-06-18 20:21:07,2019-10-17 15:24:45,120 days 19:03:38,120.79418981481481
173,7.9,2019-07-01 07:56:26,6502ec4ffee7e5a57498baaf330b80eb490d01c2,6818fad17ba67e97d395a8488d5412e00892d5e1,17,0,7.9.1,2019-07-10 12:20:33,17,9 days 04:24:07,9.183414351851852,2019-10-17 15:24:45,2019-10-17 15:24:48,0 days 00:00:03,3.472222222222222e-05
113,7.9,2019-07-01 07:56:26,6502ec4ffee7e5a57498baaf330b80eb490d01c2,87ca68d63f4afd37d74b2f454430dfde9e862c6a,415,1,8.0,2019-10-15 08:15:12,416,106 days 00:18:46,106.01303240740741,2019-10-17 15:24:45,2019-10-15 11:52:16,-3 days +20:27:31,-2.1475578703703704
144,7.9.1,2019-07-10 12:20:33,6818fad17ba67e97d395a8488d5412e00892d5e1,5832fefc31f5ba25f15b3fa66ed816f7b87fd835,19,0,7.9.2,2019-12-09 13:03:50,19,152 days 00:43:17,152.03005787037037,2019-10-17 15:24:48,2019-12-09 20:53:13,53 days 05:28:25,53.22806712962963
92,7.9.2,2019-12-09 13:03:50,5832fefc31f5ba25f15b3fa66ed816f7b87fd835,898a79cc7df01a9603c17f92b93e46ec62bc77d2,11,0,7.9.3,2020-03-24 07:49:27,11,105 days 18:45:37,105.78167824074075,2019-12-09 20:53:13,2020-03-24 20:03:32,105 days 23:10:19,105.96549768518518
73,7.9.3,2020-03-24 07:49:27,898a79cc7df01a9603c17f92b93e46ec62bc77d2,2f8d99a55899105cbf3e3170194c614c2a6ea4d7,14,0,7.9.4,2020-07-23 14:40:10,14,121 days 06:50:43,121.28521990740741,2020-03-24 20:03:32,2020-07-23 20:05:45,121 days 00:02:13,121.00153935185185
125,8.0,2019-10-15 08:15:12,87ca68d63f4afd37d74b2f454430dfde9e862c6a,65a7a7c34de5bff9aed7c3e58eb6dcc87ae34b57,196,0,8.1.0.31237,2019-12-17 12:29:34,196,63 days 04:14:22,63.17664351851852,2019-10-15 11:52:16,2019-12-17 15:52:53,63 days 04:00:37,63.16709490740741
41,8.1.0.31237,2019-12-17 12:29:34,65a7a7c34de5bff9aed7c3e58eb6dcc87ae34b57,749367809478e5b7f60c6ef952436db9789b5882,262,1,8.2.0.32929,2020-02-25 14:32:24,263,70 days 02:02:50,70.08530092592592,2019-12-17 15:52:53,2020-02-26 10:41:20,70 days 18:48:27,70.78364583333334
55,8.2.0.32929,2020-02-25 14:32:24,749367809478e5b7f60c6ef952436db9789b5882,9c58e36328ae79ad3c36c13aa253879351ce3613,180,0,8.3.0.34182,2020-04-28 13:54:13,180,62 days 23:21:49,62.97348379629629,2020-02-26 10:41:20,2020-04-28 20:03:32,62 days 09:22:12,62.39041666666667
26,8.3.0.34182,2020-04-28 13:54:13,9c58e36328ae79ad3c36c13aa253879351ce3613,b77ce511a2039330aea8832ad12e86a8cfa9ff7d,3,0,8.3.1.34397,2020-05-07 12:09:22,3,8 days 22:15:09,8.9271875,2020-04-28 20:03:32,2020-05-08 10:59:30,9 days 14:55:58,9.622199074074073
14,8.3.0.34182,2020-04-28 13:54:13,9c58e36328ae79ad3c36c13aa253879351ce3613,74b4533439f380827d68e8c01667eeaecad89fc7,241,0,8.4.0.35506,2020-07-03 07:09:27,241,65 days 17:15:14,65.71891203703704,2020-04-28 20:03:32,2020-07-03 20:05:22,66 days 00:01:50,66.00127314814814
1,8.4.0.35506,2020-07-03 07:09:27,74b4533439f380827d68e8c01667eeaecad89fc7,a0d372f704998d38856c26e28662fd7de062f873,6,0,8.4.1.35646,2020-07-14 08:13:18,6,11 days 01:03:51,11.044340277777778,2020-07-03 20:05:22,2020-07-14 12:11:47,10 days 16:06:25,10.671122685185185
154,8.4.1.35646,2020-07-14 08:13:18,a0d372f704998d38856c26e28662fd7de062f873,2de1f343e3dbd9e88007b42e475512677c04eb8a,4,0,8.4.2.36762,2020-08-27 14:11:31,4,44 days 05:58:13,44.248761574074074,2020-07-14 12:11:47,2020-08-28 11:43:56,44 days 23:32:09,44.98065972222222
