,from_author_date,to_author_date,ahead_by,behind_by,from_sha,to_sha,ahead_behind_sum,diff_author_dates,diff_author_days,from_commit_date,to_commit_date,diff_commit_dates,diff_commit_days,to_tag,from_tag,ratio_passed_builds,ratio_canceled_builds,ratio_failed_builds,ratio_errored_builds,ratio_pr_builds,mean_all_build_duration,median_all_build_duration,max_all_build_duration,min_all_build_duration,mean_failed_build_duration,median_failed_build_duration,max_failed_build_duration,min_failed_build_duration,mean_passed_build_duration,median_passed_build_duration,max_passed_build_duration,min_passed_build_duration,mean_n_builds_per_pull_request,median_n_builds_per_pull_request,max_n_builds_per_pull_request,min_n_builds_per_pull_request,not_passed_gp1_bs1_n_bursts_mean,not_passed_gp1_bs1_n_bursts_median,not_passed_gp1_bs1_n_bursts_max,not_passed_gp1_bs1_n_bursts_min,not_passed_gp1_bs1_burst_size_mean,not_passed_gp1_bs1_burst_size_median,not_passed_gp1_bs1_burst_size_max,not_passed_gp1_bs1_burst_size_min,not_passed_gp1_bs2_n_bursts_mean,not_passed_gp1_bs2_n_bursts_median,not_passed_gp1_bs2_n_bursts_max,not_passed_gp1_bs2_n_bursts_min,not_passed_gp1_bs2_burst_size_mean,not_passed_gp1_bs2_burst_size_median,not_passed_gp1_bs2_burst_size_max,not_passed_gp1_bs2_burst_size_min,not_passed_gp1_bs3_n_bursts_mean,not_passed_gp1_bs3_n_bursts_median,not_passed_gp1_bs3_n_bursts_max,not_passed_gp1_bs3_n_bursts_min,not_passed_gp1_bs3_burst_size_mean,not_passed_gp1_bs3_burst_size_median,not_passed_gp1_bs3_burst_size_max,not_passed_gp1_bs3_burst_size_min,not_passed_gp2_bs1_n_bursts_mean,not_passed_gp2_bs1_n_bursts_median,not_passed_gp2_bs1_n_bursts_max,not_passed_gp2_bs1_n_bursts_min,not_passed_gp2_bs1_burst_size_mean,not_passed_gp2_bs1_burst_size_median,not_passed_gp2_bs1_burst_size_max,not_passed_gp2_bs1_burst_size_min,not_passed_gp2_bs2_n_bursts_mean,not_passed_gp2_bs2_n_bursts_median,not_passed_gp2_bs2_n_bursts_max,not_passed_gp2_bs2_n_bursts_min,not_passed_gp2_bs2_burst_size_mean,not_passed_gp2_bs2_burst_size_median,not_passed_gp2_bs2_burst_size_max,not_passed_gp2_bs2_burst_size_min,not_passed_gp2_bs3_n_bursts_mean,not_passed_gp2_bs3_n_bursts_median,not_passed_gp2_bs3_n_bursts_max,not_passed_gp2_bs3_n_bursts_min,not_passed_gp2_bs3_burst_size_mean,not_passed_gp2_bs3_burst_size_median,not_passed_gp2_bs3_burst_size_max,not_passed_gp2_bs3_burst_size_min,not_passed_gp3_bs1_n_bursts_mean,not_passed_gp3_bs1_n_bursts_median,not_passed_gp3_bs1_n_bursts_max,not_passed_gp3_bs1_n_bursts_min,not_passed_gp3_bs1_burst_size_mean,not_passed_gp3_bs1_burst_size_median,not_passed_gp3_bs1_burst_size_max,not_passed_gp3_bs1_burst_size_min,not_passed_gp3_bs2_n_bursts_mean,not_passed_gp3_bs2_n_bursts_median,not_passed_gp3_bs2_n_bursts_max,not_passed_gp3_bs2_n_bursts_min,not_passed_gp3_bs2_burst_size_mean,not_passed_gp3_bs2_burst_size_median,not_passed_gp3_bs2_burst_size_max,not_passed_gp3_bs2_burst_size_min,not_passed_gp3_bs3_n_bursts_mean,not_passed_gp3_bs3_n_bursts_median,not_passed_gp3_bs3_n_bursts_max,not_passed_gp3_bs3_n_bursts_min,not_passed_gp3_bs3_burst_size_mean,not_passed_gp3_bs3_burst_size_median,not_passed_gp3_bs3_burst_size_max,not_passed_gp3_bs3_burst_size_min
3,2015-07-27 08:03:21,2015-11-02 08:56:19,2853,0,2a52a7106b2bfbd659c591c2d6fc09ad0ab2db5c,f045be98be3ba032b6b19d71574038eeeb91803b,2853,98 days 00:52:58,98.0367824074074,2015-07-27 10:03:21,2015-11-02 09:56:19,97 days 23:52:58,97.99511574074074,5.2,5.1.2,0.6586113002042205,0.03165418652144316,0.23383253914227364,0.07590197413206262,0.308713410483322,1941.4023144996597,1291.5,5769.0,0.0,1022.3173216885008,622.0,5340.0,0.0,2528.719896640827,1774.0,5769.0,716.0,3.747448979591837,1.0,1383,1,0.5035046728971962,0.0,110.0,0.0,2.2645011600928076,1.0,88.0,0.0,0.21962616822429906,0.0,40.0,0.0,3.898936170212766,2.0,88.0,0.0,0.09813084112149532,0.0,18.0,0.0,6.25,4.0,88.0,0.0,0.36098130841121495,0.0,102.0,0.0,2.501618122977346,1.0,89.0,0.0,0.1764018691588785,0.0,43.0,0.0,4.072847682119205,2.0,89.0,0.0,0.08411214953271028,0.0,21.0,0.0,6.347222222222222,4.0,89.0,0.0,0.2827102803738318,0.0,97.0,0.0,2.739669421487603,1.5,89.0,0.0,0.1413551401869159,0.0,44.0,0.0,4.479338842975206,3.0,89.0,0.0,0.0794392523364486,0.0,23.0,0.0,6.411764705882353,4.0,89.0,0.0
4,2015-11-02 08:56:19,2016-01-08 10:09:15,561,0,f045be98be3ba032b6b19d71574038eeeb91803b,8db783e62b266eeb0d0b10dc050a7ca50e96c5d1,561,67 days 01:12:56,67.05064814814814,2015-11-02 09:56:19,2016-01-08 11:09:15,67 days 01:12:56,67.05064814814814,5.3,5.2,0.6624293785310734,0.11864406779661017,0.1327683615819209,0.08615819209039548,0.2782485875706215,4490.547383309759,5394.0,7720.0,0.0,5108.478723404255,5592.5,7412.0,250.0,5585.2707889125795,5529.0,7584.0,4022.0,4.018072289156627,1.0,320,1,0.7797619047619048,0.0,30.0,0.0,1.8091603053435115,1.0,21.0,0.0,0.24404761904761904,0.0,12.0,0.0,3.5853658536585367,3.0,21.0,0.0,0.13690476190476192,0.0,4.0,0.0,4.826086956521739,4.0,21.0,0.0,0.5595238095238095,0.0,28.0,0.0,2.1382978723404253,1.0,22.0,0.0,0.23809523809523808,0.0,13.0,0.0,3.675,2.5,22.0,0.0,0.11904761904761904,0.0,4.0,0.0,5.35,4.0,22.0,0.0,0.40476190476190477,0.0,28.0,0.0,2.0441176470588234,1.5,7.0,0.0,0.20238095238095238,0.0,12.0,0.0,3.088235294117647,2.0,7.0,0.0,0.08928571428571429,0.0,3.0,0.0,4.466666666666667,4.0,7.0,0.0
5,2016-01-08 10:09:15,2016-03-08 15:48:19,438,0,8db783e62b266eeb0d0b10dc050a7ca50e96c5d1,7b02df9be3cd9448699b5857586e1c6e2b28c007,438,60 days 05:39:04,60.23546296296296,2016-01-08 11:09:15,2016-03-08 16:48:19,60 days 05:39:04,60.23546296296296,5.4,5.3,0.6241379310344828,0.1413793103448276,0.17413793103448275,0.0603448275862069,0.25689655172413794,5743.555172413793,5783.0,414912.0,0.0,5531.693069306931,5813.0,8420.0,778.0,6077.848066298343,5900.0,9274.0,4959.0,4.432203389830509,1.0,277,1,0.9008264462809917,0.0,33.0,0.0,1.963302752293578,1.0,13.0,0.0,0.34710743801652894,0.0,13.0,0.0,3.5,3.0,13.0,0.0,0.21487603305785125,0.0,8.0,0.0,4.423076923076923,3.5,13.0,0.0,0.5702479338842975,0.0,25.0,0.0,2.463768115942029,2.0,15.0,0.0,0.2975206611570248,0.0,12.0,0.0,3.8055555555555554,3.0,15.0,0.0,0.18181818181818182,0.0,8.0,0.0,4.954545454545454,4.0,15.0,0.0,0.4297520661157025,0.0,27.0,0.0,2.769230769230769,2.0,13.0,0.0,0.2644628099173554,0.0,14.0,0.0,3.875,3.0,13.0,0.0,0.19008264462809918,0.0,8.0,0.0,4.608695652173913,4.0,13.0,0.0
6,2016-03-08 15:48:19,2016-05-02 14:09:29,725,0,7b02df9be3cd9448699b5857586e1c6e2b28c007,5773a4aab0ef6c0de79d3038e82f8a051049d6d0,725,54 days 22:21:10,54.93136574074074,2016-03-08 16:48:19,2016-05-02 16:09:29,54 days 23:21:10,54.97303240740741,5.5,5.4,0.7059585492227979,0.12046632124352331,0.09844559585492228,0.07512953367875648,0.2849740932642487,4016.0880829015546,4471.0,16685.0,0.0,4235.3026315789475,4277.0,8595.0,43.0,4891.590825688073,4598.0,16685.0,1982.0,4.478260869565218,1.0,339,1,0.8562874251497006,0.0,28.0,0.0,2.0,1.0,22.0,0.0,0.3473053892215569,0.0,8.0,0.0,3.4655172413793105,2.5,22.0,0.0,0.17365269461077845,0.0,3.0,0.0,4.931034482758621,3.0,22.0,0.0,0.6167664670658682,0.0,25.0,0.0,2.1844660194174756,1.0,22.0,0.0,0.2754491017964072,0.0,7.0,0.0,3.652173913043478,2.5,22.0,0.0,0.1377245508982036,0.0,3.0,0.0,5.304347826086956,4.0,22.0,0.0,0.47904191616766467,0.0,27.0,0.0,2.5375,2.0,23.0,0.0,0.25748502994011974,0.0,8.0,0.0,3.86046511627907,2.0,23.0,0.0,0.12574850299401197,0.0,3.0,0.0,5.809523809523809,4.0,23.0,0.0
7,2016-05-02 14:09:29,2016-06-01 11:59:09,349,0,5773a4aab0ef6c0de79d3038e82f8a051049d6d0,074f3d1169f9688d15af4aff67e7e672cbeed782,349,29 days 21:49:40,29.90949074074073,2016-05-02 16:09:29,2016-06-01 13:59:09,29 days 21:49:40,29.90949074074073,5.6,5.5,0.6833333333333333,0.1259259259259259,0.07222222222222222,0.11851851851851852,0.34444444444444444,3910.8685185185186,4664.5,10733.0,0.0,4227.333333333333,4578.0,6780.0,359.0,5075.4796747967475,4807.0,10733.0,3997.0,3.789473684210526,1.0,215,1,0.6598639455782312,0.0,11.0,0.0,1.4123711340206186,1.0,9.0,0.0,0.1564625850340136,0.0,2.0,0.0,2.739130434782609,2.0,9.0,0.0,0.047619047619047616,0.0,1.0,0.0,4.428571428571429,3.0,9.0,0.0,0.4489795918367347,0.0,11.0,0.0,1.696969696969697,1.0,9.0,0.0,0.19727891156462585,0.0,2.0,0.0,2.586206896551724,2.0,9.0,0.0,0.061224489795918366,0.0,1.0,0.0,3.888888888888889,3.0,9.0,0.0,0.25170068027210885,0.0,10.0,0.0,1.4594594594594594,1.0,6.0,0.0,0.07482993197278912,0.0,1.0,0.0,2.5454545454545454,2.0,6.0,0.0,0.02040816326530612,0.0,1.0,0.0,4.0,3.0,6.0,0.0
8,2016-06-01 11:59:09,2016-07-25 08:13:12,32,0,074f3d1169f9688d15af4aff67e7e672cbeed782,4f37a3f3b40da4bba953d1ed9a2b0d114869a8ad,32,53 days 20:14:03,53.843090277777776,2016-06-01 13:59:09,2016-07-25 10:13:12,53 days 20:14:03,53.843090277777776,5.6.1,5.6,0.7631578947368421,0.10526315789473684,0.02631578947368421,0.10526315789473684,0.18421052631578946,4646.105263157895,5567.5,7500.0,0.0,4656.0,4656.0,4656.0,4656.0,5727.931034482759,5701.0,7500.0,4635.0,3.1666666666666665,1.0,23,1,0.15384615384615385,0.0,2.0,0.0,2.0,2.0,2.0,0.0,0.15384615384615385,0.0,2.0,0.0,2.0,2.0,2.0,0.0,0.0,0.0,0.0,0.0,0.0,0.0,0.0,0.0,0.07692307692307693,0.0,1.0,0.0,2.0,2.0,2.0,0.0,0.07692307692307693,0.0,1.0,0.0,2.0,2.0,2.0,0.0,0.0,0.0,0.0,0.0,0.0,0.0,0.0,0.0,0.07692307692307693,0.0,1.0,0.0,2.0,2.0,2.0,0.0,0.07692307692307693,0.0,1.0,0.0,2.0,2.0,2.0,0.0,0.0,0.0,0.0,0.0,0.0,0.0,0.0,0.0
9,2016-07-25 08:13:12,2016-09-19 14:34:40,25,0,4f37a3f3b40da4bba953d1ed9a2b0d114869a8ad,9c1c190107023ffca5f67d6d0184ff5371c5347f,25,56 days 06:21:28,56.26490740740741,2016-07-25 10:13:12,2016-09-19 16:34:40,56 days 06:21:28,56.26490740740741,5.6.2,5.6.1,0.6976744186046512,0.046511627906976744,0.16279069767441862,0.09302325581395349,0.4418604651162791,4543.837209302325,5483.0,6744.0,23.0,4664.0,5443.0,6621.0,760.0,5307.9,5582.0,6744.0,1317.0,3.0714285714285716,1.5,19,1,0.5555555555555556,0.0,2.0,0.0,1.9,1.5,5.0,0.0,0.2777777777777778,0.0,1.0,0.0,2.8,2.0,5.0,0.0,0.1111111111111111,0.0,1.0,0.0,4.0,4.0,5.0,0.0,0.3333333333333333,0.0,2.0,0.0,2.5,2.0,6.0,0.0,0.2222222222222222,0.0,1.0,0.0,3.25,2.5,6.0,0.0,0.1111111111111111,0.0,1.0,0.0,4.5,4.5,6.0,0.0,0.16666666666666666,0.0,1.0,0.0,3.3333333333333335,3.0,6.0,0.0,0.1111111111111111,0.0,1.0,0.0,4.5,4.5,6.0,0.0,0.1111111111111111,0.0,1.0,0.0,4.5,4.5,6.0,0.0
10,2016-07-25 08:13:12,2016-08-03 09:19:42,475,0,4f37a3f3b40da4bba953d1ed9a2b0d114869a8ad,8fd98eebd4c693bedae9c2ce45d6edc9ff2830fa,475,9 days 01:06:30,9.046180555555557,2016-07-25 10:13:12,2016-08-03 11:19:42,9 days 01:06:30,9.046180555555557,6.0,5.6.1,0.6523736600306279,0.17917304747320062,0.09188361408882083,0.07656967840735068,0.41500765696784075,4608.163859111792,5458.0,34950.0,0.0,4762.35,5158.0,10009.0,659.0,5938.316901408451,5650.0,14721.0,4148.0,4.752,1.0,242,1,0.9071428571428571,0.0,19.0,0.0,2.047244094488189,1.0,10.0,0.0,0.34285714285714286,0.0,5.0,0.0,3.7708333333333335,3.0,10.0,0.0,0.2,0.0,4.0,0.0,5.035714285714286,4.5,10.0,0.0,0.65,0.0,17.0,0.0,2.1868131868131866,1.0,13.0,0.0,0.29285714285714287,0.0,5.0,0.0,3.6341463414634148,3.0,13.0,0.0,0.15714285714285714,0.0,5.0,0.0,5.045454545454546,3.5,13.0,0.0,0.5285714285714286,0.0,16.0,0.0,2.3783783783783785,1.5,13.0,0.0,0.2642857142857143,0.0,4.0,0.0,3.7567567567567566,3.0,13.0,0.0,0.14285714285714285,0.0,4.0,0.0,5.25,4.0,13.0,0.0
11,2016-09-19 14:34:40,2016-10-03 13:56:53,13,0,9c1c190107023ffca5f67d6d0184ff5371c5347f,a68d912046cfbbe3f9d1493ab53414face1adae2,13,13 days 23:22:13,13.973761574074073,2016-09-19 16:34:40,2016-10-03 15:56:53,13 days 23:22:13,13.973761574074073,5.6.3,5.6.2,0.7,0.15,0.1,0.05,0.25,5501.4,5483.0,10819.0,0.0,4906.0,4906.0,6468.0,3344.0,6927.0,5789.5,10819.0,5152.0,2.5,1.5,9,1,0.25,0.0,1.0,0.0,1.5,1.5,2.0,0.0,0.125,0.0,1.0,0.0,2.0,2.0,2.0,0.0,0.0,0.0,0.0,0.0,0.0,0.0,0.0,0.0,0.125,0.0,1.0,0.0,2.0,2.0,2.0,0.0,0.125,0.0,1.0,0.0,2.0,2.0,2.0,0.0,0.0,0.0,0.0,0.0,0.0,0.0,0.0,0.0,0.125,0.0,1.0,0.0,2.0,2.0,2.0,0.0,0.125,0.0,1.0,0.0,2.0,2.0,2.0,0.0,0.0,0.0,0.0,0.0,0.0,0.0,0.0,0.0
12,2016-10-03 13:56:53,2016-12-12 10:11:54,17,0,a68d912046cfbbe3f9d1493ab53414face1adae2,52298794f1a34a4fd713ff8d441a0c13432e40a9,17,69 days 20:15:01,69.84376157407408,2016-10-03 15:56:53,2016-12-12 11:11:54,69 days 19:15:01,69.80209490740741,5.6.4,5.6.3,0.7777777777777778,0.05555555555555555,0.16666666666666666,0.0,0.16666666666666666,5739.944444444444,5805.0,8304.0,3352.0,5764.333333333333,6955.0,6986.0,3352.0,5845.642857142857,5805.0,8304.0,3898.0,2.5714285714285716,1.0,10,1,0.25,0.0,2.0,0.0,1.0,1.0,1.0,0.0,0.0,0.0,0.0,0.0,0.0,0.0,0.0,0.0,0.0,0.0,0.0,0.0,0.0,0.0,0.0,0.0,0.25,0.0,2.0,0.0,1.0,1.0,1.0,0.0,0.0,0.0,0.0,0.0,0.0,0.0,0.0,0.0,0.0,0.0,0.0,0.0,0.0,0.0,0.0,0.0,0.125,0.0,1.0,0.0,1.0,1.0,1.0,0.0,0.0,0.0,0.0,0.0,0.0,0.0,0.0,0.0,0.0,0.0,0.0,0.0,0.0,0.0,0.0,0.0
13,2016-12-12 10:11:54,2017-01-18 16:19:42,11,0,52298794f1a34a4fd713ff8d441a0c13432e40a9,29a8d73d1b3fb39fd35c777bf07be40873391517,11,37 days 06:07:48,37.25541666666667,2016-12-12 11:11:54,2017-01-18 17:19:42,37 days 06:07:48,37.25541666666667,5.6.5,5.6.4,0.5909090909090909,0.13636363636363635,0.22727272727272727,0.045454545454545456,0.4090909090909091,4685.045454545455,4501.5,10228.0,0.0,6581.8,6413.0,10228.0,3958.0,5021.615384615385,4512.0,7590.0,3862.0,3.142857142857143,2.0,10,1,0.9,1.0,2.0,0.0,1.2222222222222223,1.0,2.0,0.0,0.2,0.0,1.0,0.0,2.0,2.0,2.0,0.0,0.0,0.0,0.0,0.0,0.0,0.0,0.0,0.0,0.4,0.0,2.0,0.0,1.0,1.0,1.0,0.0,0.0,0.0,0.0,0.0,0.0,0.0,0.0,0.0,0.0,0.0,0.0,0.0,0.0,0.0,0.0,0.0,0.2,0.0,2.0,0.0,1.0,1.0,1.0,0.0,0.0,0.0,0.0,0.0,0.0,0.0,0.0,0.0,0.0,0.0,0.0,0.0,0.0,0.0,0.0,0.0
14,2017-01-18 16:19:42,2017-02-16 20:34:26,3,0,29a8d73d1b3fb39fd35c777bf07be40873391517,05221592672b903c703c0424dc77458e615c106d,3,29 days 04:14:44,29.17689814814815,2017-01-18 17:19:42,2017-02-16 21:34:26,29 days 04:14:44,29.17689814814815,5.6.6,5.6.5,0.5714285714285714,0.0,0.14285714285714285,0.2857142857142857,0.42857142857142855,4695.142857142857,5376.0,8122.0,206.0,6600.0,6600.0,6600.0,6600.0,6451.75,6639.0,8122.0,4407.0,1.75,1.5,3,1,0.0,0.0,0.0,0.0,0.0,0.0,0.0,0.0,0.0,0.0,0.0,0.0,0.0,0.0,0.0,0.0,0.0,0.0,0.0,0.0,0.0,0.0,0.0,0.0,0.0,0.0,0.0,0.0,0.0,0.0,0.0,0.0,0.0,0.0,0.0,0.0,0.0,0.0,0.0,0.0,0.0,0.0,0.0,0.0,0.0,0.0,0.0,0.0,0.0,0.0,0.0,0.0,0.0,0.0,0.0,0.0,0.0,0.0,0.0,0.0,0.0,0.0,0.0,0.0,0.0,0.0,0.0,0.0,0.0,0.0,0.0,0.0
15,2017-02-16 20:34:26,2017-09-25 10:46:49,10,0,05221592672b903c703c0424dc77458e615c106d,3de1bdeb3255fedc75885313205143f28aa89e9c,10,220 days 14:12:23,220.5919328703704,2017-02-16 21:34:26,2017-09-25 12:46:49,220 days 15:12:23,220.63359953703704,5.6.7,5.6.6,0.7692307692307693,0.0,0.15384615384615385,0.07692307692307693,0.23076923076923078,5733.461538461538,4568.0,10160.0,446.0,1680.0,1680.0,2914.0,446.0,6101.5,5869.0,8719.0,4056.0,2.6,2.0,7,1,0.3333333333333333,0.0,2.0,0.0,1.0,1.0,1.0,0.0,0.0,0.0,0.0,0.0,0.0,0.0,0.0,0.0,0.0,0.0,0.0,0.0,0.0,0.0,0.0,0.0,0.3333333333333333,0.0,2.0,0.0,1.0,1.0,1.0,0.0,0.0,0.0,0.0,0.0,0.0,0.0,0.0,0.0,0.0,0.0,0.0,0.0,0.0,0.0,0.0,0.0,0.16666666666666666,0.0,1.0,0.0,2.0,2.0,2.0,0.0,0.16666666666666666,0.0,1.0,0.0,2.0,2.0,2.0,0.0,0.0,0.0,0.0,0.0,0.0,0.0,0.0,0.0
16,2016-08-03 09:19:42,2016-10-11 07:02:29,592,0,8fd98eebd4c693bedae9c2ce45d6edc9ff2830fa,442f1a11b2365618f58f3f456a756995a6318225,592,68 days 21:42:47,68.90471064814814,2016-08-03 11:19:42,2016-10-11 09:02:29,68 days 21:42:47,68.90471064814814,6.1,6.0,0.7139874739039666,0.12630480167014613,0.07411273486430063,0.08559498956158663,0.5229645093945721,1603.2265135699374,1561.5,10819.0,0.0,1417.1549295774648,1005.0,6621.0,293.0,2019.7543859649122,1742.0,10819.0,1076.0,3.9649122807017543,2.0,257,1,0.7063291139240506,0.0,243.0,0.0,2.014336917562724,1.0,90.0,0.0,0.2626582278481013,0.0,74.0,0.0,3.727710843373494,2.0,90.0,0.0,0.1240506329113924,0.0,31.0,0.0,5.658163265306122,4.0,90.0,0.0,0.5101265822784811,0.0,230.0,0.0,2.1811414392059554,1.0,89.0,0.0,0.23417721518987342,0.0,79.0,0.0,3.572972972972973,2.0,89.0,0.0,0.10379746835443038,0.0,33.0,0.0,5.548780487804878,4.0,89.0,0.0,0.37911392405063293,0.0,210.0,0.0,2.4006677796327214,2.0,89.0,0.0,0.189873417721519,0.0,82.0,0.0,3.796666666666667,3.0,89.0,0.0,0.09683544303797469,0.0,36.0,0.0,5.522875816993464,4.0,89.0,0.0
17,2016-10-11 07:02:29,2016-11-17 19:45:38,4,0,442f1a11b2365618f58f3f456a756995a6318225,6a70cefe40b1b8127eb4e7ef3436a5c43fe938b4,4,37 days 12:43:09,37.52996527777777,2016-10-11 09:02:29,2016-11-17 20:45:38,37 days 11:43:09,37.48829861111111,6.1.1,6.1,0.75,0.0,0.25,0.0,0.0,1205.25,1168.5,1377.0,1107.0,1123.0,1123.0,1123.0,1123.0,1232.6666666666667,1214.0,1377.0,1107.0,2.0,2.0,3,1,0.0,0.0,0.0,0.0,0.0,0.0,0.0,0.0,0.0,0.0,0.0,0.0,0.0,0.0,0.0,0.0,0.0,0.0,0.0,0.0,0.0,0.0,0.0,0.0,0.0,0.0,0.0,0.0,0.0,0.0,0.0,0.0,0.0,0.0,0.0,0.0,0.0,0.0,0.0,0.0,0.0,0.0,0.0,0.0,0.0,0.0,0.0,0.0,0.0,0.0,0.0,0.0,0.0,0.0,0.0,0.0,0.0,0.0,0.0,0.0,0.0,0.0,0.0,0.0,0.0,0.0,0.0,0.0,0.0,0.0,0.0,0.0
18,2016-11-17 19:45:38,2016-12-13 15:05:23,692,0,6a70cefe40b1b8127eb4e7ef3436a5c43fe938b4,4a28f29f95254b58f3cf0a0871bc632e998403f5,692,25 days 19:19:45,25.805381944444445,2016-11-17 20:45:38,2016-12-13 16:05:23,25 days 19:19:45,25.805381944444445,6.2,6.1.1,0.7380410022779044,0.13211845102505695,0.07972665148063782,0.05011389521640091,0.5671981776765376,1523.1856492027334,1544.0,9277.0,-1.0,1237.4285714285713,1048.0,6955.0,221.0,1850.5817901234568,1678.5,9277.0,862.0,4.355329949238579,1.0,224,1,0.871244635193133,0.0,17.0,0.0,1.645320197044335,1.0,7.0,0.0,0.3261802575107296,0.0,4.0,0.0,2.723684210526316,2.0,7.0,0.0,0.12446351931330472,0.0,2.0,0.0,3.896551724137931,3.0,7.0,0.0,0.6566523605150214,0.0,17.0,0.0,1.9215686274509804,2.0,10.0,0.0,0.33047210300429186,0.0,4.0,0.0,2.831168831168831,2.0,10.0,0.0,0.12875536480686695,0.0,2.0,0.0,4.133333333333334,3.0,10.0,0.0,0.463519313304721,0.0,14.0,0.0,1.962962962962963,2.0,9.0,0.0,0.2532188841201717,0.0,5.0,0.0,2.76271186440678,2.0,9.0,0.0,0.10300429184549356,0.0,2.0,0.0,3.875,3.0,9.0,0.0
19,2016-12-13 15:05:23,2017-03-14 09:12:39,1015,0,4a28f29f95254b58f3cf0a0871bc632e998403f5,43ea4f4c43aa89d4c435017f86d0da254e115e6b,1015,90 days 18:07:16,90.75504629629627,2016-12-13 16:05:23,2017-03-14 10:12:39,90 days 18:07:16,90.75504629629627,6.3,6.2,0.6958725561187545,0.1223750905141202,0.11368573497465605,0.06806661839246922,0.6053584359160029,1158.3417813178855,1375.0,3280.0,-114271.0,948.5987261146497,821.0,2602.0,83.0,1568.3683662851197,1513.0,3062.0,484.0,4.3841269841269845,2.0,362,1,0.8578431372549019,0.0,32.0,0.0,2.0685714285714285,1.0,12.0,0.0,0.40441176470588236,0.0,10.0,0.0,3.2666666666666666,2.0,12.0,0.0,0.19852941176470587,0.0,5.0,0.0,4.580246913580247,4.0,12.0,0.0,0.5931372549019608,0.0,29.0,0.0,2.227272727272727,2.0,13.0,0.0,0.3137254901960784,0.0,11.0,0.0,3.3203125,3.0,13.0,0.0,0.17401960784313725,0.0,4.0,0.0,4.380281690140845,3.0,13.0,0.0,0.43137254901960786,0.0,29.0,0.0,2.5568181818181817,2.0,13.0,0.0,0.24019607843137256,0.0,11.0,0.0,3.795918367346939,3.0,13.0,0.0,0.13970588235294118,0.0,3.0,0.0,5.087719298245614,4.0,13.0,0.0
20,2017-03-14 09:12:39,2017-04-11 12:44:29,11,0,43ea4f4c43aa89d4c435017f86d0da254e115e6b,54be39f47d188340b14d4d9236bbf3d43b1db2ae,11,28 days 03:31:50,28.14710648148149,2017-03-14 10:12:39,2017-04-11 14:44:46,28 days 04:32:07,28.18896990740741,6.3.1,6.3,0.8333333333333334,0.041666666666666664,0.125,0.0,0.4583333333333333,1320.6666666666667,1336.0,2757.0,0.0,705.6666666666666,684.0,780.0,653.0,1478.95,1371.0,2757.0,943.0,2.6666666666666665,2.0,7,1,0.5,0.5,1.0,0.0,1.2,1.0,2.0,0.0,0.1,0.0,1.0,0.0,2.0,2.0,2.0,0.0,0.0,0.0,0.0,0.0,0.0,0.0,0.0,0.0,0.5,0.5,1.0,0.0,1.2,1.0,2.0,0.0,0.1,0.0,1.0,0.0,2.0,2.0,2.0,0.0,0.0,0.0,0.0,0.0,0.0,0.0,0.0,0.0,0.0,0.0,0.0,0.0,0.0,0.0,0.0,0.0,0.0,0.0,0.0,0.0,0.0,0.0,0.0,0.0,0.0,0.0,0.0,0.0,0.0,0.0,0.0,0.0
21,2017-04-11 12:44:29,2017-04-24 08:51:14,7,0,54be39f47d188340b14d4d9236bbf3d43b1db2ae,84ad17dd4e53eae1221d1af96fb45d8997f2e2fa,7,12 days 20:06:45,12.838020833333333,2017-04-11 14:44:46,2017-04-24 10:51:14,12 days 20:06:28,12.837824074074076,6.3.2,6.3.1,0.8461538461538461,0.07692307692307693,0.07692307692307693,0.0,0.6153846153846154,1301.3846153846155,1295.0,2165.0,125.0,1072.0,1072.0,1072.0,1072.0,1429.1818181818182,1365.0,2165.0,1222.0,4.333333333333333,4.0,8,1,0.75,1.0,1.0,0.0,1.0,1.0,1.0,0.0,0.0,0.0,0.0,0.0,0.0,0.0,0.0,0.0,0.0,0.0,0.0,0.0,0.0,0.0,0.0,0.0,0.75,1.0,1.0,0.0,1.0,1.0,1.0,0.0,0.0,0.0,0.0,0.0,0.0,0.0,0.0,0.0,0.0,0.0,0.0,0.0,0.0,0.0,0.0,0.0,0.75,1.0,1.0,0.0,1.0,1.0,1.0,0.0,0.0,0.0,0.0,0.0,0.0,0.0,0.0,0.0,0.0,0.0,0.0,0.0,0.0,0.0,0.0,0.0
22,2017-04-24 08:51:14,2017-06-02 08:32:25,1036,0,84ad17dd4e53eae1221d1af96fb45d8997f2e2fa,ad64a17b531c0e1f6fef0ce7e4d0d0b060977754,1036,38 days 23:41:11,38.98693287037037,2017-04-24 10:51:14,2017-06-02 10:32:25,38 days 23:41:11,38.98693287037037,6.4,6.3.2,0.7459177008491182,0.09666884389288047,0.12214239059438275,0.03527106466361855,0.7041149575440888,1120.5035924232527,1357.0,3187.0,-218596.0,958.6363636363636,872.0,2560.0,267.0,1564.1584938704027,1450.5,3109.0,831.0,5.069536423841059,2.0,354,1,0.7701981707317073,0.0,312.0,0.0,2.016328550222662,1.0,101.0,0.0,0.30373475609756095,0.0,95.0,0.0,3.577164366373902,2.0,101.0,0.0,0.14596036585365854,0.0,38.0,0.0,5.281984334203655,4.0,101.0,0.0,0.5472560975609756,0.0,298.0,0.0,2.1413649025069637,1.0,89.0,0.0,0.2541920731707317,0.0,100.0,0.0,3.457271364317841,2.0,89.0,0.0,0.11890243902439024,0.0,41.0,0.0,5.115384615384615,4.0,89.0,0.0,0.4024390243902439,0.0,275.0,0.0,2.4176136363636362,2.0,102.0,0.0,0.20388719512195122,0.0,107.0,0.0,3.798130841121495,3.0,102.0,0.0,0.10861280487804878,0.0,45.0,0.0,5.375438596491228,4.0,102.0,0.0
23,2017-06-02 08:32:25,2017-08-01 11:58:54,413,0,ad64a17b531c0e1f6fef0ce7e4d0d0b060977754,ef2ca5b33e5795b841d45e0b20fef3cb90391719,413,60 days 03:26:29,60.1433912037037,2017-06-02 10:32:25,2017-08-01 13:58:54,60 days 03:26:29,60.1433912037037,6.5,6.4,0.76,0.07571428571428572,0.11428571428571428,0.05,0.7385714285714285,1071.142857142857,1060.0,4679.0,0.0,786.8125,796.0,2144.0,209.0,1223.234962406015,1120.0,3209.0,785.0,5.637096774193548,2.0,120,1,0.9026217228464419,1.0,11.0,0.0,3.95850622406639,2.0,64.0,0.0,0.5131086142322098,0.0,6.0,0.0,6.204379562043796,4.0,64.0,0.0,0.33707865168539325,0.0,4.0,0.0,8.4,5.0,64.0,0.0,0.4868913857677903,0.0,10.0,0.0,3.9153846153846152,2.0,64.0,0.0,0.24719101123595505,0.0,6.0,0.0,6.742424242424242,3.0,64.0,0.0,0.15355805243445692,0.0,4.0,0.0,9.634146341463415,5.0,64.0,0.0,0.35580524344569286,0.0,8.0,0.0,3.473684210526316,1.0,40.0,0.0,0.17228464419475656,0.0,6.0,0.0,6.108695652173913,3.0,40.0,0.0,0.1198501872659176,0.0,5.0,0.0,7.90625,4.5,40.0,0.0
24,2017-08-01 11:58:54,2017-10-20 12:09:25,1055,0,ef2ca5b33e5795b841d45e0b20fef3cb90391719,353296630a2d150f48c76183e82188dfcaa42df0,1055,80 days 00:10:31,80.00730324074074,2017-08-01 13:58:54,2017-10-20 14:09:25,80 days 00:10:31,80.00730324074074,6.6,6.5,0.7779632721202003,0.08096828046744574,0.11686143572621036,0.024207011686143573,0.7312186978297162,1033.8906510851418,1047.5,4392.0,0.0,684.6857142857143,677.0,1347.0,173.0,1183.8884120171674,1113.0,2333.0,725.0,5.598130841121495,2.0,254,1,0.785472972972973,1.0,9.0,0.0,3.713978494623656,2.0,109.0,0.0,0.4391891891891892,0.0,3.0,0.0,5.8538461538461535,3.0,109.0,0.0,0.28378378378378377,0.0,3.0,0.0,7.964285714285714,5.0,109.0,0.0,0.3969594594594595,0.0,9.0,0.0,3.0595744680851062,2.0,24.0,0.0,0.20270270270270271,0.0,3.0,0.0,5.033333333333333,3.0,24.0,0.0,0.13513513513513514,0.0,2.0,0.0,6.55,4.0,24.0,0.0,0.23648648648648649,0.0,7.0,0.0,3.0785714285714287,1.5,36.0,0.0,0.11824324324324324,0.0,4.0,0.0,5.1571428571428575,3.0,36.0,0.0,0.06925675675675676,0.0,2.0,0.0,7.390243902439025,4.0,36.0,0.0
25,2017-10-20 12:09:25,2017-11-07 15:03:37,373,0,353296630a2d150f48c76183e82188dfcaa42df0,5d031d9d2ac3f69b4b9bc600d50563b1886c7d8b,373,18 days 02:54:12,18.12097222222221,2017-10-20 14:09:25,2017-11-07 16:03:37,18 days 01:54:12,18.079305555555557,6.7,6.6,0.8021505376344086,0.09462365591397849,0.08817204301075268,0.015053763440860216,0.7053763440860215,1226.7978494623655,1322.0,2934.0,0.0,692.3170731707318,564.0,1577.0,215.0,1395.6890080428955,1362.0,2934.0,832.0,4.471153846153846,2.0,102,1,0.6517857142857143,0.0,9.0,0.0,3.410958904109589,2.0,42.0,0.0,0.3705357142857143,0.0,3.0,0.0,5.240963855421687,4.0,42.0,0.0,0.26339285714285715,0.0,2.0,0.0,6.559322033898305,5.0,42.0,0.0,0.32142857142857145,0.0,7.0,0.0,3.1666666666666665,1.0,42.0,0.0,0.15625,0.0,2.0,0.0,5.457142857142857,3.0,42.0,0.0,0.11160714285714286,0.0,2.0,0.0,6.84,4.0,42.0,0.0,0.24107142857142858,0.0,8.0,0.0,3.0925925925925926,2.0,22.0,0.0,0.125,0.0,4.0,0.0,5.035714285714286,3.0,22.0,0.0,0.08482142857142858,0.0,2.0,0.0,6.473684210526316,4.0,22.0,0.0
26,2017-11-07 15:03:37,2017-12-20 16:32:02,25,0,5d031d9d2ac3f69b4b9bc600d50563b1886c7d8b,426519346f51f7b980a76f9050f983110550509d,25,43 days 01:28:25,43.06140046296297,2017-11-07 16:03:37,2017-12-20 17:32:02,43 days 01:28:25,43.06140046296297,6.7.1,6.7,0.8305084745762712,0.0847457627118644,0.05084745762711865,0.03389830508474576,0.6271186440677966,1297.135593220339,1405.0,2336.0,0.0,769.0,579.0,1547.0,181.0,1425.857142857143,1430.0,1743.0,910.0,3.933333333333333,1.0,20,1,0.2222222222222222,0.0,2.0,0.0,1.6666666666666667,1.5,3.0,0.0,0.1111111111111111,0.0,1.0,0.0,2.3333333333333335,2.0,3.0,0.0,0.037037037037037035,0.0,1.0,0.0,3.0,3.0,3.0,0.0,0.18518518518518517,0.0,2.0,0.0,1.8,2.0,3.0,0.0,0.1111111111111111,0.0,1.0,0.0,2.3333333333333335,2.0,3.0,0.0,0.037037037037037035,0.0,1.0,0.0,3.0,3.0,3.0,0.0,0.14814814814814814,0.0,2.0,0.0,1.5,1.5,2.0,0.0,0.07407407407407407,0.0,1.0,0.0,2.0,2.0,2.0,0.0,0.0,0.0,0.0,0.0,0.0,0.0,0.0,0.0
27,2017-12-20 16:32:02,2018-02-22 16:56:57,30,0,426519346f51f7b980a76f9050f983110550509d,e3ae3ad6546d35ab9eb7c244352a58eea0a2f124,30,64 days 00:24:55,64.01730324074074,2017-12-20 17:32:02,2018-02-22 17:56:57,64 days 00:24:55,64.01730324074074,6.7.2,6.7.1,0.8524590163934426,0.06557377049180328,0.08196721311475409,0.0,0.5737704918032787,1391.5573770491803,1577.0,2304.0,0.0,414.0,388.0,506.0,315.0,1587.826923076923,1629.0,2304.0,239.0,3.388888888888889,2.0,21,1,0.3235294117647059,0.0,2.0,0.0,1.3636363636363635,1.0,4.0,0.0,0.058823529411764705,0.0,1.0,0.0,3.0,3.0,4.0,0.0,0.029411764705882353,0.0,1.0,0.0,4.0,4.0,4.0,0.0,0.20588235294117646,0.0,1.0,0.0,2.0,2.0,4.0,0.0,0.14705882352941177,0.0,1.0,0.0,2.4,2.0,4.0,0.0,0.029411764705882353,0.0,1.0,0.0,4.0,4.0,4.0,0.0,0.14705882352941177,0.0,1.0,0.0,2.0,2.0,4.0,0.0,0.08823529411764706,0.0,1.0,0.0,2.6666666666666665,2.0,4.0,0.0,0.029411764705882353,0.0,1.0,0.0,4.0,4.0,4.0,0.0
28,2017-12-20 16:32:02,2018-02-02 12:20:31,426,0,426519346f51f7b980a76f9050f983110550509d,3b827a9a9a4b133c9fbe168aec8db44d78efeaeb,426,43 days 19:48:29,43.82533564814815,2017-12-20 17:32:02,2018-02-02 13:20:31,43 days 19:48:29,43.82533564814815,7.0,6.7.1,0.8092948717948718,0.05448717948717949,0.1266025641025641,0.009615384615384616,0.7211538461538461,1202.128205128205,1312.0,2627.0,0.0,728.1898734177215,751.0,1414.0,48.0,1356.0633663366336,1353.0,2627.0,93.0,5.426086956521739,2.0,128,1,0.6292517006802721,0.0,6.0,0.0,2.6594594594594594,1.0,34.0,0.0,0.2755102040816326,0.0,3.0,0.0,4.790123456790123,3.0,34.0,0.0,0.18027210884353742,0.0,3.0,0.0,6.264150943396227,4.0,34.0,0.0,0.4489795918367347,0.0,5.0,0.0,2.606060606060606,1.0,34.0,0.0,0.21428571428571427,0.0,2.0,0.0,4.365079365079365,3.0,34.0,0.0,0.12585034013605442,0.0,2.0,0.0,6.027027027027027,4.0,34.0,0.0,0.35714285714285715,0.0,5.0,0.0,2.961904761904762,1.0,34.0,0.0,0.17687074829931973,0.0,2.0,0.0,4.961538461538462,3.0,34.0,0.0,0.12585034013605442,0.0,2.0,0.0,6.162162162162162,4.0,34.0,0.0
29,2018-02-22 16:56:57,2018-04-06 14:12:21,15,0,e3ae3ad6546d35ab9eb7c244352a58eea0a2f124,baa823c2ae6ed4dd406b2ef12bc5ac6201e466f9,15,42 days 21:15:24,42.885694444444454,2018-02-22 17:56:57,2018-04-06 16:12:21,42 days 22:15:24,42.92736111111111,6.7.3,6.7.2,0.8823529411764706,0.0,0.08823529411764706,0.029411764705882353,0.6470588235294118,1174.8529411764705,1059.0,2292.0,53.0,936.0,928.0,963.0,917.0,1236.1333333333334,1142.0,2292.0,207.0,3.4,2.0,10,1,0.23529411764705882,0.0,1.0,0.0,1.25,1.0,2.0,0.0,0.058823529411764705,0.0,1.0,0.0,2.0,2.0,2.0,0.0,0.0,0.0,0.0,0.0,0.0,0.0,0.0,0.0,0.11764705882352941,0.0,1.0,0.0,1.5,1.5,2.0,0.0,0.058823529411764705,0.0,1.0,0.0,2.0,2.0,2.0,0.0,0.0,0.0,0.0,0.0,0.0,0.0,0.0,0.0,0.058823529411764705,0.0,1.0,0.0,1.0,1.0,1.0,0.0,0.0,0.0,0.0,0.0,0.0,0.0,0.0,0.0,0.0,0.0,0.0,0.0,0.0,0.0,0.0,0.0
30,2018-04-06 14:12:21,2018-05-30 07:23:04,20,0,baa823c2ae6ed4dd406b2ef12bc5ac6201e466f9,b62b59da1adf991c41ed0730684f813d4116f6cc,20,53 days 17:10:43,53.71577546296298,2018-04-06 16:12:21,2018-05-30 09:23:04,53 days 17:10:43,53.71577546296298,6.7.4,6.7.3,0.8666666666666667,0.0,0.13333333333333333,0.0,0.3,1071.6666666666667,1080.0,1515.0,204.0,391.25,403.5,554.0,204.0,1176.3461538461538,1163.5,1515.0,845.0,3.3333333333333335,1.0,18,1,0.26666666666666666,0.0,3.0,0.0,1.25,1.0,2.0,0.0,0.06666666666666667,0.0,1.0,0.0,2.0,2.0,2.0,0.0,0.0,0.0,0.0,0.0,0.0,0.0,0.0,0.0,0.26666666666666666,0.0,3.0,0.0,1.25,1.0,2.0,0.0,0.06666666666666667,0.0,1.0,0.0,2.0,2.0,2.0,0.0,0.0,0.0,0.0,0.0,0.0,0.0,0.0,0.0,0.26666666666666666,0.0,3.0,0.0,1.25,1.0,2.0,0.0,0.06666666666666667,0.0,1.0,0.0,2.0,2.0,2.0,0.0,0.0,0.0,0.0,0.0,0.0,0.0,0.0,0.0
31,2018-05-30 07:23:04,2018-08-06 10:17:09,27,0,b62b59da1adf991c41ed0730684f813d4116f6cc,ec8ab77fa180a9edaf664075e8e76ae0b4a2d9f1,27,68 days 02:54:05,68.12089120370369,2018-05-30 09:23:04,2018-08-06 12:17:09,68 days 02:54:05,68.12089120370369,6.7.5,6.7.4,0.7222222222222222,0.027777777777777776,0.16666666666666666,0.08333333333333333,0.5277777777777778,875.4166666666666,958.5,1524.0,52.0,475.1666666666667,311.0,1325.0,68.0,1085.8461538461538,1012.0,1524.0,850.0,3.0,2.0,11,1,0.3333333333333333,0.0,1.0,0.0,1.0,1.0,1.0,0.0,0.0,0.0,0.0,0.0,0.0,0.0,0.0,0.0,0.0,0.0,0.0,0.0,0.0,0.0,0.0,0.0,0.2,0.0,1.0,0.0,1.0,1.0,1.0,0.0,0.0,0.0,0.0,0.0,0.0,0.0,0.0,0.0,0.0,0.0,0.0,0.0,0.0,0.0,0.0,0.0,0.13333333333333333,0.0,1.0,0.0,1.0,1.0,1.0,0.0,0.0,0.0,0.0,0.0,0.0,0.0,0.0,0.0,0.0,0.0,0.0,0.0,0.0,0.0,0.0,0.0
32,2018-08-06 10:17:09,2018-11-19 15:51:14,16,0,ec8ab77fa180a9edaf664075e8e76ae0b4a2d9f1,302f75de1ec5df6e983970f3c76b86ee02b1cd26,16,105 days 05:34:05,105.23200231481482,2018-08-06 12:17:09,2018-11-19 17:49:11,105 days 05:32:02,105.23057870370373,6.7.6,6.7.5,0.7058823529411765,0.11764705882352941,0.17647058823529413,0.0,0.5294117647058824,832.2352941176471,940.0,1527.0,0.0,485.5,343.5,826.0,288.0,1038.375,990.0,1527.0,93.0,4.25,1.0,12,1,0.6363636363636364,1.0,2.0,0.0,1.8571428571428572,1.0,4.0,0.0,0.2727272727272727,0.0,1.0,0.0,3.0,3.0,4.0,0.0,0.18181818181818182,0.0,1.0,0.0,3.5,3.5,4.0,0.0,0.5454545454545454,0.0,2.0,0.0,1.8333333333333333,1.0,4.0,0.0,0.18181818181818182,0.0,1.0,0.0,3.5,3.5,4.0,0.0,0.18181818181818182,0.0,1.0,0.0,3.5,3.5,4.0,0.0,0.45454545454545453,0.0,2.0,0.0,1.4,1.0,3.0,0.0,0.09090909090909091,0.0,1.0,0.0,3.0,3.0,3.0,0.0,0.09090909090909091,0.0,1.0,0.0,3.0,3.0,3.0,0.0
33,2018-11-19 15:51:14,2019-04-16 15:38:04,12,0,302f75de1ec5df6e983970f3c76b86ee02b1cd26,4aa6d928f960303eb990d50c275513a517c85e69,12,147 days 23:46:50,147.99085648148147,2018-11-19 17:49:11,2019-04-16 17:38:04,147 days 23:48:53,147.9922800925926,6.7.7,6.7.6,0.6666666666666666,0.1111111111111111,0.14814814814814814,0.07407407407407407,0.6296296296296297,1125.5925925925926,1117.0,2323.0,229.0,586.0,491.0,1133.0,229.0,1315.0,1260.0,2323.0,912.0,3.857142857142857,1.0,13,1,0.16666666666666666,0.0,2.0,0.0,4.0,4.0,7.0,0.0,0.08333333333333333,0.0,1.0,0.0,7.0,7.0,7.0,0.0,0.08333333333333333,0.0,1.0,0.0,7.0,7.0,7.0,0.0,0.16666666666666666,0.0,2.0,0.0,4.0,4.0,7.0,0.0,0.08333333333333333,0.0,1.0,0.0,7.0,7.0,7.0,0.0,0.08333333333333333,0.0,1.0,0.0,7.0,7.0,7.0,0.0,0.08333333333333333,0.0,1.0,0.0,1.0,1.0,1.0,0.0,0.0,0.0,0.0,0.0,0.0,0.0,0.0,0.0,0.0,0.0,0.0,0.0,0.0,0.0,0.0,0.0
34,2018-02-02 12:20:31,2018-03-23 20:20:52,315,0,3b827a9a9a4b133c9fbe168aec8db44d78efeaeb,ecdde3879059a41f229782061bdad49677dd63f8,315,49 days 08:00:21,49.33357638888889,2018-02-02 13:20:31,2018-03-23 20:20:52,49 days 07:00:21,49.29190972222222,7.1,7.0,0.8326585695006747,0.04183535762483131,0.11605937921727395,0.009446693657219974,0.7435897435897436,1374.4021592442646,1430.0,8581.0,0.0,870.3837209302326,800.0,1692.0,53.0,1513.354943273906,1495.0,8581.0,102.0,6.736363636363636,3.0,114,1,0.608843537414966,0.0,11.0,0.0,1.9776536312849162,1.0,19.0,0.0,0.22789115646258504,0.0,7.0,0.0,3.611940298507463,3.0,19.0,0.0,0.11564625850340136,0.0,5.0,0.0,5.176470588235294,4.0,19.0,0.0,0.4931972789115646,0.0,8.0,0.0,2.2413793103448274,1.0,21.0,0.0,0.22448979591836735,0.0,6.0,0.0,3.727272727272727,2.0,21.0,0.0,0.10884353741496598,0.0,4.0,0.0,5.5625,4.0,21.0,0.0,0.4523809523809524,0.0,8.0,0.0,2.3609022556390977,1.0,36.0,0.0,0.2108843537414966,0.0,6.0,0.0,3.9193548387096775,2.0,36.0,0.0,0.10204081632653061,0.0,3.0,0.0,5.966666666666667,4.0,36.0,0.0
35,2018-03-23 20:20:52,2018-06-13 20:20:50,500,0,ecdde3879059a41f229782061bdad49677dd63f8,d7828ea4d821aaceedd431004c83a196cea8b38a,500,81 days 23:59:58,81.99997685185187,2018-03-23 20:20:52,2018-06-13 20:20:50,81 days 23:59:58,81.99997685185187,7.2,7.1,0.7586206896551724,0.0,0.2413793103448276,0.0,0.0,1160.5172413793102,1232.5,1636.0,337.0,784.0714285714286,655.0,1361.0,337.0,1280.2954545454545,1279.0,1636.0,959.0,58.0,58.0,58,58,1.0,1.0,2.0,0.0,4.666666666666667,6.0,7.0,0.0,0.6666666666666666,0.0,2.0,0.0,6.5,6.5,7.0,0.0,0.6666666666666666,0.0,2.0,0.0,6.5,6.5,7.0,0.0,1.0,1.0,2.0,0.0,4.666666666666667,6.0,7.0,0.0,0.6666666666666666,0.0,2.0,0.0,6.5,6.5,7.0,0.0,0.6666666666666666,0.0,2.0,0.0,6.5,6.5,7.0,0.0,0.6666666666666666,0.0,2.0,0.0,6.5,6.5,7.0,0.0,0.6666666666666666,0.0,2.0,0.0,6.5,6.5,7.0,0.0,0.6666666666666666,0.0,2.0,0.0,6.5,6.5,7.0,0.0
36,2018-06-13 20:20:50,2018-07-20 20:21:18,228,0,d7828ea4d821aaceedd431004c83a196cea8b38a,87c1e3d93bf8a583932c11d4e1b740e91f80ffa0,228,37 days 00:00:28,37.000324074074065,2018-06-13 20:20:50,2018-07-20 20:21:18,37 days 00:00:28,37.000324074074065,7.3,7.2,0.8421052631578947,0.0,0.15789473684210525,0.0,0.0,1213.3157894736842,1323.0,1447.0,498.0,553.6666666666666,561.0,602.0,498.0,1337.0,1346.0,1447.0,1201.0,19.0,19.0,19,19,1.0,1.0,1.0,1.0,2.0,2.0,2.0,0.0,1.0,1.0,1.0,1.0,2.0,2.0,2.0,0.0,0.0,0.0,0.0,0.0,0.0,0.0,0.0,0.0,0.0,0.0,0.0,0.0,0.0,0.0,0.0,0.0,0.0,0.0,0.0,0.0,0.0,0.0,0.0,0.0,0.0,0.0,0.0,0.0,0.0,0.0,0.0,0.0,0.0,0.0,0.0,0.0,0.0,0.0,0.0,0.0,0.0,0.0,0.0,0.0,0.0,0.0,0.0,0.0,0.0,0.0,0.0,0.0,0.0,0.0,0.0,0.0
37,2018-07-20 20:21:18,2018-08-03 20:21:25,101,0,87c1e3d93bf8a583932c11d4e1b740e91f80ffa0,86937350807da2beb38dcd4216eafea0009fb99f,101,14 days 00:00:07,14.000081018518514,2018-07-20 20:21:18,2018-08-03 20:21:25,14 days 00:00:07,14.000081018518514,7.4,7.3,1.0,0.0,0.0,0.0,0.0,1343.090909090909,1339.0,1529.0,1146.0,,,,,1343.090909090909,1339.0,1529.0,1146.0,11.0,11.0,11,11,0.0,0.0,0.0,0.0,0.0,0.0,0.0,0.0,0.0,0.0,0.0,0.0,0.0,0.0,0.0,0.0,0.0,0.0,0.0,0.0,0.0,0.0,0.0,0.0,0.0,0.0,0.0,0.0,0.0,0.0,0.0,0.0,0.0,0.0,0.0,0.0,0.0,0.0,0.0,0.0,0.0,0.0,0.0,0.0,0.0,0.0,0.0,0.0,0.0,0.0,0.0,0.0,0.0,0.0,0.0,0.0,0.0,0.0,0.0,0.0,0.0,0.0,0.0,0.0,0.0,0.0,0.0,0.0,0.0,0.0,0.0,0.0
38,2018-08-03 20:21:25,2018-12-18 09:56:40,657,0,86937350807da2beb38dcd4216eafea0009fb99f,cb851ba202973bd468e070572c1e3b0b0437d2f4,657,136 days 13:35:15,136.56614583333334,2018-08-03 20:21:25,2018-12-20 11:41:48,138 days 15:20:23,138.6391550925926,7.5,7.4,0.8846153846153846,0.0,0.10256410256410256,0.01282051282051282,0.0,1577.9102564102564,1770.0,2789.0,44.0,919.0,1086.0,1229.0,188.0,1676.536231884058,1822.0,2789.0,1181.0,39.0,39.0,77,1,3.0,3.0,6.0,0.0,1.3333333333333333,1.0,3.0,0.0,0.5,0.5,1.0,0.0,3.0,3.0,3.0,0.0,0.5,0.5,1.0,0.0,3.0,3.0,3.0,0.0,3.0,3.0,6.0,0.0,1.3333333333333333,1.0,3.0,0.0,0.5,0.5,1.0,0.0,3.0,3.0,3.0,0.0,0.5,0.5,1.0,0.0,3.0,3.0,3.0,0.0,3.0,3.0,6.0,0.0,1.3333333333333333,1.0,3.0,0.0,0.5,0.5,1.0,0.0,3.0,3.0,3.0,0.0,0.5,0.5,1.0,0.0,3.0,3.0,3.0,0.0
39,2018-12-18 09:56:40,2019-01-21 15:04:13,243,0,cb851ba202973bd468e070572c1e3b0b0437d2f4,c2edd480f08c8a692757df5ce6c89cddb566b666,243,34 days 05:07:33,34.21357638888889,2018-12-20 11:41:48,2019-01-21 20:21:01,32 days 08:39:13,32.36056712962963,7.6,7.5,0.8235294117647058,0.0,0.17647058823529413,0.0,0.0,1963.5294117647059,1983.0,3202.0,900.0,1154.6666666666667,1041.0,1523.0,900.0,2136.8571428571427,1995.0,3202.0,1919.0,8.5,8.5,16,1,0.5,0.5,1.0,0.0,1.0,1.0,1.0,0.0,0.0,0.0,0.0,0.0,0.0,0.0,0.0,0.0,0.0,0.0,0.0,0.0,0.0,0.0,0.0,0.0,0.5,0.5,1.0,0.0,1.0,1.0,1.0,0.0,0.0,0.0,0.0,0.0,0.0,0.0,0.0,0.0,0.0,0.0,0.0,0.0,0.0,0.0,0.0,0.0,0.5,0.5,1.0,0.0,1.0,1.0,1.0,0.0,0.0,0.0,0.0,0.0,0.0,0.0,0.0,0.0,0.0,0.0,0.0,0.0,0.0,0.0,0.0,0.0
40,2019-01-21 15:04:13,2019-03-19 16:29:12,236,0,c2edd480f08c8a692757df5ce6c89cddb566b666,69bc562d207053ef21afd12c8bc9c5217b50227a,236,57 days 01:24:59,57.0590162037037,2019-01-21 20:21:01,2019-03-20 16:29:54,57 days 20:08:53,57.83950231481482,7.7,7.6,0.8787878787878788,0.0,0.09090909090909091,0.030303030303030304,0.030303030303030304,2073.4848484848485,2046.0,3445.0,418.0,1140.3333333333333,1224.0,1779.0,418.0,2122.7241379310344,2054.0,2594.0,1855.0,11.0,1.0,31,1,0.75,0.0,3.0,0.0,1.0,1.0,1.0,0.0,0.0,0.0,0.0,0.0,0.0,0.0,0.0,0.0,0.0,0.0,0.0,0.0,0.0,0.0,0.0,0.0,0.75,0.0,3.0,0.0,1.0,1.0,1.0,0.0,0.0,0.0,0.0,0.0,0.0,0.0,0.0,0.0,0.0,0.0,0.0,0.0,0.0,0.0,0.0,0.0,0.75,0.0,3.0,0.0,1.0,1.0,1.0,0.0,0.0,0.0,0.0,0.0,0.0,0.0,0.0,0.0,0.0,0.0,0.0,0.0,0.0,0.0,0.0,0.0
41,2019-03-19 16:29:12,2019-06-18 09:08:04,509,0,69bc562d207053ef21afd12c8bc9c5217b50227a,870ae4efbf5dcdbe59295eb5827b55a6a74c7b89,509,90 days 16:38:52,90.6936574074074,2019-03-20 16:29:54,2019-06-18 20:21:07,90 days 03:51:13,90.16056712962965,7.8,7.7,0.75,0.0,0.25,0.0,0.0,1617.8125,1799.5,2779.0,219.0,805.375,675.0,2566.0,219.0,1888.625,1922.5,2779.0,1309.0,21.333333333333332,1.0,62,1,1.6666666666666667,0.0,5.0,0.0,2.8,1.0,6.0,0.0,0.6666666666666666,0.0,2.0,0.0,5.5,5.5,6.0,0.0,0.6666666666666666,0.0,2.0,0.0,5.5,5.5,6.0,0.0,1.6666666666666667,0.0,5.0,0.0,2.8,1.0,6.0,0.0,0.6666666666666666,0.0,2.0,0.0,5.5,5.5,6.0,0.0,0.6666666666666666,0.0,2.0,0.0,5.5,5.5,6.0,0.0,1.3333333333333333,0.0,4.0,0.0,3.5,3.5,6.0,0.0,1.0,0.0,3.0,0.0,4.333333333333333,5.0,6.0,0.0,0.6666666666666666,0.0,2.0,0.0,5.5,5.5,6.0,0.0
42,2019-06-18 09:08:04,2019-07-01 07:56:26,141,0,870ae4efbf5dcdbe59295eb5827b55a6a74c7b89,6502ec4ffee7e5a57498baaf330b80eb490d01c2,141,12 days 22:48:22,12.950254629629633,2019-06-18 20:21:07,2019-10-17 15:24:45,120 days 19:03:38,120.7941898148148,7.9,7.8,0.375,0.0,0.375,0.25,0.0,1337.375,1285.5,2419.0,37.0,1235.0,1203.0,1368.0,1134.0,2187.0,2158.0,2419.0,1984.0,2.6666666666666665,2.0,5,1,0.6666666666666666,1.0,1.0,0.0,1.0,1.0,1.0,0.0,0.0,0.0,0.0,0.0,0.0,0.0,0.0,0.0,0.0,0.0,0.0,0.0,0.0,0.0,0.0,0.0,0.3333333333333333,0.0,1.0,0.0,1.0,1.0,1.0,0.0,0.0,0.0,0.0,0.0,0.0,0.0,0.0,0.0,0.0,0.0,0.0,0.0,0.0,0.0,0.0,0.0,0.3333333333333333,0.0,1.0,0.0,1.0,1.0,1.0,0.0,0.0,0.0,0.0,0.0,0.0,0.0,0.0,0.0,0.0,0.0,0.0,0.0,0.0,0.0,0.0,0.0
43,2019-07-01 07:56:26,2019-07-10 12:20:33,17,0,6502ec4ffee7e5a57498baaf330b80eb490d01c2,6818fad17ba67e97d395a8488d5412e00892d5e1,17,9 days 04:24:07,9.183414351851852,2019-10-17 15:24:45,2019-10-17 15:24:48,0 days 00:00:03,3.472222222222222e-05,7.9.1,7.9,0.0,0.0,0.0,1.0,0.0,1187.0,1187.0,1187.0,1187.0,,,,,,,,,1.0,1.0,1,1,0.0,0.0,0.0,0.0,0.0,0.0,0.0,0.0,0.0,0.0,0.0,0.0,0.0,0.0,0.0,0.0,0.0,0.0,0.0,0.0,0.0,0.0,0.0,0.0,0.0,0.0,0.0,0.0,0.0,0.0,0.0,0.0,0.0,0.0,0.0,0.0,0.0,0.0,0.0,0.0,0.0,0.0,0.0,0.0,0.0,0.0,0.0,0.0,0.0,0.0,0.0,0.0,0.0,0.0,0.0,0.0,0.0,0.0,0.0,0.0,0.0,0.0,0.0,0.0,0.0,0.0,0.0,0.0,0.0,0.0,0.0,0.0
44,2019-07-01 07:56:26,2019-10-15 08:15:12,415,1,6502ec4ffee7e5a57498baaf330b80eb490d01c2,87ca68d63f4afd37d74b2f454430dfde9e862c6a,416,106 days 00:18:46,106.0130324074074,2019-10-17 15:24:45,2019-10-15 11:52:16,-3 days +20:27:31,-2.1475578703703704,8.0,7.9,0.8837209302325582,0.03488372093023256,0.08139534883720931,0.0,0.023255813953488372,1681.3837209302326,1805.5,2429.0,0.0,1302.7142857142858,1367.0,1571.0,921.0,1782.6315789473683,1906.0,2429.0,178.0,6.142857142857143,1.0,72,1,0.35714285714285715,0.0,5.0,0.0,1.2,1.0,2.0,0.0,0.07142857142857142,0.0,1.0,0.0,2.0,2.0,2.0,0.0,0.0,0.0,0.0,0.0,0.0,0.0,0.0,0.0,0.35714285714285715,0.0,5.0,0.0,1.2,1.0,2.0,0.0,0.07142857142857142,0.0,1.0,0.0,2.0,2.0,2.0,0.0,0.0,0.0,0.0,0.0,0.0,0.0,0.0,0.0,0.35714285714285715,0.0,5.0,0.0,1.2,1.0,2.0,0.0,0.07142857142857142,0.0,1.0,0.0,2.0,2.0,2.0,0.0,0.0,0.0,0.0,0.0,0.0,0.0,0.0,0.0
45,2019-07-10 12:20:33,2020-03-24 07:49:27,30,0,6818fad17ba67e97d395a8488d5412e00892d5e1,898a79cc7df01a9603c17f92b93e46ec62bc77d2,30,257 days 19:28:54,257.8117361111111,2019-10-17 15:24:48,2020-03-24 20:03:32,159 days 04:38:44,159.1935648148148,7.9.3,7.9.1,0.8333333333333334,0.0,0.0,0.16666666666666666,0.0,2971.777777777778,3039.5,3636.0,1881.0,,,,,2842.266666666667,2746.0,3588.0,1881.0,6.0,1.0,16,1,0.25,0.0,1.0,0.0,1.0,1.0,1.0,0.0,0.0,0.0,0.0,0.0,0.0,0.0,0.0,0.0,0.0,0.0,0.0,0.0,0.0,0.0,0.0,0.0,0.0,0.0,0.0,0.0,0.0,0.0,0.0,0.0,0.0,0.0,0.0,0.0,0.0,0.0,0.0,0.0,0.0,0.0,0.0,0.0,0.0,0.0,0.0,0.0,0.25,0.0,1.0,0.0,1.0,1.0,1.0,0.0,0.0,0.0,0.0,0.0,0.0,0.0,0.0,0.0,0.0,0.0,0.0,0.0,0.0,0.0,0.0,0.0
46,2020-03-24 07:49:27,2020-07-23 14:40:10,14,0,898a79cc7df01a9603c17f92b93e46ec62bc77d2,2f8d99a55899105cbf3e3170194c614c2a6ea4d7,14,121 days 06:50:43,121.2852199074074,2020-03-24 20:03:32,2020-07-23 20:05:45,121 days 00:02:13,121.00153935185185,7.9.4,7.9.3,0.9,0.0,0.0,0.1,0.0,2331.6,2297.5,3723.0,1607.0,,,,,2177.0,2271.0,2768.0,1607.0,5.0,5.0,9,1,0.0,0.0,0.0,0.0,0.0,0.0,0.0,0.0,0.0,0.0,0.0,0.0,0.0,0.0,0.0,0.0,0.0,0.0,0.0,0.0,0.0,0.0,0.0,0.0,0.0,0.0,0.0,0.0,0.0,0.0,0.0,0.0,0.0,0.0,0.0,0.0,0.0,0.0,0.0,0.0,0.0,0.0,0.0,0.0,0.0,0.0,0.0,0.0,0.0,0.0,0.0,0.0,0.0,0.0,0.0,0.0,0.0,0.0,0.0,0.0,0.0,0.0,0.0,0.0,0.0,0.0,0.0,0.0,0.0,0.0,0.0,0.0
47,2019-10-15 08:15:12,2019-12-17 12:29:34,196,0,87ca68d63f4afd37d74b2f454430dfde9e862c6a,65a7a7c34de5bff9aed7c3e58eb6dcc87ae34b57,196,63 days 04:14:22,63.17664351851853,2019-10-15 11:52:16,2019-12-17 15:52:53,63 days 04:00:37,63.16709490740741,8.1,8.0,0.9512195121951219,0.0,0.04878048780487805,0.0,0.0,2141.878048780488,2241.0,3239.0,1307.0,1345.5,1345.5,1384.0,1307.0,2182.7179487179487,2262.0,3239.0,1430.0,10.25,1.5,37,1,0.25,0.0,1.0,0.0,2.0,2.0,2.0,0.0,0.25,0.0,1.0,0.0,2.0,2.0,2.0,0.0,0.0,0.0,0.0,0.0,0.0,0.0,0.0,0.0,0.25,0.0,1.0,0.0,2.0,2.0,2.0,0.0,0.25,0.0,1.0,0.0,2.0,2.0,2.0,0.0,0.0,0.0,0.0,0.0,0.0,0.0,0.0,0.0,0.25,0.0,1.0,0.0,2.0,2.0,2.0,0.0,0.25,0.0,1.0,0.0,2.0,2.0,2.0,0.0,0.0,0.0,0.0,0.0,0.0,0.0,0.0,0.0
48,2019-12-17 12:29:34,2020-02-25 14:32:24,262,1,65a7a7c34de5bff9aed7c3e58eb6dcc87ae34b57,749367809478e5b7f60c6ef952436db9789b5882,263,70 days 02:02:50,70.08530092592592,2019-12-17 15:52:53,2020-02-26 10:41:20,70 days 18:48:27,70.78364583333334,8.2,8.1,0.8571428571428571,0.0,0.02857142857142857,0.11428571428571428,0.0,2453.8,2388.0,3610.0,179.0,1617.0,1617.0,1617.0,1617.0,2333.4333333333334,2365.0,3447.0,179.0,8.75,1.0,32,1,0.5,0.0,2.0,0.0,2.0,2.0,2.0,0.0,0.5,0.0,2.0,0.0,2.0,2.0,2.0,0.0,0.0,0.0,0.0,0.0,0.0,0.0,0.0,0.0,0.5,0.0,2.0,0.0,2.0,2.0,2.0,0.0,0.5,0.0,2.0,0.0,2.0,2.0,2.0,0.0,0.0,0.0,0.0,0.0,0.0,0.0,0.0,0.0,0.5,0.0,2.0,0.0,2.0,2.0,2.0,0.0,0.5,0.0,2.0,0.0,2.0,2.0,2.0,0.0,0.0,0.0,0.0,0.0,0.0,0.0,0.0,0.0
49,2020-02-25 14:32:24,2020-04-28 13:54:13,180,0,749367809478e5b7f60c6ef952436db9789b5882,9c58e36328ae79ad3c36c13aa253879351ce3613,180,62 days 23:21:49,62.97348379629629,2020-02-26 10:41:20,2020-04-28 20:03:32,62 days 09:22:12,62.39041666666667,8.3,8.2,0.7692307692307693,0.0,0.0,0.23076923076923078,0.0,2769.2820512820513,2750.0,3688.0,1927.0,,,,,2512.7,2389.0,3547.0,1927.0,13.0,1.0,37,1,0.25,0.0,1.0,0.0,9.0,9.0,9.0,0.0,0.25,0.0,1.0,0.0,9.0,9.0,9.0,0.0,0.25,0.0,1.0,0.0,9.0,9.0,9.0,0.0,0.25,0.0,1.0,0.0,9.0,9.0,9.0,0.0,0.25,0.0,1.0,0.0,9.0,9.0,9.0,0.0,0.25,0.0,1.0,0.0,9.0,9.0,9.0,0.0,0.25,0.0,1.0,0.0,9.0,9.0,9.0,0.0,0.25,0.0,1.0,0.0,9.0,9.0,9.0,0.0,0.25,0.0,1.0,0.0,9.0,9.0,9.0,0.0
50,2020-04-28 13:54:13,2020-05-07 12:09:22,3,0,9c58e36328ae79ad3c36c13aa253879351ce3613,b77ce511a2039330aea8832ad12e86a8cfa9ff7d,3,8 days 22:15:09,8.9271875,2020-04-28 20:03:32,2020-05-08 10:59:30,9 days 14:55:58,9.622199074074073,8.3.1,8.3,1.0,0.0,0.0,0.0,0.0,2169.5,2169.5,2176.0,2163.0,,,,,2169.5,2169.5,2176.0,2163.0,1.0,1.0,1,1,0.0,0.0,0.0,0.0,0.0,0.0,0.0,0.0,0.0,0.0,0.0,0.0,0.0,0.0,0.0,0.0,0.0,0.0,0.0,0.0,0.0,0.0,0.0,0.0,0.0,0.0,0.0,0.0,0.0,0.0,0.0,0.0,0.0,0.0,0.0,0.0,0.0,0.0,0.0,0.0,0.0,0.0,0.0,0.0,0.0,0.0,0.0,0.0,0.0,0.0,0.0,0.0,0.0,0.0,0.0,0.0,0.0,0.0,0.0,0.0,0.0,0.0,0.0,0.0,0.0,0.0,0.0,0.0,0.0,0.0,0.0,0.0
51,2020-04-28 13:54:13,2020-07-03 07:09:27,241,0,9c58e36328ae79ad3c36c13aa253879351ce3613,74b4533439f380827d68e8c01667eeaecad89fc7,241,65 days 17:15:14,65.71891203703704,2020-04-28 20:03:32,2020-07-03 20:05:22,66 days 00:01:50,66.00127314814813,8.4,8.3,1.0,0.0,0.0,0.0,0.0,2414.1052631578946,2414.5,3153.0,1814.0,,,,,2414.1052631578946,2414.5,3153.0,1814.0,12.666666666666666,1.0,36,1,0.0,0.0,0.0,0.0,0.0,0.0,0.0,0.0,0.0,0.0,0.0,0.0,0.0,0.0,0.0,0.0,0.0,0.0,0.0,0.0,0.0,0.0,0.0,0.0,0.0,0.0,0.0,0.0,0.0,0.0,0.0,0.0,0.0,0.0,0.0,0.0,0.0,0.0,0.0,0.0,0.0,0.0,0.0,0.0,0.0,0.0,0.0,0.0,0.0,0.0,0.0,0.0,0.0,0.0,0.0,0.0,0.0,0.0,0.0,0.0,0.0,0.0,0.0,0.0,0.0,0.0,0.0,0.0,0.0,0.0,0.0,0.0
52,2020-07-03 07:09:27,2020-07-14 08:13:18,6,0,74b4533439f380827d68e8c01667eeaecad89fc7,a0d372f704998d38856c26e28662fd7de062f873,6,11 days 01:03:51,11.044340277777774,2020-07-03 20:05:22,2020-07-14 12:11:47,10 days 16:06:25,10.671122685185184,8.4.1,8.4,1.0,0.0,0.0,0.0,0.0,2617.5,2617.5,2647.0,2588.0,,,,,2617.5,2617.5,2647.0,2588.0,1.0,1.0,1,1,0.0,0.0,0.0,0.0,0.0,0.0,0.0,0.0,0.0,0.0,0.0,0.0,0.0,0.0,0.0,0.0,0.0,0.0,0.0,0.0,0.0,0.0,0.0,0.0,0.0,0.0,0.0,0.0,0.0,0.0,0.0,0.0,0.0,0.0,0.0,0.0,0.0,0.0,0.0,0.0,0.0,0.0,0.0,0.0,0.0,0.0,0.0,0.0,0.0,0.0,0.0,0.0,0.0,0.0,0.0,0.0,0.0,0.0,0.0,0.0,0.0,0.0,0.0,0.0,0.0,0.0,0.0,0.0,0.0,0.0,0.0,0.0
53,2020-07-14 08:13:18,2020-08-27 14:11:31,4,0,a0d372f704998d38856c26e28662fd7de062f873,2de1f343e3dbd9e88007b42e475512677c04eb8a,4,44 days 05:58:13,44.24876157407408,2020-07-14 12:11:47,2020-08-28 11:43:56,44 days 23:32:09,44.98065972222222,8.4.2,8.4.1,1.0,0.0,0.0,0.0,0.0,2804.0,2804.0,2847.0,2761.0,,,,,2804.0,2804.0,2847.0,2761.0,1.0,1.0,1,1,0.0,0.0,0.0,0.0,0.0,0.0,0.0,0.0,0.0,0.0,0.0,0.0,0.0,0.0,0.0,0.0,0.0,0.0,0.0,0.0,0.0,0.0,0.0,0.0,0.0,0.0,0.0,0.0,0.0,0.0,0.0,0.0,0.0,0.0,0.0,0.0,0.0,0.0,0.0,0.0,0.0,0.0,0.0,0.0,0.0,0.0,0.0,0.0,0.0,0.0,0.0,0.0,0.0,0.0,0.0,0.0,0.0,0.0,0.0,0.0,0.0,0.0,0.0,0.0,0.0,0.0,0.0,0.0,0.0,0.0,0.0,0.0
